Times reported are CPU and Wall-clock times for each module
Mon Aug 24 14:54:24 2026: Image # 1, module Images # 1: CPU_time = 0.00 secs, Wall_time = 0.00 secs
Mon Aug 24 14:54:24 2026: Image # 1, module Metadata # 2: CPU_time = 0.00 secs, Wall_time = 0.00 secs
Mon Aug 24 14:54:24 2026: Image # 1, module NamesAndTypes # 3: CPU_time = 5.72 secs, Wall_time = 4.75 secs
Mon Aug 24 14:54:28 2026: Image # 1, module Groups # 4: CPU_time = 0.00 secs, Wall_time = 0.00 secs
Mon Aug 24 14:54:28 2026: Image # 1, module FilterObjects # 5: CPU_time = 1.53 secs, Wall_time = 1.52 secs
Mon Aug 24 14:54:30 2026: Image # 1, module FilterObjects # 6: CPU_time = 1.45 secs, Wall_time = 1.44 secs
Mon Aug 24 14:54:31 2026: Image # 1, module MaskImage # 7: CPU_time = 0.13 secs, Wall_time = 0.13 secs
Mon Aug 24 14:54:31 2026: Image # 1, module MaskImage # 8: CPU_time = 0.26 secs, Wall_time = 0.12 secs
Mon Aug 24 14:54:32 2026: Image # 1, module MaskObjects # 9: CPU_time = 0.66 secs, Wall_time = 0.64 secs
Mon Aug 24 14:54:32 2026: Image # 1, module ExpandOrShrinkObjects # 10: CPU_time = 1.24 secs, Wall_time = 1.24 secs
Mon Aug 24 14:54:33 2026: Image # 1, module ExpandOrShrinkObjects # 11: CPU_time = 1.33 secs, Wall_time = 1.33 secs
Mon Aug 24 14:54:35 2026: Image # 1, module MaskObjects # 12: CPU_time = 0.70 secs, Wall_time = 0.71 secs
Mon Aug 24 14:54:35 2026: Image # 1, module EnhanceOrSuppressFeatures # 13: CPU_time = 1.12 secs, Wall_time = 1.13 secs
Mon Aug 24 14:54:37 2026: Image # 1, module IdentifyPrimaryObjects # 14: CPU_time = 4.58 secs, Wall_time = 4.57 secs
Mon Aug 24 14:54:41 2026: Image # 1, module MaskObjects # 15: CPU_time = 0.63 secs, Wall_time = 0.63 secs
Mon Aug 24 14:54:42 2026: Image # 1, module RelateObjects # 16: CPU_time = 1.20 secs, Wall_time = 1.20 secs
Mon Aug 24 14:54:43 2026: Image # 1, module RelateObjects # 17: CPU_time = 1.19 secs, Wall_time = 1.20 secs
Mon Aug 24 14:54:44 2026: Image # 1, module MeasureObjectIntensity # 18: CPU_time = 18.22 secs, Wall_time = 18.20 secs
Mon Aug 24 14:55:02 2026: Image # 1, module RelateObjects # 19: CPU_time = 0.24 secs, Wall_time = 0.24 secs
Mon Aug 24 14:55:03 2026: Image # 1, module ExportToSpreadsheet # 20: CPU_time = 0.01 secs, Wall_time = 0.00 secs
Mon Aug 24 14:55:03 2026: Image # 2, module Images # 1: CPU_time = 0.00 secs, Wall_time = 0.00 secs
Mon Aug 24 14:55:03 2026: Image # 2, module Metadata # 2: CPU_time = 0.00 secs, Wall_time = 0.00 secs
Mon Aug 24 14:55:03 2026: Image # 2, module NamesAndTypes # 3: CPU_time = 5.01 secs, Wall_time = 4.75 secs
Mon Aug 24 14:55:07 2026: Image # 2, module Groups # 4: CPU_time = 0.00 secs, Wall_time = 0.00 secs
Mon Aug 24 14:55:07 2026: Image # 2, module FilterObjects # 5: CPU_time = 1.68 secs, Wall_time = 1.68 secs
Mon Aug 24 14:55:09 2026: Image # 2, module FilterObjects # 6: CPU_time = 1.61 secs, Wall_time = 1.60 secs
Mon Aug 24 14:55:11 2026: Image # 2, module MaskImage # 7: CPU_time = 0.33 secs, Wall_time = 0.15 secs
Mon Aug 24 14:55:11 2026: Image # 2, module MaskImage # 8: CPU_time = 0.14 secs, Wall_time = 0.12 secs
Mon Aug 24 14:55:11 2026: Image # 2, module MaskObjects # 9: CPU_time = 0.62 secs, Wall_time = 0.63 secs
Mon Aug 24 14:55:12 2026: Image # 2, module ExpandOrShrinkObjects # 10: CPU_time = 1.28 secs, Wall_time = 1.28 secs
Mon Aug 24 14:55:13 2026: Image # 2, module ExpandOrShrinkObjects # 11: CPU_time = 1.36 secs, Wall_time = 1.36 secs
Mon Aug 24 14:55:14 2026: Image # 2, module MaskObjects # 12: CPU_time = 0.69 secs, Wall_time = 0.68 secs
Mon Aug 24 14:55:15 2026: Image # 2, module EnhanceOrSuppressFeatures # 13: CPU_time = 1.12 secs, Wall_time = 1.12 secs
Mon Aug 24 14:55:16 2026: Image # 2, module IdentifyPrimaryObjects # 14: CPU_time = 4.68 secs, Wall_time = 4.67 secs
Mon Aug 24 14:55:21 2026: Image # 2, module MaskObjects # 15: CPU_time = 0.56 secs, Wall_time = 0.56 secs
Mon Aug 24 14:55:21 2026: Image # 2, module RelateObjects # 16: CPU_time = 1.47 secs, Wall_time = 1.47 secs
Mon Aug 24 14:55:23 2026: Image # 2, module RelateObjects # 17: CPU_time = 1.55 secs, Wall_time = 1.55 secs
Mon Aug 24 14:55:24 2026: Image # 2, module MeasureObjectIntensity # 18: CPU_time = 19.18 secs, Wall_time = 19.18 secs
Mon Aug 24 14:55:44 2026: Image # 2, module RelateObjects # 19: CPU_time = 0.35 secs, Wall_time = 0.34 secs
Mon Aug 24 14:55:44 2026: Image # 2, module ExportToSpreadsheet # 20: CPU_time = 0.00 secs, Wall_time = 0.00 secs
Mon Aug 24 14:55:44 2026: Image # 3, module Images # 1: CPU_time = 0.00 secs, Wall_time = 0.00 secs
Mon Aug 24 14:55:44 2026: Image # 3, module Metadata # 2: CPU_time = 0.00 secs, Wall_time = 0.00 secs
Mon Aug 24 14:55:44 2026: Image # 3, module NamesAndTypes # 3: CPU_time = 4.40 secs, Wall_time = 4.94 secs
Mon Aug 24 14:55:49 2026: Image # 3, module Groups # 4: CPU_time = 0.00 secs, Wall_time = 0.00 secs
Mon Aug 24 14:55:49 2026: Image # 3, module FilterObjects # 5: CPU_time = 1.60 secs, Wall_time = 1.60 secs
Mon Aug 24 14:55:50 2026: Image # 3, module FilterObjects # 6: CPU_time = 1.57 secs, Wall_time = 1.56 secs
Mon Aug 24 14:55:52 2026: Image # 3, module MaskImage # 7: CPU_time = 0.13 secs, Wall_time = 0.12 secs
Mon Aug 24 14:55:52 2026: Image # 3, module MaskImage # 8: CPU_time = 0.26 secs, Wall_time = 0.12 secs
Mon Aug 24 14:55:52 2026: Image # 3, module MaskObjects # 9: CPU_time = 0.62 secs, Wall_time = 0.59 secs
Mon Aug 24 14:55:53 2026: Image # 3, module ExpandOrShrinkObjects # 10: CPU_time = 1.21 secs, Wall_time = 1.21 secs
Mon Aug 24 14:55:54 2026: Image # 3, module ExpandOrShrinkObjects # 11: CPU_time = 1.20 secs, Wall_time = 1.20 secs
Mon Aug 24 14:55:55 2026: Image # 3, module MaskObjects # 12: CPU_time = 0.73 secs, Wall_time = 0.73 secs
Mon Aug 24 14:55:56 2026: Image # 3, module EnhanceOrSuppressFeatures # 13: CPU_time = 1.11 secs, Wall_time = 1.12 secs
Mon Aug 24 14:55:57 2026: Image # 3, module IdentifyPrimaryObjects # 14: CPU_time = 5.01 secs, Wall_time = 5.03 secs
Mon Aug 24 14:56:02 2026: Image # 3, module MaskObjects # 15: CPU_time = 0.53 secs, Wall_time = 0.53 secs
Mon Aug 24 14:56:03 2026: Image # 3, module RelateObjects # 16: CPU_time = 1.58 secs, Wall_time = 1.59 secs
Mon Aug 24 14:56:04 2026: Image # 3, module RelateObjects # 17: CPU_time = 1.56 secs, Wall_time = 1.56 secs
Mon Aug 24 14:56:06 2026: Image # 3, module MeasureObjectIntensity # 18: CPU_time = 19.54 secs, Wall_time = 19.53 secs
Mon Aug 24 14:56:25 2026: Image # 3, module RelateObjects # 19: CPU_time = 0.31 secs, Wall_time = 0.31 secs
Mon Aug 24 14:56:26 2026: Image # 3, module ExportToSpreadsheet # 20: CPU_time = 0.00 secs, Wall_time = 0.00 secs
Mon Aug 24 14:56:26 2026: Image # 4, module Images # 1: CPU_time = 0.00 secs, Wall_time = 0.00 secs
Mon Aug 24 14:56:26 2026: Image # 4, module Metadata # 2: CPU_time = 0.00 secs, Wall_time = 0.00 secs
Mon Aug 24 14:56:26 2026: Image # 4, module NamesAndTypes # 3: CPU_time = 4.57 secs, Wall_time = 4.28 secs
Mon Aug 24 14:56:30 2026: Image # 4, module Groups # 4: CPU_time = 0.00 secs, Wall_time = 0.00 secs
Mon Aug 24 14:56:30 2026: Image # 4, module FilterObjects # 5: CPU_time = 1.71 secs, Wall_time = 1.70 secs
Mon Aug 24 14:56:32 2026: Image # 4, module FilterObjects # 6: CPU_time = 1.56 secs, Wall_time = 1.56 secs
Mon Aug 24 14:56:33 2026: Image # 4, module MaskImage # 7: CPU_time = 0.25 secs, Wall_time = 0.11 secs
Mon Aug 24 14:56:33 2026: Image # 4, module MaskImage # 8: CPU_time = 0.12 secs, Wall_time = 0.11 secs
Mon Aug 24 14:56:33 2026: Image # 4, module MaskObjects # 9: CPU_time = 0.66 secs, Wall_time = 0.66 secs
Mon Aug 24 14:56:34 2026: Image # 4, module ExpandOrShrinkObjects # 10: CPU_time = 1.22 secs, Wall_time = 1.23 secs
Mon Aug 24 14:56:35 2026: Image # 4, module ExpandOrShrinkObjects # 11: CPU_time = 1.18 secs, Wall_time = 1.19 secs
Mon Aug 24 14:56:37 2026: Image # 4, module MaskObjects # 12: CPU_time = 0.69 secs, Wall_time = 0.69 secs
Mon Aug 24 14:56:37 2026: Image # 4, module EnhanceOrSuppressFeatures # 13: CPU_time = 1.12 secs, Wall_time = 1.11 secs
Mon Aug 24 14:56:38 2026: Image # 4, module IdentifyPrimaryObjects # 14: CPU_time = 4.94 secs, Wall_time = 4.95 secs
Mon Aug 24 14:56:43 2026: Image # 4, module MaskObjects # 15: CPU_time = 0.53 secs, Wall_time = 0.53 secs
Mon Aug 24 14:56:44 2026: Image # 4, module RelateObjects # 16: CPU_time = 1.48 secs, Wall_time = 1.47 secs
Mon Aug 24 14:56:45 2026: Image # 4, module RelateObjects # 17: CPU_time = 1.49 secs, Wall_time = 1.49 secs
Mon Aug 24 14:56:47 2026: Image # 4, module MeasureObjectIntensity # 18: CPU_time = 19.83 secs, Wall_time = 19.81 secs
Mon Aug 24 14:57:07 2026: Image # 4, module RelateObjects # 19: CPU_time = 0.37 secs, Wall_time = 0.36 secs
Mon Aug 24 14:57:07 2026: Image # 4, module ExportToSpreadsheet # 20: CPU_time = 0.00 secs, Wall_time = 0.00 secs
Mon Aug 24 14:57:07 2026: Image # 5, module Images # 1: CPU_time = 0.00 secs, Wall_time = 0.00 secs
Mon Aug 24 14:57:07 2026: Image # 5, module Metadata # 2: CPU_time = 0.00 secs, Wall_time = 0.00 secs
Mon Aug 24 14:57:07 2026: Image # 5, module NamesAndTypes # 3: CPU_time = 4.26 secs, Wall_time = 4.27 secs
Mon Aug 24 14:57:11 2026: Image # 5, module Groups # 4: CPU_time = 0.00 secs, Wall_time = 0.00 secs
Mon Aug 24 14:57:11 2026: Image # 5, module FilterObjects # 5: CPU_time = 1.55 secs, Wall_time = 1.55 secs
Mon Aug 24 14:57:13 2026: Image # 5, module FilterObjects # 6: CPU_time = 1.38 secs, Wall_time = 1.38 secs
Mon Aug 24 14:57:14 2026: Image # 5, module MaskImage # 7: CPU_time = 0.24 secs, Wall_time = 0.11 secs
Mon Aug 24 14:57:14 2026: Image # 5, module MaskImage # 8: CPU_time = 0.12 secs, Wall_time = 0.11 secs
Mon Aug 24 14:57:14 2026: Image # 5, module MaskObjects # 9: CPU_time = 0.52 secs, Wall_time = 0.52 secs
Mon Aug 24 14:57:15 2026: Image # 5, module ExpandOrShrinkObjects # 10: CPU_time = 0.86 secs, Wall_time = 0.85 secs
Mon Aug 24 14:57:16 2026: Image # 5, module ExpandOrShrinkObjects # 11: CPU_time = 0.93 secs, Wall_time = 0.93 secs
Mon Aug 24 14:57:17 2026: Image # 5, module MaskObjects # 12: CPU_time = 0.58 secs, Wall_time = 0.57 secs
Mon Aug 24 14:57:17 2026: Image # 5, module EnhanceOrSuppressFeatures # 13: CPU_time = 1.08 secs, Wall_time = 1.08 secs
Mon Aug 24 14:57:18 2026: Image # 5, module IdentifyPrimaryObjects # 14: CPU_time = 4.44 secs, Wall_time = 4.44 secs
Mon Aug 24 14:57:23 2026: Image # 5, module MaskObjects # 15: CPU_time = 0.52 secs, Wall_time = 0.52 secs
Mon Aug 24 14:57:23 2026: Image # 5, module RelateObjects # 16: CPU_time = 1.33 secs, Wall_time = 1.33 secs
Mon Aug 24 14:57:25 2026: Image # 5, module RelateObjects # 17: CPU_time = 1.40 secs, Wall_time = 1.39 secs
Mon Aug 24 14:57:26 2026: Image # 5, module MeasureObjectIntensity # 18: CPU_time = 18.58 secs, Wall_time = 18.57 secs
Mon Aug 24 14:57:45 2026: Image # 5, module RelateObjects # 19: CPU_time = 0.28 secs, Wall_time = 0.28 secs
Mon Aug 24 14:57:45 2026: Image # 5, module ExportToSpreadsheet # 20: CPU_time = 0.00 secs, Wall_time = 0.00 secs
Mon Aug 24 14:57:45 2026: Image # 6, module Images # 1: CPU_time = 0.00 secs, Wall_time = 0.00 secs
Mon Aug 24 14:57:45 2026: Image # 6, module Metadata # 2: CPU_time = 0.00 secs, Wall_time = 0.00 secs
Mon Aug 24 14:57:45 2026: Image # 6, module NamesAndTypes # 3: CPU_time = 4.41 secs, Wall_time = 4.41 secs
Mon Aug 24 14:57:49 2026: Image # 6, module Groups # 4: CPU_time = 0.00 secs, Wall_time = 0.00 secs
Mon Aug 24 14:57:49 2026: Image # 6, module FilterObjects # 5: CPU_time = 1.48 secs, Wall_time = 1.48 secs
Mon Aug 24 14:57:51 2026: Image # 6, module FilterObjects # 6: CPU_time = 1.49 secs, Wall_time = 1.48 secs
Mon Aug 24 14:57:52 2026: Image # 6, module MaskImage # 7: CPU_time = 0.24 secs, Wall_time = 0.11 secs
Mon Aug 24 14:57:53 2026: Image # 6, module MaskImage # 8: CPU_time = 0.16 secs, Wall_time = 0.12 secs
Mon Aug 24 14:57:53 2026: Image # 6, module MaskObjects # 9: CPU_time = 0.71 secs, Wall_time = 0.71 secs
Mon Aug 24 14:57:53 2026: Image # 6, module ExpandOrShrinkObjects # 10: CPU_time = 1.21 secs, Wall_time = 1.20 secs
Mon Aug 24 14:57:55 2026: Image # 6, module ExpandOrShrinkObjects # 11: CPU_time = 1.40 secs, Wall_time = 1.40 secs
Mon Aug 24 14:57:56 2026: Image # 6, module MaskObjects # 12: CPU_time = 0.79 secs, Wall_time = 0.79 secs
Mon Aug 24 14:57:57 2026: Image # 6, module EnhanceOrSuppressFeatures # 13: CPU_time = 1.10 secs, Wall_time = 1.09 secs
Mon Aug 24 14:57:58 2026: Image # 6, module IdentifyPrimaryObjects # 14: CPU_time = 5.21 secs, Wall_time = 5.22 secs
Mon Aug 24 14:58:03 2026: Image # 6, module MaskObjects # 15: CPU_time = 0.55 secs, Wall_time = 0.55 secs
Mon Aug 24 14:58:04 2026: Image # 6, module RelateObjects # 16: CPU_time = 1.45 secs, Wall_time = 1.46 secs
Mon Aug 24 14:58:05 2026: Image # 6, module RelateObjects # 17: CPU_time = 1.49 secs, Wall_time = 1.49 secs
Mon Aug 24 14:58:07 2026: Image # 6, module MeasureObjectIntensity # 18: CPU_time = 19.12 secs, Wall_time = 19.13 secs
Mon Aug 24 14:58:26 2026: Image # 6, module RelateObjects # 19: CPU_time = 0.30 secs, Wall_time = 0.29 secs
Mon Aug 24 14:58:26 2026: Image # 6, module ExportToSpreadsheet # 20: CPU_time = 0.00 secs, Wall_time = 0.00 secs
Mon Aug 24 14:58:26 2026: Image # 7, module Images # 1: CPU_time = 0.00 secs, Wall_time = 0.00 secs
Mon Aug 24 14:58:26 2026: Image # 7, module Metadata # 2: CPU_time = 0.00 secs, Wall_time = 0.00 secs
Mon Aug 24 14:58:26 2026: Image # 7, module NamesAndTypes # 3: CPU_time = 4.73 secs, Wall_time = 5.03 secs
Mon Aug 24 14:58:31 2026: Image # 7, module Groups # 4: CPU_time = 0.00 secs, Wall_time = 0.00 secs
Mon Aug 24 14:58:31 2026: Image # 7, module FilterObjects # 5: CPU_time = 1.84 secs, Wall_time = 1.83 secs
Mon Aug 24 14:58:33 2026: Image # 7, module FilterObjects # 6: CPU_time = 1.67 secs, Wall_time = 1.68 secs
Mon Aug 24 14:58:35 2026: Image # 7, module MaskImage # 7: CPU_time = 0.24 secs, Wall_time = 0.11 secs
Mon Aug 24 14:58:35 2026: Image # 7, module MaskImage # 8: CPU_time = 0.12 secs, Wall_time = 0.11 secs
Mon Aug 24 14:58:35 2026: Image # 7, module MaskObjects # 9: CPU_time = 0.72 secs, Wall_time = 0.73 secs
Mon Aug 24 14:58:36 2026: Image # 7, module ExpandOrShrinkObjects # 10: CPU_time = 1.44 secs, Wall_time = 1.44 secs
Mon Aug 24 14:58:37 2026: Image # 7, module ExpandOrShrinkObjects # 11: CPU_time = 1.52 secs, Wall_time = 1.51 secs
Mon Aug 24 14:58:38 2026: Image # 7, module MaskObjects # 12: CPU_time = 0.74 secs, Wall_time = 0.74 secs
Mon Aug 24 14:58:39 2026: Image # 7, module EnhanceOrSuppressFeatures # 13: CPU_time = 1.12 secs, Wall_time = 1.11 secs
Mon Aug 24 14:58:40 2026: Image # 7, module IdentifyPrimaryObjects # 14: CPU_time = 5.30 secs, Wall_time = 5.31 secs
Mon Aug 24 14:58:46 2026: Image # 7, module MaskObjects # 15: CPU_time = 0.54 secs, Wall_time = 0.53 secs
Mon Aug 24 14:58:46 2026: Image # 7, module RelateObjects # 16: CPU_time = 1.31 secs, Wall_time = 1.31 secs
Mon Aug 24 14:58:47 2026: Image # 7, module RelateObjects # 17: CPU_time = 1.29 secs, Wall_time = 1.28 secs
Mon Aug 24 14:58:49 2026: Image # 7, module MeasureObjectIntensity # 18: CPU_time = 18.91 secs, Wall_time = 18.89 secs
Mon Aug 24 14:59:08 2026: Image # 7, module RelateObjects # 19: CPU_time = 0.32 secs, Wall_time = 0.33 secs
Mon Aug 24 14:59:08 2026: Image # 7, module ExportToSpreadsheet # 20: CPU_time = 0.00 secs, Wall_time = 0.00 secs
Mon Aug 24 14:59:08 2026: Image # 8, module Images # 1: CPU_time = 0.00 secs, Wall_time = 0.00 secs
Mon Aug 24 14:59:08 2026: Image # 8, module Metadata # 2: CPU_time = 0.00 secs, Wall_time = 0.00 secs
Mon Aug 24 14:59:08 2026: Image # 8, module NamesAndTypes # 3: CPU_time = 4.43 secs, Wall_time = 4.13 secs
Mon Aug 24 14:59:12 2026: Image # 8, module Groups # 4: CPU_time = 0.00 secs, Wall_time = 0.00 secs
Mon Aug 24 14:59:12 2026: Image # 8, module FilterObjects # 5: CPU_time = 1.53 secs, Wall_time = 1.52 secs
Mon Aug 24 14:59:14 2026: Image # 8, module FilterObjects # 6: CPU_time = 1.43 secs, Wall_time = 1.42 secs
Mon Aug 24 14:59:15 2026: Image # 8, module MaskImage # 7: CPU_time = 0.23 secs, Wall_time = 0.10 secs
Mon Aug 24 14:59:15 2026: Image # 8, module MaskImage # 8: CPU_time = 0.12 secs, Wall_time = 0.10 secs
Mon Aug 24 14:59:15 2026: Image # 8, module MaskObjects # 9: CPU_time = 0.70 secs, Wall_time = 0.70 secs
Mon Aug 24 14:59:16 2026: Image # 8, module ExpandOrShrinkObjects # 10: CPU_time = 1.56 secs, Wall_time = 1.56 secs
Mon Aug 24 14:59:18 2026: Image # 8, module ExpandOrShrinkObjects # 11: CPU_time = 1.47 secs, Wall_time = 1.47 secs
Mon Aug 24 14:59:19 2026: Image # 8, module MaskObjects # 12: CPU_time = 0.65 secs, Wall_time = 0.65 secs
Mon Aug 24 14:59:20 2026: Image # 8, module EnhanceOrSuppressFeatures # 13: CPU_time = 1.09 secs, Wall_time = 1.10 secs
Mon Aug 24 14:59:21 2026: Image # 8, module IdentifyPrimaryObjects # 14: CPU_time = 5.03 secs, Wall_time = 5.02 secs
Mon Aug 24 14:59:26 2026: Image # 8, module MaskObjects # 15: CPU_time = 0.68 secs, Wall_time = 0.68 secs
Mon Aug 24 14:59:26 2026: Image # 8, module RelateObjects # 16: CPU_time = 1.59 secs, Wall_time = 1.59 secs
Mon Aug 24 14:59:28 2026: Image # 8, module RelateObjects # 17: CPU_time = 1.70 secs, Wall_time = 1.69 secs
Mon Aug 24 14:59:30 2026: Image # 8, module MeasureObjectIntensity # 18: CPU_time = 20.84 secs, Wall_time = 20.82 secs
Mon Aug 24 14:59:51 2026: Image # 8, module RelateObjects # 19: CPU_time = 0.29 secs, Wall_time = 0.29 secs
Mon Aug 24 14:59:51 2026: Image # 8, module ExportToSpreadsheet # 20: CPU_time = 0.01 secs, Wall_time = 0.00 secs
Mon Aug 24 14:59:51 2026: Image # 9, module Images # 1: CPU_time = 0.00 secs, Wall_time = 0.00 secs
Mon Aug 24 14:59:51 2026: Image # 9, module Metadata # 2: CPU_time = 0.00 secs, Wall_time = 0.00 secs
Mon Aug 24 14:59:51 2026: Image # 9, module NamesAndTypes # 3: CPU_time = 4.83 secs, Wall_time = 4.84 secs
Mon Aug 24 14:59:56 2026: Image # 9, module Groups # 4: CPU_time = 0.00 secs, Wall_time = 0.00 secs
Mon Aug 24 14:59:56 2026: Image # 9, module FilterObjects # 5: CPU_time = 1.53 secs, Wall_time = 1.54 secs
Mon Aug 24 14:59:57 2026: Image # 9, module FilterObjects # 6: CPU_time = 1.53 secs, Wall_time = 1.52 secs
Mon Aug 24 14:59:59 2026: Image # 9, module MaskImage # 7: CPU_time = 0.26 secs, Wall_time = 0.13 secs
Mon Aug 24 14:59:59 2026: Image # 9, module MaskImage # 8: CPU_time = 0.12 secs, Wall_time = 0.11 secs
Mon Aug 24 14:59:59 2026: Image # 9, module MaskObjects # 9: CPU_time = 0.65 secs, Wall_time = 0.65 secs
Mon Aug 24 15:00:00 2026: Image # 9, module ExpandOrShrinkObjects # 10: CPU_time = 1.50 secs, Wall_time = 1.50 secs
Mon Aug 24 15:00:01 2026: Image # 9, module ExpandOrShrinkObjects # 11: CPU_time = 1.55 secs, Wall_time = 1.54 secs
Mon Aug 24 15:00:03 2026: Image # 9, module MaskObjects # 12: CPU_time = 0.74 secs, Wall_time = 0.74 secs
Mon Aug 24 15:00:04 2026: Image # 9, module EnhanceOrSuppressFeatures # 13: CPU_time = 1.12 secs, Wall_time = 1.12 secs
Mon Aug 24 15:00:05 2026: Image # 9, module IdentifyPrimaryObjects # 14: CPU_time = 5.03 secs, Wall_time = 5.04 secs
Mon Aug 24 15:00:10 2026: Image # 9, module MaskObjects # 15: CPU_time = 0.52 secs, Wall_time = 0.52 secs
Mon Aug 24 15:00:10 2026: Image # 9, module RelateObjects # 16: CPU_time = 1.22 secs, Wall_time = 1.22 secs
Mon Aug 24 15:00:11 2026: Image # 9, module RelateObjects # 17: CPU_time = 1.35 secs, Wall_time = 1.35 secs
Mon Aug 24 15:00:13 2026: Image # 9, module MeasureObjectIntensity # 18: CPU_time = 18.81 secs, Wall_time = 18.81 secs
Mon Aug 24 15:00:32 2026: Image # 9, module RelateObjects # 19: CPU_time = 0.25 secs, Wall_time = 0.26 secs
Mon Aug 24 15:00:32 2026: Image # 9, module ExportToSpreadsheet # 20: CPU_time = 0.00 secs, Wall_time = 0.00 secs
Mon Aug 24 15:00:32 2026: Image # 10, module Images # 1: CPU_time = 0.00 secs, Wall_time = 0.00 secs
Mon Aug 24 15:00:32 2026: Image # 10, module Metadata # 2: CPU_time = 0.00 secs, Wall_time = 0.00 secs
Mon Aug 24 15:00:32 2026: Image # 10, module NamesAndTypes # 3: CPU_time = 4.58 secs, Wall_time = 4.50 secs
Mon Aug 24 15:00:36 2026: Image # 10, module Groups # 4: CPU_time = 0.00 secs, Wall_time = 0.00 secs
Mon Aug 24 15:00:36 2026: Image # 10, module FilterObjects # 5: CPU_time = 1.50 secs, Wall_time = 1.50 secs
Mon Aug 24 15:00:38 2026: Image # 10, module FilterObjects # 6: CPU_time = 1.44 secs, Wall_time = 1.44 secs
Mon Aug 24 15:00:39 2026: Image # 10, module MaskImage # 7: CPU_time = 0.23 secs, Wall_time = 0.11 secs
Mon Aug 24 15:00:39 2026: Image # 10, module MaskImage # 8: CPU_time = 0.12 secs, Wall_time = 0.11 secs
Mon Aug 24 15:00:40 2026: Image # 10, module MaskObjects # 9: CPU_time = 0.68 secs, Wall_time = 0.67 secs
Mon Aug 24 15:00:40 2026: Image # 10, module ExpandOrShrinkObjects # 10: CPU_time = 1.43 secs, Wall_time = 1.44 secs
Mon Aug 24 15:00:42 2026: Image # 10, module ExpandOrShrinkObjects # 11: CPU_time = 1.40 secs, Wall_time = 1.40 secs
Mon Aug 24 15:00:43 2026: Image # 10, module MaskObjects # 12: CPU_time = 0.77 secs, Wall_time = 0.77 secs
Mon Aug 24 15:00:44 2026: Image # 10, module EnhanceOrSuppressFeatures # 13: CPU_time = 1.10 secs, Wall_time = 1.10 secs
Mon Aug 24 15:00:45 2026: Image # 10, module IdentifyPrimaryObjects # 14: CPU_time = 4.85 secs, Wall_time = 4.86 secs
Mon Aug 24 15:00:50 2026: Image # 10, module MaskObjects # 15: CPU_time = 0.51 secs, Wall_time = 0.52 secs
Mon Aug 24 15:00:50 2026: Image # 10, module RelateObjects # 16: CPU_time = 1.14 secs, Wall_time = 1.13 secs
Mon Aug 24 15:00:51 2026: Image # 10, module RelateObjects # 17: CPU_time = 1.20 secs, Wall_time = 1.20 secs
Mon Aug 24 15:00:53 2026: Image # 10, module MeasureObjectIntensity # 18: CPU_time = 18.15 secs, Wall_time = 18.15 secs
Mon Aug 24 15:01:11 2026: Image # 10, module RelateObjects # 19: CPU_time = 0.26 secs, Wall_time = 0.25 secs
Mon Aug 24 15:01:11 2026: Image # 10, module ExportToSpreadsheet # 20: CPU_time = 0.00 secs, Wall_time = 0.00 secs
Mon Aug 24 15:01:11 2026: Image # 11, module Images # 1: CPU_time = 0.00 secs, Wall_time = 0.00 secs
Mon Aug 24 15:01:11 2026: Image # 11, module Metadata # 2: CPU_time = 0.00 secs, Wall_time = 0.00 secs
Mon Aug 24 15:01:11 2026: Image # 11, module NamesAndTypes # 3: CPU_time = 4.41 secs, Wall_time = 4.03 secs
Mon Aug 24 15:01:15 2026: Image # 11, module Groups # 4: CPU_time = 0.00 secs, Wall_time = 0.00 secs
Mon Aug 24 15:01:15 2026: Image # 11, module FilterObjects # 5: CPU_time = 1.47 secs, Wall_time = 1.48 secs
Mon Aug 24 15:01:17 2026: Image # 11, module FilterObjects # 6: CPU_time = 1.38 secs, Wall_time = 1.38 secs
Mon Aug 24 15:01:18 2026: Image # 11, module MaskImage # 7: CPU_time = 0.22 secs, Wall_time = 0.10 secs
Mon Aug 24 15:01:18 2026: Image # 11, module MaskImage # 8: CPU_time = 0.12 secs, Wall_time = 0.10 secs
Mon Aug 24 15:01:18 2026: Image # 11, module MaskObjects # 9: CPU_time = 0.52 secs, Wall_time = 0.52 secs
Mon Aug 24 15:01:19 2026: Image # 11, module ExpandOrShrinkObjects # 10: CPU_time = 1.03 secs, Wall_time = 1.03 secs
Mon Aug 24 15:01:20 2026: Image # 11, module ExpandOrShrinkObjects # 11: CPU_time = 1.06 secs, Wall_time = 1.06 secs
Mon Aug 24 15:01:21 2026: Image # 11, module MaskObjects # 12: CPU_time = 0.56 secs, Wall_time = 0.56 secs
Mon Aug 24 15:01:21 2026: Image # 11, module EnhanceOrSuppressFeatures # 13: CPU_time = 1.09 secs, Wall_time = 1.08 secs
Mon Aug 24 15:01:23 2026: Image # 11, module IdentifyPrimaryObjects # 14: CPU_time = 4.84 secs, Wall_time = 4.85 secs
Mon Aug 24 15:01:27 2026: Image # 11, module MaskObjects # 15: CPU_time = 0.70 secs, Wall_time = 0.70 secs
Mon Aug 24 15:01:28 2026: Image # 11, module RelateObjects # 16: CPU_time = 1.51 secs, Wall_time = 1.50 secs
Mon Aug 24 15:01:30 2026: Image # 11, module RelateObjects # 17: CPU_time = 1.56 secs, Wall_time = 1.56 secs
Mon Aug 24 15:01:31 2026: Image # 11, module MeasureObjectIntensity # 18: CPU_time = 20.26 secs, Wall_time = 20.25 secs
Mon Aug 24 15:01:51 2026: Image # 11, module RelateObjects # 19: CPU_time = 0.27 secs, Wall_time = 0.28 secs
Mon Aug 24 15:01:52 2026: Image # 11, module ExportToSpreadsheet # 20: CPU_time = 0.00 secs, Wall_time = 0.00 secs
Mon Aug 24 15:01:52 2026: Image # 12, module Images # 1: CPU_time = 0.00 secs, Wall_time = 0.00 secs
Mon Aug 24 15:01:52 2026: Image # 12, module Metadata # 2: CPU_time = 0.00 secs, Wall_time = 0.00 secs
Mon Aug 24 15:01:52 2026: Image # 12, module NamesAndTypes # 3: CPU_time = 5.05 secs, Wall_time = 4.91 secs
Mon Aug 24 15:01:57 2026: Image # 12, module Groups # 4: CPU_time = 0.00 secs, Wall_time = 0.00 secs
Mon Aug 24 15:01:57 2026: Image # 12, module FilterObjects # 5: CPU_time = 1.62 secs, Wall_time = 1.62 secs
Mon Aug 24 15:01:58 2026: Image # 12, module FilterObjects # 6: CPU_time = 1.52 secs, Wall_time = 1.52 secs
Mon Aug 24 15:02:00 2026: Image # 12, module MaskImage # 7: CPU_time = 0.22 secs, Wall_time = 0.11 secs
Mon Aug 24 15:02:00 2026: Image # 12, module MaskImage # 8: CPU_time = 0.11 secs, Wall_time = 0.10 secs
Mon Aug 24 15:02:00 2026: Image # 12, module MaskObjects # 9: CPU_time = 0.51 secs, Wall_time = 0.51 secs
Mon Aug 24 15:02:00 2026: Image # 12, module ExpandOrShrinkObjects # 10: CPU_time = 0.89 secs, Wall_time = 0.90 secs
Mon Aug 24 15:02:01 2026: Image # 12, module ExpandOrShrinkObjects # 11: CPU_time = 0.95 secs, Wall_time = 0.96 secs
Mon Aug 24 15:02:02 2026: Image # 12, module MaskObjects # 12: CPU_time = 0.55 secs, Wall_time = 0.54 secs
Mon Aug 24 15:02:03 2026: Image # 12, module EnhanceOrSuppressFeatures # 13: CPU_time = 1.08 secs, Wall_time = 1.08 secs
Mon Aug 24 15:02:04 2026: Image # 12, module IdentifyPrimaryObjects # 14: CPU_time = 5.08 secs, Wall_time = 5.08 secs
Mon Aug 24 15:02:09 2026: Image # 12, module MaskObjects # 15: CPU_time = 0.56 secs, Wall_time = 0.56 secs
Mon Aug 24 15:02:10 2026: Image # 12, module RelateObjects # 16: CPU_time = 1.78 secs, Wall_time = 1.77 secs
Mon Aug 24 15:02:11 2026: Image # 12, module RelateObjects # 17: CPU_time = 1.74 secs, Wall_time = 1.74 secs
Mon Aug 24 15:02:13 2026: Image # 12, module MeasureObjectIntensity # 18: CPU_time = 20.29 secs, Wall_time = 20.28 secs
Mon Aug 24 15:02:33 2026: Image # 12, module RelateObjects # 19: CPU_time = 0.36 secs, Wall_time = 0.35 secs
Mon Aug 24 15:02:34 2026: Image # 12, module ExportToSpreadsheet # 20: CPU_time = 0.00 secs, Wall_time = 0.00 secs
Mon Aug 24 15:02:34 2026: Image # 13, module Images # 1: CPU_time = 0.00 secs, Wall_time = 0.00 secs
Mon Aug 24 15:02:34 2026: Image # 13, module Metadata # 2: CPU_time = 0.00 secs, Wall_time = 0.00 secs
Mon Aug 24 15:02:34 2026: Image # 13, module NamesAndTypes # 3: CPU_time = 4.33 secs, Wall_time = 4.26 secs
Mon Aug 24 15:02:38 2026: Image # 13, module Groups # 4: CPU_time = 0.00 secs, Wall_time = 0.00 secs
Mon Aug 24 15:02:38 2026: Image # 13, module FilterObjects # 5: CPU_time = 1.55 secs, Wall_time = 1.56 secs
Mon Aug 24 15:02:40 2026: Image # 13, module FilterObjects # 6: CPU_time = 1.40 secs, Wall_time = 1.40 secs
Mon Aug 24 15:02:41 2026: Image # 13, module MaskImage # 7: CPU_time = 0.28 secs, Wall_time = 0.13 secs
Mon Aug 24 15:02:41 2026: Image # 13, module MaskImage # 8: CPU_time = 0.14 secs, Wall_time = 0.10 secs
Mon Aug 24 15:02:41 2026: Image # 13, module MaskObjects # 9: CPU_time = 0.60 secs, Wall_time = 0.60 secs
Mon Aug 24 15:02:42 2026: Image # 13, module ExpandOrShrinkObjects # 10: CPU_time = 1.08 secs, Wall_time = 1.08 secs
Mon Aug 24 15:02:43 2026: Image # 13, module ExpandOrShrinkObjects # 11: CPU_time = 1.09 secs, Wall_time = 1.10 secs
Mon Aug 24 15:02:44 2026: Image # 13, module MaskObjects # 12: CPU_time = 0.66 secs, Wall_time = 0.66 secs
Mon Aug 24 15:02:45 2026: Image # 13, module EnhanceOrSuppressFeatures # 13: CPU_time = 1.09 secs, Wall_time = 1.09 secs
Mon Aug 24 15:02:46 2026: Image # 13, module IdentifyPrimaryObjects # 14: CPU_time = 5.12 secs, Wall_time = 5.11 secs
Mon Aug 24 15:02:51 2026: Image # 13, module MaskObjects # 15: CPU_time = 0.65 secs, Wall_time = 0.65 secs
Mon Aug 24 15:02:52 2026: Image # 13, module RelateObjects # 16: CPU_time = 1.62 secs, Wall_time = 1.62 secs
Mon Aug 24 15:02:53 2026: Image # 13, module RelateObjects # 17: CPU_time = 1.59 secs, Wall_time = 1.59 secs
Mon Aug 24 15:02:55 2026: Image # 13, module MeasureObjectIntensity # 18: CPU_time = 18.90 secs, Wall_time = 18.88 secs
Mon Aug 24 15:03:14 2026: Image # 13, module RelateObjects # 19: CPU_time = 0.29 secs, Wall_time = 0.29 secs
Mon Aug 24 15:03:14 2026: Image # 13, module ExportToSpreadsheet # 20: CPU_time = 0.00 secs, Wall_time = 0.00 secs
Mon Aug 24 15:03:14 2026: Image # 14, module Images # 1: CPU_time = 0.00 secs, Wall_time = 0.00 secs
Mon Aug 24 15:03:14 2026: Image # 14, module Metadata # 2: CPU_time = 0.00 secs, Wall_time = 0.00 secs
Mon Aug 24 15:03:14 2026: Image # 14, module NamesAndTypes # 3: CPU_time = 4.97 secs, Wall_time = 5.05 secs
Mon Aug 24 15:03:19 2026: Image # 14, module Groups # 4: CPU_time = 0.00 secs, Wall_time = 0.00 secs
Mon Aug 24 15:03:19 2026: Image # 14, module FilterObjects # 5: CPU_time = 1.52 secs, Wall_time = 1.52 secs
Mon Aug 24 15:03:21 2026: Image # 14, module FilterObjects # 6: CPU_time = 1.60 secs, Wall_time = 1.59 secs
Mon Aug 24 15:03:22 2026: Image # 14, module MaskImage # 7: CPU_time = 0.22 secs, Wall_time = 0.10 secs
Mon Aug 24 15:03:22 2026: Image # 14, module MaskImage # 8: CPU_time = 0.12 secs, Wall_time = 0.10 secs
Mon Aug 24 15:03:22 2026: Image # 14, module MaskObjects # 9: CPU_time = 0.73 secs, Wall_time = 0.73 secs
Mon Aug 24 15:03:23 2026: Image # 14, module ExpandOrShrinkObjects # 10: CPU_time = 1.44 secs, Wall_time = 1.44 secs
Mon Aug 24 15:03:25 2026: Image # 14, module ExpandOrShrinkObjects # 11: CPU_time = 1.56 secs, Wall_time = 1.55 secs
Mon Aug 24 15:03:26 2026: Image # 14, module MaskObjects # 12: CPU_time = 0.75 secs, Wall_time = 0.75 secs
Mon Aug 24 15:03:27 2026: Image # 14, module EnhanceOrSuppressFeatures # 13: CPU_time = 1.10 secs, Wall_time = 1.11 secs
Mon Aug 24 15:03:28 2026: Image # 14, module IdentifyPrimaryObjects # 14: CPU_time = 4.71 secs, Wall_time = 4.71 secs
Mon Aug 24 15:03:33 2026: Image # 14, module MaskObjects # 15: CPU_time = 0.60 secs, Wall_time = 0.60 secs
Mon Aug 24 15:03:33 2026: Image # 14, module RelateObjects # 16: CPU_time = 1.36 secs, Wall_time = 1.35 secs
Mon Aug 24 15:03:35 2026: Image # 14, module RelateObjects # 17: CPU_time = 1.34 secs, Wall_time = 1.33 secs
Mon Aug 24 15:03:36 2026: Image # 14, module MeasureObjectIntensity # 18: CPU_time = 18.11 secs, Wall_time = 18.11 secs
Mon Aug 24 15:03:54 2026: Image # 14, module RelateObjects # 19: CPU_time = 0.24 secs, Wall_time = 0.24 secs
Mon Aug 24 15:03:54 2026: Image # 14, module ExportToSpreadsheet # 20: CPU_time = 0.00 secs, Wall_time = 0.00 secs
Mon Aug 24 15:03:54 2026: Image # 15, module Images # 1: CPU_time = 0.00 secs, Wall_time = 0.00 secs
Mon Aug 24 15:03:54 2026: Image # 15, module Metadata # 2: CPU_time = 0.00 secs, Wall_time = 0.00 secs
Mon Aug 24 15:03:54 2026: Image # 15, module NamesAndTypes # 3: CPU_time = 4.29 secs, Wall_time = 5.06 secs
Mon Aug 24 15:03:59 2026: Image # 15, module Groups # 4: CPU_time = 0.00 secs, Wall_time = 0.00 secs
Mon Aug 24 15:03:59 2026: Image # 15, module FilterObjects # 5: CPU_time = 1.49 secs, Wall_time = 1.49 secs
Mon Aug 24 15:04:01 2026: Image # 15, module FilterObjects # 6: CPU_time = 1.36 secs, Wall_time = 1.36 secs
Mon Aug 24 15:04:02 2026: Image # 15, module MaskImage # 7: CPU_time = 0.21 secs, Wall_time = 0.10 secs
Mon Aug 24 15:04:02 2026: Image # 15, module MaskImage # 8: CPU_time = 0.10 secs, Wall_time = 0.10 secs
Mon Aug 24 15:04:02 2026: Image # 15, module MaskObjects # 9: CPU_time = 0.51 secs, Wall_time = 0.52 secs
Mon Aug 24 15:04:03 2026: Image # 15, module ExpandOrShrinkObjects # 10: CPU_time = 1.16 secs, Wall_time = 1.17 secs
Mon Aug 24 15:04:04 2026: Image # 15, module ExpandOrShrinkObjects # 11: CPU_time = 1.13 secs, Wall_time = 1.12 secs
Mon Aug 24 15:04:05 2026: Image # 15, module MaskObjects # 12: CPU_time = 0.61 secs, Wall_time = 0.61 secs
Mon Aug 24 15:04:06 2026: Image # 15, module EnhanceOrSuppressFeatures # 13: CPU_time = 1.10 secs, Wall_time = 1.10 secs
Mon Aug 24 15:04:07 2026: Image # 15, module IdentifyPrimaryObjects # 14: CPU_time = 4.73 secs, Wall_time = 4.73 secs
Mon Aug 24 15:04:12 2026: Image # 15, module MaskObjects # 15: CPU_time = 0.53 secs, Wall_time = 0.52 secs
Mon Aug 24 15:04:12 2026: Image # 15, module RelateObjects # 16: CPU_time = 1.15 secs, Wall_time = 1.15 secs
Mon Aug 24 15:04:13 2026: Image # 15, module RelateObjects # 17: CPU_time = 1.19 secs, Wall_time = 1.19 secs
Mon Aug 24 15:04:15 2026: Image # 15, module MeasureObjectIntensity # 18: CPU_time = 17.65 secs, Wall_time = 17.65 secs
Mon Aug 24 15:04:32 2026: Image # 15, module RelateObjects # 19: CPU_time = 0.28 secs, Wall_time = 0.28 secs
Mon Aug 24 15:04:33 2026: Image # 15, module ExportToSpreadsheet # 20: CPU_time = 0.00 secs, Wall_time = 0.00 secs
Mon Aug 24 15:04:33 2026: Image # 16, module Images # 1: CPU_time = 0.00 secs, Wall_time = 0.00 secs
Mon Aug 24 15:04:33 2026: Image # 16, module Metadata # 2: CPU_time = 0.00 secs, Wall_time = 0.00 secs
Mon Aug 24 15:04:33 2026: Image # 16, module NamesAndTypes # 3: CPU_time = 4.29 secs, Wall_time = 5.12 secs
Mon Aug 24 15:04:38 2026: Image # 16, module Groups # 4: CPU_time = 0.00 secs, Wall_time = 0.00 secs
Mon Aug 24 15:04:38 2026: Image # 16, module FilterObjects # 5: CPU_time = 1.68 secs, Wall_time = 1.66 secs
Mon Aug 24 15:04:39 2026: Image # 16, module FilterObjects # 6: CPU_time = 1.69 secs, Wall_time = 1.69 secs
Mon Aug 24 15:04:41 2026: Image # 16, module MaskImage # 7: CPU_time = 0.24 secs, Wall_time = 0.10 secs
Mon Aug 24 15:04:41 2026: Image # 16, module MaskImage # 8: CPU_time = 0.12 secs, Wall_time = 0.10 secs
Mon Aug 24 15:04:41 2026: Image # 16, module MaskObjects # 9: CPU_time = 0.74 secs, Wall_time = 0.75 secs
Mon Aug 24 15:04:42 2026: Image # 16, module ExpandOrShrinkObjects # 10: CPU_time = 1.53 secs, Wall_time = 1.54 secs
Mon Aug 24 15:04:44 2026: Image # 16, module ExpandOrShrinkObjects # 11: CPU_time = 1.50 secs, Wall_time = 1.49 secs
Mon Aug 24 15:04:45 2026: Image # 16, module MaskObjects # 12: CPU_time = 0.73 secs, Wall_time = 0.74 secs
Mon Aug 24 15:04:46 2026: Image # 16, module EnhanceOrSuppressFeatures # 13: CPU_time = 1.12 secs, Wall_time = 1.12 secs
Mon Aug 24 15:04:47 2026: Image # 16, module IdentifyPrimaryObjects # 14: CPU_time = 5.43 secs, Wall_time = 5.43 secs
Mon Aug 24 15:04:52 2026: Image # 16, module MaskObjects # 15: CPU_time = 0.53 secs, Wall_time = 0.53 secs
Mon Aug 24 15:04:53 2026: Image # 16, module RelateObjects # 16: CPU_time = 1.46 secs, Wall_time = 1.46 secs
Mon Aug 24 15:04:54 2026: Image # 16, module RelateObjects # 17: CPU_time = 1.45 secs, Wall_time = 1.45 secs
Mon Aug 24 15:04:56 2026: Image # 16, module MeasureObjectIntensity # 18: CPU_time = 19.67 secs, Wall_time = 19.65 secs
Mon Aug 24 15:05:15 2026: Image # 16, module RelateObjects # 19: CPU_time = 0.34 secs, Wall_time = 0.34 secs
Mon Aug 24 15:05:16 2026: Image # 16, module ExportToSpreadsheet # 20: CPU_time = 0.00 secs, Wall_time = 0.00 secs
Mon Aug 24 15:05:16 2026: Image # 17, module Images # 1: CPU_time = 0.00 secs, Wall_time = 0.00 secs
Mon Aug 24 15:05:16 2026: Image # 17, module Metadata # 2: CPU_time = 0.00 secs, Wall_time = 0.00 secs
Mon Aug 24 15:05:16 2026: Image # 17, module NamesAndTypes # 3: CPU_time = 4.24 secs, Wall_time = 4.25 secs
Mon Aug 24 15:05:20 2026: Image # 17, module Groups # 4: CPU_time = 0.00 secs, Wall_time = 0.00 secs
Mon Aug 24 15:05:20 2026: Image # 17, module FilterObjects # 5: CPU_time = 1.64 secs, Wall_time = 1.64 secs
Mon Aug 24 15:05:22 2026: Image # 17, module FilterObjects # 6: CPU_time = 1.61 secs, Wall_time = 1.62 secs
Mon Aug 24 15:05:23 2026: Image # 17, module MaskImage # 7: CPU_time = 0.23 secs, Wall_time = 0.10 secs
Mon Aug 24 15:05:23 2026: Image # 17, module MaskImage # 8: CPU_time = 0.13 secs, Wall_time = 0.10 secs
Mon Aug 24 15:05:24 2026: Image # 17, module MaskObjects # 9: CPU_time = 0.70 secs, Wall_time = 0.71 secs
Mon Aug 24 15:05:24 2026: Image # 17, module ExpandOrShrinkObjects # 10: CPU_time = 1.56 secs, Wall_time = 1.56 secs
Mon Aug 24 15:05:26 2026: Image # 17, module ExpandOrShrinkObjects # 11: CPU_time = 1.45 secs, Wall_time = 1.44 secs
Mon Aug 24 15:05:27 2026: Image # 17, module MaskObjects # 12: CPU_time = 0.74 secs, Wall_time = 0.73 secs
Mon Aug 24 15:05:28 2026: Image # 17, module EnhanceOrSuppressFeatures # 13: CPU_time = 1.15 secs, Wall_time = 1.15 secs
Mon Aug 24 15:05:29 2026: Image # 17, module IdentifyPrimaryObjects # 14: CPU_time = 5.24 secs, Wall_time = 5.23 secs
Mon Aug 24 15:05:34 2026: Image # 17, module MaskObjects # 15: CPU_time = 0.53 secs, Wall_time = 0.53 secs
Mon Aug 24 15:05:35 2026: Image # 17, module RelateObjects # 16: CPU_time = 1.43 secs, Wall_time = 1.43 secs
Mon Aug 24 15:05:36 2026: Image # 17, module RelateObjects # 17: CPU_time = 1.60 secs, Wall_time = 1.60 secs
Mon Aug 24 15:05:38 2026: Image # 17, module MeasureObjectIntensity # 18: CPU_time = 19.40 secs, Wall_time = 19.38 secs
Mon Aug 24 15:05:57 2026: Image # 17, module RelateObjects # 19: CPU_time = 0.35 secs, Wall_time = 0.35 secs
Mon Aug 24 15:05:58 2026: Image # 17, module ExportToSpreadsheet # 20: CPU_time = 0.00 secs, Wall_time = 0.00 secs
Mon Aug 24 15:05:58 2026: Image # 18, module Images # 1: CPU_time = 0.00 secs, Wall_time = 0.00 secs
Mon Aug 24 15:05:58 2026: Image # 18, module Metadata # 2: CPU_time = 0.00 secs, Wall_time = 0.00 secs
Mon Aug 24 15:05:58 2026: Image # 18, module NamesAndTypes # 3: CPU_time = 4.50 secs, Wall_time = 4.64 secs
Mon Aug 24 15:06:02 2026: Image # 18, module Groups # 4: CPU_time = 0.00 secs, Wall_time = 0.00 secs
Mon Aug 24 15:06:02 2026: Image # 18, module FilterObjects # 5: CPU_time = 1.63 secs, Wall_time = 1.63 secs
Mon Aug 24 15:06:04 2026: Image # 18, module FilterObjects # 6: CPU_time = 1.48 secs, Wall_time = 1.49 secs
Mon Aug 24 15:06:05 2026: Image # 18, module MaskImage # 7: CPU_time = 0.23 secs, Wall_time = 0.11 secs
Mon Aug 24 15:06:06 2026: Image # 18, module MaskImage # 8: CPU_time = 0.12 secs, Wall_time = 0.10 secs
Mon Aug 24 15:06:06 2026: Image # 18, module MaskObjects # 9: CPU_time = 0.69 secs, Wall_time = 0.68 secs
Mon Aug 24 15:06:06 2026: Image # 18, module ExpandOrShrinkObjects # 10: CPU_time = 1.41 secs, Wall_time = 1.41 secs
Mon Aug 24 15:06:08 2026: Image # 18, module ExpandOrShrinkObjects # 11: CPU_time = 1.45 secs, Wall_time = 1.45 secs
Mon Aug 24 15:06:09 2026: Image # 18, module MaskObjects # 12: CPU_time = 0.76 secs, Wall_time = 0.75 secs
Mon Aug 24 15:06:10 2026: Image # 18, module EnhanceOrSuppressFeatures # 13: CPU_time = 1.14 secs, Wall_time = 1.14 secs
Mon Aug 24 15:06:11 2026: Image # 18, module IdentifyPrimaryObjects # 14: CPU_time = 4.89 secs, Wall_time = 4.88 secs
Mon Aug 24 15:06:16 2026: Image # 18, module MaskObjects # 15: CPU_time = 0.64 secs, Wall_time = 0.63 secs
Mon Aug 24 15:06:17 2026: Image # 18, module RelateObjects # 16: CPU_time = 1.42 secs, Wall_time = 1.43 secs
Mon Aug 24 15:06:18 2026: Image # 18, module RelateObjects # 17: CPU_time = 1.43 secs, Wall_time = 1.43 secs
Mon Aug 24 15:06:20 2026: Image # 18, module MeasureObjectIntensity # 18: CPU_time = 17.92 secs, Wall_time = 17.91 secs
Mon Aug 24 15:06:37 2026: Image # 18, module RelateObjects # 19: CPU_time = 0.26 secs, Wall_time = 0.26 secs
Mon Aug 24 15:06:38 2026: Image # 18, module ExportToSpreadsheet # 20: CPU_time = 0.00 secs, Wall_time = 0.00 secs
Mon Aug 24 15:06:38 2026: Image # 19, module Images # 1: CPU_time = 0.00 secs, Wall_time = 0.00 secs
Mon Aug 24 15:06:38 2026: Image # 19, module Metadata # 2: CPU_time = 0.00 secs, Wall_time = 0.00 secs
Mon Aug 24 15:06:38 2026: Image # 19, module NamesAndTypes # 3: CPU_time = 4.16 secs, Wall_time = 4.26 secs
Mon Aug 24 15:06:42 2026: Image # 19, module Groups # 4: CPU_time = 0.00 secs, Wall_time = 0.00 secs
Mon Aug 24 15:06:42 2026: Image # 19, module FilterObjects # 5: CPU_time = 1.47 secs, Wall_time = 1.46 secs
Mon Aug 24 15:06:43 2026: Image # 19, module FilterObjects # 6: CPU_time = 1.39 secs, Wall_time = 1.38 secs
Mon Aug 24 15:06:45 2026: Image # 19, module MaskImage # 7: CPU_time = 0.21 secs, Wall_time = 0.10 secs
Mon Aug 24 15:06:45 2026: Image # 19, module MaskImage # 8: CPU_time = 0.11 secs, Wall_time = 0.10 secs
Mon Aug 24 15:06:45 2026: Image # 19, module MaskObjects # 9: CPU_time = 0.53 secs, Wall_time = 0.52 secs
Mon Aug 24 15:06:46 2026: Image # 19, module ExpandOrShrinkObjects # 10: CPU_time = 1.08 secs, Wall_time = 1.08 secs
Mon Aug 24 15:06:47 2026: Image # 19, module ExpandOrShrinkObjects # 11: CPU_time = 1.16 secs, Wall_time = 1.15 secs
Mon Aug 24 15:06:48 2026: Image # 19, module MaskObjects # 12: CPU_time = 0.58 secs, Wall_time = 0.58 secs
Mon Aug 24 15:06:48 2026: Image # 19, module EnhanceOrSuppressFeatures # 13: CPU_time = 1.09 secs, Wall_time = 1.09 secs
Mon Aug 24 15:06:49 2026: Image # 19, module IdentifyPrimaryObjects # 14: CPU_time = 4.88 secs, Wall_time = 4.89 secs
Mon Aug 24 15:06:54 2026: Image # 19, module MaskObjects # 15: CPU_time = 0.52 secs, Wall_time = 0.53 secs
Mon Aug 24 15:06:55 2026: Image # 19, module RelateObjects # 16: CPU_time = 1.22 secs, Wall_time = 1.21 secs
Mon Aug 24 15:06:56 2026: Image # 19, module RelateObjects # 17: CPU_time = 1.21 secs, Wall_time = 1.21 secs
Mon Aug 24 15:06:57 2026: Image # 19, module MeasureObjectIntensity # 18: CPU_time = 19.66 secs, Wall_time = 19.65 secs
Mon Aug 24 15:07:17 2026: Image # 19, module RelateObjects # 19: CPU_time = 0.30 secs, Wall_time = 0.30 secs
Mon Aug 24 15:07:17 2026: Image # 19, module ExportToSpreadsheet # 20: CPU_time = 0.00 secs, Wall_time = 0.00 secs
Mon Aug 24 15:07:17 2026: Image # 20, module Images # 1: CPU_time = 0.00 secs, Wall_time = 0.00 secs
Mon Aug 24 15:07:17 2026: Image # 20, module Metadata # 2: CPU_time = 0.00 secs, Wall_time = 0.00 secs
Mon Aug 24 15:07:17 2026: Image # 20, module NamesAndTypes # 3: CPU_time = 4.78 secs, Wall_time = 4.80 secs
Mon Aug 24 15:07:22 2026: Image # 20, module Groups # 4: CPU_time = 0.00 secs, Wall_time = 0.00 secs
Mon Aug 24 15:07:22 2026: Image # 20, module FilterObjects # 5: CPU_time = 1.79 secs, Wall_time = 1.80 secs
Mon Aug 24 15:07:24 2026: Image # 20, module FilterObjects # 6: CPU_time = 1.61 secs, Wall_time = 1.60 secs
Mon Aug 24 15:07:26 2026: Image # 20, module MaskImage # 7: CPU_time = 0.22 secs, Wall_time = 0.11 secs
Mon Aug 24 15:07:26 2026: Image # 20, module MaskImage # 8: CPU_time = 0.22 secs, Wall_time = 0.10 secs
Mon Aug 24 15:07:26 2026: Image # 20, module MaskObjects # 9: CPU_time = 0.61 secs, Wall_time = 0.61 secs
Mon Aug 24 15:07:26 2026: Image # 20, module ExpandOrShrinkObjects # 10: CPU_time = 1.03 secs, Wall_time = 1.03 secs
Mon Aug 24 15:07:27 2026: Image # 20, module ExpandOrShrinkObjects # 11: CPU_time = 1.04 secs, Wall_time = 1.03 secs
Mon Aug 24 15:07:28 2026: Image # 20, module MaskObjects # 12: CPU_time = 0.58 secs, Wall_time = 0.59 secs
Mon Aug 24 15:07:29 2026: Image # 20, module EnhanceOrSuppressFeatures # 13: CPU_time = 1.09 secs, Wall_time = 1.09 secs
Mon Aug 24 15:07:30 2026: Image # 20, module IdentifyPrimaryObjects # 14: CPU_time = 5.10 secs, Wall_time = 5.11 secs
Mon Aug 24 15:07:35 2026: Image # 20, module MaskObjects # 15: CPU_time = 0.55 secs, Wall_time = 0.54 secs
Mon Aug 24 15:07:36 2026: Image # 20, module RelateObjects # 16: CPU_time = 1.41 secs, Wall_time = 1.41 secs
Mon Aug 24 15:07:37 2026: Image # 20, module RelateObjects # 17: CPU_time = 1.42 secs, Wall_time = 1.42 secs
Mon Aug 24 15:07:39 2026: Image # 20, module MeasureObjectIntensity # 18: CPU_time = 18.05 secs, Wall_time = 18.04 secs
Mon Aug 24 15:07:57 2026: Image # 20, module RelateObjects # 19: CPU_time = 0.33 secs, Wall_time = 0.32 secs
Mon Aug 24 15:07:57 2026: Image # 20, module ExportToSpreadsheet # 20: CPU_time = 0.00 secs, Wall_time = 0.00 secs
Mon Aug 24 15:07:57 2026: Image # 21, module Images # 1: CPU_time = 0.00 secs, Wall_time = 0.00 secs
Mon Aug 24 15:07:57 2026: Image # 21, module Metadata # 2: CPU_time = 0.00 secs, Wall_time = 0.00 secs
Mon Aug 24 15:07:57 2026: Image # 21, module NamesAndTypes # 3: CPU_time = 4.39 secs, Wall_time = 5.47 secs
Mon Aug 24 15:08:02 2026: Image # 21, module Groups # 4: CPU_time = 0.00 secs, Wall_time = 0.00 secs
Mon Aug 24 15:08:02 2026: Image # 21, module FilterObjects # 5: CPU_time = 1.73 secs, Wall_time = 1.73 secs
Mon Aug 24 15:08:04 2026: Image # 21, module FilterObjects # 6: CPU_time = 1.53 secs, Wall_time = 1.52 secs
Mon Aug 24 15:08:06 2026: Image # 21, module MaskImage # 7: CPU_time = 0.22 secs, Wall_time = 0.11 secs
Mon Aug 24 15:08:06 2026: Image # 21, module MaskImage # 8: CPU_time = 0.32 secs, Wall_time = 0.15 secs
Mon Aug 24 15:08:06 2026: Image # 21, module MaskObjects # 9: CPU_time = 0.54 secs, Wall_time = 0.55 secs
Mon Aug 24 15:08:07 2026: Image # 21, module ExpandOrShrinkObjects # 10: CPU_time = 0.96 secs, Wall_time = 0.96 secs
Mon Aug 24 15:08:07 2026: Image # 21, module ExpandOrShrinkObjects # 11: CPU_time = 1.01 secs, Wall_time = 1.01 secs
Mon Aug 24 15:08:08 2026: Image # 21, module MaskObjects # 12: CPU_time = 0.60 secs, Wall_time = 0.60 secs
Mon Aug 24 15:08:09 2026: Image # 21, module EnhanceOrSuppressFeatures # 13: CPU_time = 1.09 secs, Wall_time = 1.10 secs
Mon Aug 24 15:08:10 2026: Image # 21, module IdentifyPrimaryObjects # 14: CPU_time = 3.85 secs, Wall_time = 3.84 secs
Mon Aug 24 15:08:14 2026: Image # 21, module MaskObjects # 15: CPU_time = 0.54 secs, Wall_time = 0.54 secs
Mon Aug 24 15:08:15 2026: Image # 21, module RelateObjects # 16: CPU_time = 1.44 secs, Wall_time = 1.45 secs
Mon Aug 24 15:08:16 2026: Image # 21, module RelateObjects # 17: CPU_time = 1.47 secs, Wall_time = 1.46 secs
Mon Aug 24 15:08:18 2026: Image # 21, module MeasureObjectIntensity # 18: CPU_time = 18.45 secs, Wall_time = 18.43 secs
Mon Aug 24 15:08:36 2026: Image # 21, module RelateObjects # 19: CPU_time = 0.31 secs, Wall_time = 0.31 secs
Mon Aug 24 15:08:36 2026: Image # 21, module ExportToSpreadsheet # 20: CPU_time = 0.00 secs, Wall_time = 0.00 secs
Mon Aug 24 15:08:36 2026: Image # 22, module Images # 1: CPU_time = 0.00 secs, Wall_time = 0.00 secs
Mon Aug 24 15:08:36 2026: Image # 22, module Metadata # 2: CPU_time = 0.00 secs, Wall_time = 0.00 secs
Mon Aug 24 15:08:36 2026: Image # 22, module NamesAndTypes # 3: CPU_time = 4.36 secs, Wall_time = 4.90 secs
Mon Aug 24 15:08:41 2026: Image # 22, module Groups # 4: CPU_time = 0.00 secs, Wall_time = 0.00 secs
Mon Aug 24 15:08:41 2026: Image # 22, module FilterObjects # 5: CPU_time = 1.58 secs, Wall_time = 1.58 secs
Mon Aug 24 15:08:43 2026: Image # 22, module FilterObjects # 6: CPU_time = 1.46 secs, Wall_time = 1.46 secs
Mon Aug 24 15:08:44 2026: Image # 22, module MaskImage # 7: CPU_time = 0.25 secs, Wall_time = 0.12 secs
Mon Aug 24 15:08:44 2026: Image # 22, module MaskImage # 8: CPU_time = 0.14 secs, Wall_time = 0.12 secs
Mon Aug 24 15:08:44 2026: Image # 22, module MaskObjects # 9: CPU_time = 0.52 secs, Wall_time = 0.53 secs
Mon Aug 24 15:08:45 2026: Image # 22, module ExpandOrShrinkObjects # 10: CPU_time = 0.95 secs, Wall_time = 0.94 secs
Mon Aug 24 15:08:46 2026: Image # 22, module ExpandOrShrinkObjects # 11: CPU_time = 0.95 secs, Wall_time = 0.95 secs
Mon Aug 24 15:08:47 2026: Image # 22, module MaskObjects # 12: CPU_time = 0.56 secs, Wall_time = 0.56 secs
Mon Aug 24 15:08:47 2026: Image # 22, module EnhanceOrSuppressFeatures # 13: CPU_time = 1.08 secs, Wall_time = 1.09 secs
Mon Aug 24 15:08:49 2026: Image # 22, module IdentifyPrimaryObjects # 14: CPU_time = 3.62 secs, Wall_time = 3.62 secs
Mon Aug 24 15:08:52 2026: Image # 22, module MaskObjects # 15: CPU_time = 0.53 secs, Wall_time = 0.53 secs
Mon Aug 24 15:08:53 2026: Image # 22, module RelateObjects # 16: CPU_time = 1.37 secs, Wall_time = 1.37 secs
Mon Aug 24 15:08:54 2026: Image # 22, module RelateObjects # 17: CPU_time = 1.34 secs, Wall_time = 1.34 secs
Mon Aug 24 15:08:55 2026: Image # 22, module MeasureObjectIntensity # 18: CPU_time = 17.48 secs, Wall_time = 17.47 secs
Mon Aug 24 15:09:13 2026: Image # 22, module RelateObjects # 19: CPU_time = 0.30 secs, Wall_time = 0.31 secs
Mon Aug 24 15:09:13 2026: Image # 22, module ExportToSpreadsheet # 20: CPU_time = 0.00 secs, Wall_time = 0.00 secs
Mon Aug 24 15:09:13 2026: Image # 23, module Images # 1: CPU_time = 0.00 secs, Wall_time = 0.00 secs
Mon Aug 24 15:09:13 2026: Image # 23, module Metadata # 2: CPU_time = 0.00 secs, Wall_time = 0.00 secs
Mon Aug 24 15:09:13 2026: Image # 23, module NamesAndTypes # 3: CPU_time = 3.96 secs, Wall_time = 5.16 secs
Mon Aug 24 15:09:18 2026: Image # 23, module Groups # 4: CPU_time = 0.00 secs, Wall_time = 0.00 secs
Mon Aug 24 15:09:18 2026: Image # 23, module FilterObjects # 5: CPU_time = 1.53 secs, Wall_time = 1.53 secs
Mon Aug 24 15:09:20 2026: Image # 23, module FilterObjects # 6: CPU_time = 1.36 secs, Wall_time = 1.36 secs
Mon Aug 24 15:09:21 2026: Image # 23, module MaskImage # 7: CPU_time = 0.25 secs, Wall_time = 0.11 secs
Mon Aug 24 15:09:21 2026: Image # 23, module MaskImage # 8: CPU_time = 0.10 secs, Wall_time = 0.10 secs
Mon Aug 24 15:09:21 2026: Image # 23, module MaskObjects # 9: CPU_time = 0.51 secs, Wall_time = 0.51 secs
Mon Aug 24 15:09:22 2026: Image # 23, module ExpandOrShrinkObjects # 10: CPU_time = 0.90 secs, Wall_time = 0.90 secs
Mon Aug 24 15:09:23 2026: Image # 23, module ExpandOrShrinkObjects # 11: CPU_time = 0.95 secs, Wall_time = 0.94 secs
Mon Aug 24 15:09:24 2026: Image # 23, module MaskObjects # 12: CPU_time = 0.55 secs, Wall_time = 0.55 secs
Mon Aug 24 15:09:24 2026: Image # 23, module EnhanceOrSuppressFeatures # 13: CPU_time = 1.08 secs, Wall_time = 1.08 secs
Mon Aug 24 15:09:26 2026: Image # 23, module IdentifyPrimaryObjects # 14: CPU_time = 3.50 secs, Wall_time = 3.50 secs
Mon Aug 24 15:09:29 2026: Image # 23, module MaskObjects # 15: CPU_time = 0.52 secs, Wall_time = 0.52 secs
Mon Aug 24 15:09:30 2026: Image # 23, module RelateObjects # 16: CPU_time = 1.21 secs, Wall_time = 1.22 secs
Mon Aug 24 15:09:31 2026: Image # 23, module RelateObjects # 17: CPU_time = 1.20 secs, Wall_time = 1.20 secs
Mon Aug 24 15:09:32 2026: Image # 23, module MeasureObjectIntensity # 18: CPU_time = 16.40 secs, Wall_time = 16.38 secs
Mon Aug 24 15:09:48 2026: Image # 23, module RelateObjects # 19: CPU_time = 0.25 secs, Wall_time = 0.26 secs
Mon Aug 24 15:09:49 2026: Image # 23, module ExportToSpreadsheet # 20: CPU_time = 0.00 secs, Wall_time = 0.01 secs
Mon Aug 24 15:09:49 2026: Image # 24, module Images # 1: CPU_time = 0.00 secs, Wall_time = 0.00 secs
Mon Aug 24 15:09:49 2026: Image # 24, module Metadata # 2: CPU_time = 0.00 secs, Wall_time = 0.00 secs
Mon Aug 24 15:09:49 2026: Image # 24, module NamesAndTypes # 3: CPU_time = 4.06 secs, Wall_time = 4.84 secs
Mon Aug 24 15:09:53 2026: Image # 24, module Groups # 4: CPU_time = 0.00 secs, Wall_time = 0.00 secs
Mon Aug 24 15:09:53 2026: Image # 24, module FilterObjects # 5: CPU_time = 1.39 secs, Wall_time = 1.39 secs
Mon Aug 24 15:09:55 2026: Image # 24, module FilterObjects # 6: CPU_time = 1.32 secs, Wall_time = 1.32 secs
Mon Aug 24 15:09:56 2026: Image # 24, module MaskImage # 7: CPU_time = 0.24 secs, Wall_time = 0.11 secs
Mon Aug 24 15:09:56 2026: Image # 24, module MaskImage # 8: CPU_time = 0.12 secs, Wall_time = 0.11 secs
Mon Aug 24 15:09:56 2026: Image # 24, module MaskObjects # 9: CPU_time = 0.51 secs, Wall_time = 0.51 secs
Mon Aug 24 15:09:57 2026: Image # 24, module ExpandOrShrinkObjects # 10: CPU_time = 0.87 secs, Wall_time = 0.86 secs
Mon Aug 24 15:09:58 2026: Image # 24, module ExpandOrShrinkObjects # 11: CPU_time = 0.91 secs, Wall_time = 0.91 secs
Mon Aug 24 15:09:59 2026: Image # 24, module MaskObjects # 12: CPU_time = 0.57 secs, Wall_time = 0.57 secs
Mon Aug 24 15:09:59 2026: Image # 24, module EnhanceOrSuppressFeatures # 13: CPU_time = 1.09 secs, Wall_time = 1.08 secs
Mon Aug 24 15:10:00 2026: Image # 24, module IdentifyPrimaryObjects # 14: CPU_time = 3.41 secs, Wall_time = 3.41 secs
Mon Aug 24 15:10:04 2026: Image # 24, module MaskObjects # 15: CPU_time = 0.53 secs, Wall_time = 0.53 secs
Mon Aug 24 15:10:04 2026: Image # 24, module RelateObjects # 16: CPU_time = 1.11 secs, Wall_time = 1.12 secs
Mon Aug 24 15:10:05 2026: Image # 24, module RelateObjects # 17: CPU_time = 1.10 secs, Wall_time = 1.10 secs
Mon Aug 24 15:10:07 2026: Image # 24, module MeasureObjectIntensity # 18: CPU_time = 15.85 secs, Wall_time = 15.83 secs
Mon Aug 24 15:10:22 2026: Image # 24, module RelateObjects # 19: CPU_time = 0.24 secs, Wall_time = 0.25 secs
Mon Aug 24 15:10:23 2026: Image # 24, module ExportToSpreadsheet # 20: CPU_time = 0.00 secs, Wall_time = 0.00 secs
Mon Aug 24 15:10:23 2026: Image # 25, module Images # 1: CPU_time = 0.00 secs, Wall_time = 0.00 secs
Mon Aug 24 15:10:23 2026: Image # 25, module Metadata # 2: CPU_time = 0.00 secs, Wall_time = 0.00 secs
Mon Aug 24 15:10:23 2026: Image # 25, module NamesAndTypes # 3: CPU_time = 4.15 secs, Wall_time = 4.93 secs
Mon Aug 24 15:10:28 2026: Image # 25, module Groups # 4: CPU_time = 0.00 secs, Wall_time = 0.00 secs
Mon Aug 24 15:10:28 2026: Image # 25, module FilterObjects # 5: CPU_time = 1.53 secs, Wall_time = 1.52 secs
Mon Aug 24 15:10:29 2026: Image # 25, module FilterObjects # 6: CPU_time = 1.39 secs, Wall_time = 1.39 secs
Mon Aug 24 15:10:30 2026: Image # 25, module MaskImage # 7: CPU_time = 0.28 secs, Wall_time = 0.13 secs
Mon Aug 24 15:10:31 2026: Image # 25, module MaskImage # 8: CPU_time = 0.10 secs, Wall_time = 0.10 secs
Mon Aug 24 15:10:31 2026: Image # 25, module MaskObjects # 9: CPU_time = 0.52 secs, Wall_time = 0.52 secs
Mon Aug 24 15:10:31 2026: Image # 25, module ExpandOrShrinkObjects # 10: CPU_time = 0.87 secs, Wall_time = 0.86 secs
Mon Aug 24 15:10:32 2026: Image # 25, module ExpandOrShrinkObjects # 11: CPU_time = 0.89 secs, Wall_time = 0.89 secs
Mon Aug 24 15:10:33 2026: Image # 25, module MaskObjects # 12: CPU_time = 0.57 secs, Wall_time = 0.57 secs
Mon Aug 24 15:10:34 2026: Image # 25, module EnhanceOrSuppressFeatures # 13: CPU_time = 1.09 secs, Wall_time = 1.08 secs
Mon Aug 24 15:10:35 2026: Image # 25, module IdentifyPrimaryObjects # 14: CPU_time = 3.43 secs, Wall_time = 3.43 secs
Mon Aug 24 15:10:38 2026: Image # 25, module MaskObjects # 15: CPU_time = 0.55 secs, Wall_time = 0.54 secs
Mon Aug 24 15:10:39 2026: Image # 25, module RelateObjects # 16: CPU_time = 1.25 secs, Wall_time = 1.24 secs
Mon Aug 24 15:10:40 2026: Image # 25, module RelateObjects # 17: CPU_time = 1.25 secs, Wall_time = 1.24 secs
Mon Aug 24 15:10:41 2026: Image # 25, module MeasureObjectIntensity # 18: CPU_time = 16.84 secs, Wall_time = 16.82 secs
Mon Aug 24 15:10:58 2026: Image # 25, module RelateObjects # 19: CPU_time = 0.27 secs, Wall_time = 0.28 secs
Mon Aug 24 15:10:58 2026: Image # 25, module ExportToSpreadsheet # 20: CPU_time = 0.00 secs, Wall_time = 0.00 secs
Mon Aug 24 15:10:58 2026: Image # 26, module Images # 1: CPU_time = 0.00 secs, Wall_time = 0.00 secs
Mon Aug 24 15:10:58 2026: Image # 26, module Metadata # 2: CPU_time = 0.00 secs, Wall_time = 0.00 secs
Mon Aug 24 15:10:58 2026: Image # 26, module NamesAndTypes # 3: CPU_time = 4.20 secs, Wall_time = 5.64 secs
Mon Aug 24 15:11:04 2026: Image # 26, module Groups # 4: CPU_time = 0.00 secs, Wall_time = 0.00 secs
Mon Aug 24 15:11:04 2026: Image # 26, module FilterObjects # 5: CPU_time = 1.44 secs, Wall_time = 1.45 secs
Mon Aug 24 15:11:05 2026: Image # 26, module FilterObjects # 6: CPU_time = 1.37 secs, Wall_time = 1.37 secs
Mon Aug 24 15:11:07 2026: Image # 26, module MaskImage # 7: CPU_time = 0.22 secs, Wall_time = 0.11 secs
Mon Aug 24 15:11:07 2026: Image # 26, module MaskImage # 8: CPU_time = 0.11 secs, Wall_time = 0.10 secs
Mon Aug 24 15:11:07 2026: Image # 26, module MaskObjects # 9: CPU_time = 0.53 secs, Wall_time = 0.52 secs
Mon Aug 24 15:11:07 2026: Image # 26, module ExpandOrShrinkObjects # 10: CPU_time = 0.88 secs, Wall_time = 0.88 secs
Mon Aug 24 15:11:08 2026: Image # 26, module ExpandOrShrinkObjects # 11: CPU_time = 0.92 secs, Wall_time = 0.92 secs
Mon Aug 24 15:11:09 2026: Image # 26, module MaskObjects # 12: CPU_time = 0.58 secs, Wall_time = 0.59 secs
Mon Aug 24 15:11:10 2026: Image # 26, module EnhanceOrSuppressFeatures # 13: CPU_time = 1.09 secs, Wall_time = 1.09 secs
Mon Aug 24 15:11:11 2026: Image # 26, module IdentifyPrimaryObjects # 14: CPU_time = 3.37 secs, Wall_time = 3.37 secs
Mon Aug 24 15:11:14 2026: Image # 26, module MaskObjects # 15: CPU_time = 0.55 secs, Wall_time = 0.54 secs
Mon Aug 24 15:11:15 2026: Image # 26, module RelateObjects # 16: CPU_time = 1.15 secs, Wall_time = 1.14 secs
Mon Aug 24 15:11:16 2026: Image # 26, module RelateObjects # 17: CPU_time = 1.16 secs, Wall_time = 1.17 secs
Mon Aug 24 15:11:17 2026: Image # 26, module MeasureObjectIntensity # 18: CPU_time = 16.27 secs, Wall_time = 16.25 secs
Mon Aug 24 15:11:33 2026: Image # 26, module RelateObjects # 19: CPU_time = 0.27 secs, Wall_time = 0.27 secs
Mon Aug 24 15:11:34 2026: Image # 26, module ExportToSpreadsheet # 20: CPU_time = 0.00 secs, Wall_time = 0.00 secs
Mon Aug 24 15:11:34 2026: Image # 27, module Images # 1: CPU_time = 0.00 secs, Wall_time = 0.00 secs
Mon Aug 24 15:11:34 2026: Image # 27, module Metadata # 2: CPU_time = 0.00 secs, Wall_time = 0.00 secs
Mon Aug 24 15:11:34 2026: Image # 27, module NamesAndTypes # 3: CPU_time = 4.20 secs, Wall_time = 4.34 secs
Mon Aug 24 15:11:38 2026: Image # 27, module Groups # 4: CPU_time = 0.00 secs, Wall_time = 0.00 secs
Mon Aug 24 15:11:38 2026: Image # 27, module FilterObjects # 5: CPU_time = 1.58 secs, Wall_time = 1.57 secs
Mon Aug 24 15:11:40 2026: Image # 27, module FilterObjects # 6: CPU_time = 1.48 secs, Wall_time = 1.47 secs
Mon Aug 24 15:11:41 2026: Image # 27, module MaskImage # 7: CPU_time = 0.27 secs, Wall_time = 0.14 secs
Mon Aug 24 15:11:41 2026: Image # 27, module MaskImage # 8: CPU_time = 0.22 secs, Wall_time = 0.11 secs
Mon Aug 24 15:11:41 2026: Image # 27, module MaskObjects # 9: CPU_time = 0.54 secs, Wall_time = 0.52 secs
Mon Aug 24 15:11:42 2026: Image # 27, module ExpandOrShrinkObjects # 10: CPU_time = 0.88 secs, Wall_time = 0.88 secs
Mon Aug 24 15:11:43 2026: Image # 27, module ExpandOrShrinkObjects # 11: CPU_time = 0.91 secs, Wall_time = 0.91 secs
Mon Aug 24 15:11:44 2026: Image # 27, module MaskObjects # 12: CPU_time = 0.59 secs, Wall_time = 0.58 secs
Mon Aug 24 15:11:44 2026: Image # 27, module EnhanceOrSuppressFeatures # 13: CPU_time = 1.08 secs, Wall_time = 1.08 secs
Mon Aug 24 15:11:45 2026: Image # 27, module IdentifyPrimaryObjects # 14: CPU_time = 3.71 secs, Wall_time = 3.71 secs
Mon Aug 24 15:11:49 2026: Image # 27, module MaskObjects # 15: CPU_time = 0.55 secs, Wall_time = 0.56 secs
Mon Aug 24 15:11:50 2026: Image # 27, module RelateObjects # 16: CPU_time = 1.42 secs, Wall_time = 1.42 secs
Mon Aug 24 15:11:51 2026: Image # 27, module RelateObjects # 17: CPU_time = 1.41 secs, Wall_time = 1.41 secs
Mon Aug 24 15:11:53 2026: Image # 27, module MeasureObjectIntensity # 18: CPU_time = 18.32 secs, Wall_time = 18.31 secs
Mon Aug 24 15:12:11 2026: Image # 27, module RelateObjects # 19: CPU_time = 0.33 secs, Wall_time = 0.32 secs
Mon Aug 24 15:12:11 2026: Image # 27, module ExportToSpreadsheet # 20: CPU_time = 0.00 secs, Wall_time = 0.00 secs
Mon Aug 24 15:12:11 2026: Image # 28, module Images # 1: CPU_time = 0.00 secs, Wall_time = 0.00 secs
Mon Aug 24 15:12:11 2026: Image # 28, module Metadata # 2: CPU_time = 0.00 secs, Wall_time = 0.00 secs
Mon Aug 24 15:12:11 2026: Image # 28, module NamesAndTypes # 3: CPU_time = 4.04 secs, Wall_time = 4.96 secs
Mon Aug 24 15:12:16 2026: Image # 28, module Groups # 4: CPU_time = 0.00 secs, Wall_time = 0.00 secs
Mon Aug 24 15:12:16 2026: Image # 28, module FilterObjects # 5: CPU_time = 1.47 secs, Wall_time = 1.47 secs
Mon Aug 24 15:12:18 2026: Image # 28, module FilterObjects # 6: CPU_time = 1.34 secs, Wall_time = 1.34 secs
Mon Aug 24 15:12:19 2026: Image # 28, module MaskImage # 7: CPU_time = 0.21 secs, Wall_time = 0.10 secs
Mon Aug 24 15:12:19 2026: Image # 28, module MaskImage # 8: CPU_time = 0.11 secs, Wall_time = 0.10 secs
Mon Aug 24 15:12:19 2026: Image # 28, module MaskObjects # 9: CPU_time = 0.52 secs, Wall_time = 0.52 secs
Mon Aug 24 15:12:20 2026: Image # 28, module ExpandOrShrinkObjects # 10: CPU_time = 0.86 secs, Wall_time = 0.87 secs
Mon Aug 24 15:12:21 2026: Image # 28, module ExpandOrShrinkObjects # 11: CPU_time = 0.92 secs, Wall_time = 0.91 secs
Mon Aug 24 15:12:21 2026: Image # 28, module MaskObjects # 12: CPU_time = 0.57 secs, Wall_time = 0.57 secs
Mon Aug 24 15:12:22 2026: Image # 28, module EnhanceOrSuppressFeatures # 13: CPU_time = 1.08 secs, Wall_time = 1.09 secs
Mon Aug 24 15:12:23 2026: Image # 28, module IdentifyPrimaryObjects # 14: CPU_time = 3.27 secs, Wall_time = 3.26 secs
Mon Aug 24 15:12:26 2026: Image # 28, module MaskObjects # 15: CPU_time = 0.53 secs, Wall_time = 0.53 secs
Mon Aug 24 15:12:27 2026: Image # 28, module RelateObjects # 16: CPU_time = 1.10 secs, Wall_time = 1.10 secs
Mon Aug 24 15:12:28 2026: Image # 28, module RelateObjects # 17: CPU_time = 1.10 secs, Wall_time = 1.10 secs
Mon Aug 24 15:12:29 2026: Image # 28, module MeasureObjectIntensity # 18: CPU_time = 15.28 secs, Wall_time = 15.26 secs
Mon Aug 24 15:12:44 2026: Image # 28, module RelateObjects # 19: CPU_time = 0.25 secs, Wall_time = 0.25 secs
Mon Aug 24 15:12:45 2026: Image # 28, module ExportToSpreadsheet # 20: CPU_time = 0.00 secs, Wall_time = 0.00 secs
Mon Aug 24 15:12:45 2026: Image # 29, module Images # 1: CPU_time = 0.00 secs, Wall_time = 0.00 secs
Mon Aug 24 15:12:45 2026: Image # 29, module Metadata # 2: CPU_time = 0.00 secs, Wall_time = 0.00 secs
Mon Aug 24 15:12:45 2026: Image # 29, module NamesAndTypes # 3: CPU_time = 4.27 secs, Wall_time = 5.92 secs
Mon Aug 24 15:12:51 2026: Image # 29, module Groups # 4: CPU_time = 0.00 secs, Wall_time = 0.00 secs
Mon Aug 24 15:12:51 2026: Image # 29, module FilterObjects # 5: CPU_time = 1.60 secs, Wall_time = 1.60 secs
Mon Aug 24 15:12:52 2026: Image # 29, module FilterObjects # 6: CPU_time = 1.42 secs, Wall_time = 1.42 secs
Mon Aug 24 15:12:54 2026: Image # 29, module MaskImage # 7: CPU_time = 0.30 secs, Wall_time = 0.14 secs
Mon Aug 24 15:12:54 2026: Image # 29, module MaskImage # 8: CPU_time = 0.15 secs, Wall_time = 0.12 secs
Mon Aug 24 15:12:54 2026: Image # 29, module MaskObjects # 9: CPU_time = 0.54 secs, Wall_time = 0.53 secs
Mon Aug 24 15:12:54 2026: Image # 29, module ExpandOrShrinkObjects # 10: CPU_time = 0.83 secs, Wall_time = 0.83 secs
Mon Aug 24 15:12:55 2026: Image # 29, module ExpandOrShrinkObjects # 11: CPU_time = 0.86 secs, Wall_time = 0.86 secs
Mon Aug 24 15:12:56 2026: Image # 29, module MaskObjects # 12: CPU_time = 0.55 secs, Wall_time = 0.55 secs
Mon Aug 24 15:12:57 2026: Image # 29, module EnhanceOrSuppressFeatures # 13: CPU_time = 1.09 secs, Wall_time = 1.08 secs
Mon Aug 24 15:12:58 2026: Image # 29, module IdentifyPrimaryObjects # 14: CPU_time = 3.43 secs, Wall_time = 3.42 secs
Mon Aug 24 15:13:01 2026: Image # 29, module MaskObjects # 15: CPU_time = 0.53 secs, Wall_time = 0.53 secs
Mon Aug 24 15:13:02 2026: Image # 29, module RelateObjects # 16: CPU_time = 1.26 secs, Wall_time = 1.26 secs
Mon Aug 24 15:13:03 2026: Image # 29, module RelateObjects # 17: CPU_time = 1.26 secs, Wall_time = 1.26 secs
Mon Aug 24 15:13:04 2026: Image # 29, module MeasureObjectIntensity # 18: CPU_time = 16.53 secs, Wall_time = 16.51 secs
Mon Aug 24 15:13:21 2026: Image # 29, module RelateObjects # 19: CPU_time = 0.28 secs, Wall_time = 0.28 secs
Mon Aug 24 15:13:21 2026: Image # 29, module ExportToSpreadsheet # 20: CPU_time = 0.00 secs, Wall_time = 0.00 secs
Mon Aug 24 15:13:21 2026: Image # 30, module Images # 1: CPU_time = 0.00 secs, Wall_time = 0.00 secs
Mon Aug 24 15:13:21 2026: Image # 30, module Metadata # 2: CPU_time = 0.00 secs, Wall_time = 0.00 secs
Mon Aug 24 15:13:21 2026: Image # 30, module NamesAndTypes # 3: CPU_time = 3.98 secs, Wall_time = 5.16 secs
Mon Aug 24 15:13:26 2026: Image # 30, module Groups # 4: CPU_time = 0.00 secs, Wall_time = 0.00 secs
Mon Aug 24 15:13:26 2026: Image # 30, module FilterObjects # 5: CPU_time = 1.38 secs, Wall_time = 1.38 secs
Mon Aug 24 15:13:28 2026: Image # 30, module FilterObjects # 6: CPU_time = 1.29 secs, Wall_time = 1.29 secs
Mon Aug 24 15:13:29 2026: Image # 30, module MaskImage # 7: CPU_time = 0.21 secs, Wall_time = 0.11 secs
Mon Aug 24 15:13:29 2026: Image # 30, module MaskImage # 8: CPU_time = 0.24 secs, Wall_time = 0.11 secs
Mon Aug 24 15:13:29 2026: Image # 30, module MaskObjects # 9: CPU_time = 0.52 secs, Wall_time = 0.51 secs
Mon Aug 24 15:13:30 2026: Image # 30, module ExpandOrShrinkObjects # 10: CPU_time = 0.79 secs, Wall_time = 0.79 secs
Mon Aug 24 15:13:30 2026: Image # 30, module ExpandOrShrinkObjects # 11: CPU_time = 0.86 secs, Wall_time = 0.86 secs
Mon Aug 24 15:13:31 2026: Image # 30, module MaskObjects # 12: CPU_time = 0.56 secs, Wall_time = 0.57 secs
Mon Aug 24 15:13:32 2026: Image # 30, module EnhanceOrSuppressFeatures # 13: CPU_time = 1.09 secs, Wall_time = 1.08 secs
Mon Aug 24 15:13:33 2026: Image # 30, module IdentifyPrimaryObjects # 14: CPU_time = 3.27 secs, Wall_time = 3.26 secs
Mon Aug 24 15:13:36 2026: Image # 30, module MaskObjects # 15: CPU_time = 0.53 secs, Wall_time = 0.52 secs
Mon Aug 24 15:13:37 2026: Image # 30, module RelateObjects # 16: CPU_time = 1.07 secs, Wall_time = 1.07 secs
Mon Aug 24 15:13:38 2026: Image # 30, module RelateObjects # 17: CPU_time = 1.07 secs, Wall_time = 1.07 secs
Mon Aug 24 15:13:39 2026: Image # 30, module MeasureObjectIntensity # 18: CPU_time = 15.59 secs, Wall_time = 15.57 secs
Mon Aug 24 15:13:54 2026: Image # 30, module RelateObjects # 19: CPU_time = 0.23 secs, Wall_time = 0.23 secs
Mon Aug 24 15:13:55 2026: Image # 30, module ExportToSpreadsheet # 20: CPU_time = 0.00 secs, Wall_time = 0.00 secs
Mon Aug 24 15:13:55 2026: Image # 31, module Images # 1: CPU_time = 0.00 secs, Wall_time = 0.00 secs
Mon Aug 24 15:13:55 2026: Image # 31, module Metadata # 2: CPU_time = 0.00 secs, Wall_time = 0.00 secs
Mon Aug 24 15:13:55 2026: Image # 31, module NamesAndTypes # 3: CPU_time = 4.40 secs, Wall_time = 4.59 secs
Mon Aug 24 15:13:59 2026: Image # 31, module Groups # 4: CPU_time = 0.00 secs, Wall_time = 0.00 secs
Mon Aug 24 15:13:59 2026: Image # 31, module FilterObjects # 5: CPU_time = 1.42 secs, Wall_time = 1.42 secs
Mon Aug 24 15:14:01 2026: Image # 31, module FilterObjects # 6: CPU_time = 1.32 secs, Wall_time = 1.32 secs
Mon Aug 24 15:14:02 2026: Image # 31, module MaskImage # 7: CPU_time = 0.23 secs, Wall_time = 0.10 secs
Mon Aug 24 15:14:02 2026: Image # 31, module MaskImage # 8: CPU_time = 0.10 secs, Wall_time = 0.10 secs
Mon Aug 24 15:14:02 2026: Image # 31, module MaskObjects # 9: CPU_time = 0.51 secs, Wall_time = 0.51 secs
Mon Aug 24 15:14:03 2026: Image # 31, module ExpandOrShrinkObjects # 10: CPU_time = 0.82 secs, Wall_time = 0.81 secs
Mon Aug 24 15:14:04 2026: Image # 31, module ExpandOrShrinkObjects # 11: CPU_time = 0.84 secs, Wall_time = 0.85 secs
Mon Aug 24 15:14:04 2026: Image # 31, module MaskObjects # 12: CPU_time = 0.57 secs, Wall_time = 0.57 secs
Mon Aug 24 15:14:05 2026: Image # 31, module EnhanceOrSuppressFeatures # 13: CPU_time = 1.07 secs, Wall_time = 1.07 secs
Mon Aug 24 15:14:06 2026: Image # 31, module IdentifyPrimaryObjects # 14: CPU_time = 3.38 secs, Wall_time = 3.37 secs
Mon Aug 24 15:14:09 2026: Image # 31, module MaskObjects # 15: CPU_time = 0.53 secs, Wall_time = 0.53 secs
Mon Aug 24 15:14:10 2026: Image # 31, module RelateObjects # 16: CPU_time = 1.12 secs, Wall_time = 1.11 secs
Mon Aug 24 15:14:11 2026: Image # 31, module RelateObjects # 17: CPU_time = 1.11 secs, Wall_time = 1.10 secs
Mon Aug 24 15:14:12 2026: Image # 31, module MeasureObjectIntensity # 18: CPU_time = 15.65 secs, Wall_time = 15.63 secs
Mon Aug 24 15:14:28 2026: Image # 31, module RelateObjects # 19: CPU_time = 0.26 secs, Wall_time = 0.25 secs
Mon Aug 24 15:14:28 2026: Image # 31, module ExportToSpreadsheet # 20: CPU_time = 0.00 secs, Wall_time = 0.00 secs
Mon Aug 24 15:14:28 2026: Image # 32, module Images # 1: CPU_time = 0.00 secs, Wall_time = 0.00 secs
Mon Aug 24 15:14:28 2026: Image # 32, module Metadata # 2: CPU_time = 0.00 secs, Wall_time = 0.00 secs
Mon Aug 24 15:14:28 2026: Image # 32, module NamesAndTypes # 3: CPU_time = 4.04 secs, Wall_time = 4.98 secs
Mon Aug 24 15:14:33 2026: Image # 32, module Groups # 4: CPU_time = 0.00 secs, Wall_time = 0.00 secs
Mon Aug 24 15:14:33 2026: Image # 32, module FilterObjects # 5: CPU_time = 1.51 secs, Wall_time = 1.51 secs
Mon Aug 24 15:14:35 2026: Image # 32, module FilterObjects # 6: CPU_time = 1.39 secs, Wall_time = 1.38 secs
Mon Aug 24 15:14:36 2026: Image # 32, module MaskImage # 7: CPU_time = 0.22 secs, Wall_time = 0.11 secs
Mon Aug 24 15:14:36 2026: Image # 32, module MaskImage # 8: CPU_time = 0.24 secs, Wall_time = 0.11 secs
Mon Aug 24 15:14:36 2026: Image # 32, module MaskObjects # 9: CPU_time = 0.53 secs, Wall_time = 0.53 secs
Mon Aug 24 15:14:37 2026: Image # 32, module ExpandOrShrinkObjects # 10: CPU_time = 0.93 secs, Wall_time = 0.93 secs
Mon Aug 24 15:14:38 2026: Image # 32, module ExpandOrShrinkObjects # 11: CPU_time = 0.98 secs, Wall_time = 0.98 secs
Mon Aug 24 15:14:39 2026: Image # 32, module MaskObjects # 12: CPU_time = 0.55 secs, Wall_time = 0.56 secs
Mon Aug 24 15:14:39 2026: Image # 32, module EnhanceOrSuppressFeatures # 13: CPU_time = 1.09 secs, Wall_time = 1.09 secs
Mon Aug 24 15:14:40 2026: Image # 32, module IdentifyPrimaryObjects # 14: CPU_time = 3.49 secs, Wall_time = 3.48 secs
Mon Aug 24 15:14:44 2026: Image # 32, module MaskObjects # 15: CPU_time = 0.52 secs, Wall_time = 0.52 secs
Mon Aug 24 15:14:44 2026: Image # 32, module RelateObjects # 16: CPU_time = 1.25 secs, Wall_time = 1.26 secs
Mon Aug 24 15:14:46 2026: Image # 32, module RelateObjects # 17: CPU_time = 1.25 secs, Wall_time = 1.25 secs
Mon Aug 24 15:14:47 2026: Image # 32, module MeasureObjectIntensity # 18: CPU_time = 16.54 secs, Wall_time = 16.54 secs
Mon Aug 24 15:15:03 2026: Image # 32, module RelateObjects # 19: CPU_time = 0.29 secs, Wall_time = 0.28 secs
Mon Aug 24 15:15:04 2026: Image # 32, module ExportToSpreadsheet # 20: CPU_time = 0.00 secs, Wall_time = 0.00 secs
Mon Aug 24 15:15:04 2026: Image # 33, module Images # 1: CPU_time = 0.00 secs, Wall_time = 0.00 secs
Mon Aug 24 15:15:04 2026: Image # 33, module Metadata # 2: CPU_time = 0.00 secs, Wall_time = 0.00 secs
Mon Aug 24 15:15:04 2026: Image # 33, module NamesAndTypes # 3: CPU_time = 4.13 secs, Wall_time = 4.53 secs
Mon Aug 24 15:15:08 2026: Image # 33, module Groups # 4: CPU_time = 0.00 secs, Wall_time = 0.00 secs
Mon Aug 24 15:15:08 2026: Image # 33, module FilterObjects # 5: CPU_time = 1.54 secs, Wall_time = 1.54 secs
Mon Aug 24 15:15:10 2026: Image # 33, module FilterObjects # 6: CPU_time = 1.45 secs, Wall_time = 1.45 secs
Mon Aug 24 15:15:11 2026: Image # 33, module MaskImage # 7: CPU_time = 0.21 secs, Wall_time = 0.10 secs
Mon Aug 24 15:15:11 2026: Image # 33, module MaskImage # 8: CPU_time = 0.21 secs, Wall_time = 0.10 secs
Mon Aug 24 15:15:11 2026: Image # 33, module MaskObjects # 9: CPU_time = 0.52 secs, Wall_time = 0.52 secs
Mon Aug 24 15:15:12 2026: Image # 33, module ExpandOrShrinkObjects # 10: CPU_time = 0.94 secs, Wall_time = 0.94 secs
Mon Aug 24 15:15:13 2026: Image # 33, module ExpandOrShrinkObjects # 11: CPU_time = 0.97 secs, Wall_time = 0.97 secs
Mon Aug 24 15:15:14 2026: Image # 33, module MaskObjects # 12: CPU_time = 0.56 secs, Wall_time = 0.56 secs
Mon Aug 24 15:15:14 2026: Image # 33, module EnhanceOrSuppressFeatures # 13: CPU_time = 1.08 secs, Wall_time = 1.08 secs
Mon Aug 24 15:15:16 2026: Image # 33, module IdentifyPrimaryObjects # 14: CPU_time = 3.52 secs, Wall_time = 3.52 secs
Mon Aug 24 15:15:19 2026: Image # 33, module MaskObjects # 15: CPU_time = 0.52 secs, Wall_time = 0.52 secs
Mon Aug 24 15:15:20 2026: Image # 33, module RelateObjects # 16: CPU_time = 1.35 secs, Wall_time = 1.36 secs
Mon Aug 24 15:15:21 2026: Image # 33, module RelateObjects # 17: CPU_time = 1.34 secs, Wall_time = 1.33 secs
Mon Aug 24 15:15:22 2026: Image # 33, module MeasureObjectIntensity # 18: CPU_time = 17.43 secs, Wall_time = 17.41 secs
Mon Aug 24 15:15:40 2026: Image # 33, module RelateObjects # 19: CPU_time = 0.32 secs, Wall_time = 0.31 secs
Mon Aug 24 15:15:40 2026: Image # 33, module ExportToSpreadsheet # 20: CPU_time = 0.00 secs, Wall_time = 0.00 secs
Mon Aug 24 15:15:40 2026: Image # 34, module Images # 1: CPU_time = 0.00 secs, Wall_time = 0.00 secs
Mon Aug 24 15:15:40 2026: Image # 34, module Metadata # 2: CPU_time = 0.00 secs, Wall_time = 0.00 secs
Mon Aug 24 15:15:40 2026: Image # 34, module NamesAndTypes # 3: CPU_time = 4.07 secs, Wall_time = 4.10 secs
Mon Aug 24 15:15:44 2026: Image # 34, module Groups # 4: CPU_time = 0.00 secs, Wall_time = 0.00 secs
Mon Aug 24 15:15:44 2026: Image # 34, module FilterObjects # 5: CPU_time = 1.36 secs, Wall_time = 1.36 secs
Mon Aug 24 15:15:45 2026: Image # 34, module FilterObjects # 6: CPU_time = 1.26 secs, Wall_time = 1.26 secs
Mon Aug 24 15:15:47 2026: Image # 34, module MaskImage # 7: CPU_time = 0.22 secs, Wall_time = 0.11 secs
Mon Aug 24 15:15:47 2026: Image # 34, module MaskImage # 8: CPU_time = 0.23 secs, Wall_time = 0.11 secs
Mon Aug 24 15:15:47 2026: Image # 34, module MaskObjects # 9: CPU_time = 0.51 secs, Wall_time = 0.51 secs
Mon Aug 24 15:15:47 2026: Image # 34, module ExpandOrShrinkObjects # 10: CPU_time = 1.01 secs, Wall_time = 1.00 secs
Mon Aug 24 15:15:48 2026: Image # 34, module ExpandOrShrinkObjects # 11: CPU_time = 1.03 secs, Wall_time = 1.03 secs
Mon Aug 24 15:15:50 2026: Image # 34, module MaskObjects # 12: CPU_time = 0.57 secs, Wall_time = 0.57 secs
Mon Aug 24 15:15:50 2026: Image # 34, module EnhanceOrSuppressFeatures # 13: CPU_time = 1.07 secs, Wall_time = 1.07 secs
Mon Aug 24 15:15:51 2026: Image # 34, module IdentifyPrimaryObjects # 14: CPU_time = 3.35 secs, Wall_time = 3.35 secs
Mon Aug 24 15:15:55 2026: Image # 34, module MaskObjects # 15: CPU_time = 0.53 secs, Wall_time = 0.53 secs
Mon Aug 24 15:15:55 2026: Image # 34, module RelateObjects # 16: CPU_time = 1.05 secs, Wall_time = 1.05 secs
Mon Aug 24 15:15:56 2026: Image # 34, module RelateObjects # 17: CPU_time = 1.07 secs, Wall_time = 1.06 secs
Mon Aug 24 15:15:57 2026: Image # 34, module MeasureObjectIntensity # 18: CPU_time = 15.25 secs, Wall_time = 15.24 secs
Mon Aug 24 15:16:12 2026: Image # 34, module RelateObjects # 19: CPU_time = 0.24 secs, Wall_time = 0.23 secs
Mon Aug 24 15:16:13 2026: Image # 34, module ExportToSpreadsheet # 20: CPU_time = 0.00 secs, Wall_time = 0.00 secs
Mon Aug 24 15:16:13 2026: Image # 35, module Images # 1: CPU_time = 0.00 secs, Wall_time = 0.00 secs
Mon Aug 24 15:16:13 2026: Image # 35, module Metadata # 2: CPU_time = 0.00 secs, Wall_time = 0.00 secs
Mon Aug 24 15:16:13 2026: Image # 35, module NamesAndTypes # 3: CPU_time = 4.06 secs, Wall_time = 4.48 secs
Mon Aug 24 15:16:17 2026: Image # 35, module Groups # 4: CPU_time = 0.00 secs, Wall_time = 0.00 secs
Mon Aug 24 15:16:17 2026: Image # 35, module FilterObjects # 5: CPU_time = 1.47 secs, Wall_time = 1.47 secs
Mon Aug 24 15:16:19 2026: Image # 35, module FilterObjects # 6: CPU_time = 1.34 secs, Wall_time = 1.33 secs
Mon Aug 24 15:16:20 2026: Image # 35, module MaskImage # 7: CPU_time = 0.22 secs, Wall_time = 0.10 secs
Mon Aug 24 15:16:20 2026: Image # 35, module MaskImage # 8: CPU_time = 0.12 secs, Wall_time = 0.11 secs
Mon Aug 24 15:16:20 2026: Image # 35, module MaskObjects # 9: CPU_time = 0.53 secs, Wall_time = 0.53 secs
Mon Aug 24 15:16:21 2026: Image # 35, module ExpandOrShrinkObjects # 10: CPU_time = 0.88 secs, Wall_time = 0.88 secs
Mon Aug 24 15:16:22 2026: Image # 35, module ExpandOrShrinkObjects # 11: CPU_time = 0.90 secs, Wall_time = 0.91 secs
Mon Aug 24 15:16:22 2026: Image # 35, module MaskObjects # 12: CPU_time = 0.56 secs, Wall_time = 0.55 secs
Mon Aug 24 15:16:23 2026: Image # 35, module EnhanceOrSuppressFeatures # 13: CPU_time = 1.08 secs, Wall_time = 1.09 secs
Mon Aug 24 15:16:24 2026: Image # 35, module IdentifyPrimaryObjects # 14: CPU_time = 3.41 secs, Wall_time = 3.41 secs
Mon Aug 24 15:16:28 2026: Image # 35, module MaskObjects # 15: CPU_time = 0.51 secs, Wall_time = 0.52 secs
Mon Aug 24 15:16:28 2026: Image # 35, module RelateObjects # 16: CPU_time = 1.19 secs, Wall_time = 1.19 secs
Mon Aug 24 15:16:29 2026: Image # 35, module RelateObjects # 17: CPU_time = 1.18 secs, Wall_time = 1.18 secs
Mon Aug 24 15:16:30 2026: Image # 35, module MeasureObjectIntensity # 18: CPU_time = 15.83 secs, Wall_time = 15.80 secs
Mon Aug 24 15:16:46 2026: Image # 35, module RelateObjects # 19: CPU_time = 0.27 secs, Wall_time = 0.27 secs
Mon Aug 24 15:16:47 2026: Image # 35, module ExportToSpreadsheet # 20: CPU_time = 0.00 secs, Wall_time = 0.00 secs
Mon Aug 24 15:16:47 2026: Image # 36, module Images # 1: CPU_time = 0.00 secs, Wall_time = 0.00 secs
Mon Aug 24 15:16:47 2026: Image # 36, module Metadata # 2: CPU_time = 0.00 secs, Wall_time = 0.00 secs
Mon Aug 24 15:16:47 2026: Image # 36, module NamesAndTypes # 3: CPU_time = 3.99 secs, Wall_time = 4.33 secs
Mon Aug 24 15:16:51 2026: Image # 36, module Groups # 4: CPU_time = 0.00 secs, Wall_time = 0.00 secs
Mon Aug 24 15:16:51 2026: Image # 36, module FilterObjects # 5: CPU_time = 1.38 secs, Wall_time = 1.38 secs
Mon Aug 24 15:16:52 2026: Image # 36, module FilterObjects # 6: CPU_time = 1.26 secs, Wall_time = 1.26 secs
Mon Aug 24 15:16:54 2026: Image # 36, module MaskImage # 7: CPU_time = 0.29 secs, Wall_time = 0.14 secs
Mon Aug 24 15:16:54 2026: Image # 36, module MaskImage # 8: CPU_time = 0.14 secs, Wall_time = 0.10 secs
Mon Aug 24 15:16:54 2026: Image # 36, module MaskObjects # 9: CPU_time = 0.50 secs, Wall_time = 0.50 secs
Mon Aug 24 15:16:54 2026: Image # 36, module ExpandOrShrinkObjects # 10: CPU_time = 0.77 secs, Wall_time = 0.78 secs
Mon Aug 24 15:16:55 2026: Image # 36, module ExpandOrShrinkObjects # 11: CPU_time = 0.82 secs, Wall_time = 0.83 secs
Mon Aug 24 15:16:56 2026: Image # 36, module MaskObjects # 12: CPU_time = 0.58 secs, Wall_time = 0.58 secs
Mon Aug 24 15:16:56 2026: Image # 36, module EnhanceOrSuppressFeatures # 13: CPU_time = 1.08 secs, Wall_time = 1.08 secs
Mon Aug 24 15:16:58 2026: Image # 36, module IdentifyPrimaryObjects # 14: CPU_time = 3.27 secs, Wall_time = 3.26 secs
Mon Aug 24 15:17:01 2026: Image # 36, module MaskObjects # 15: CPU_time = 0.51 secs, Wall_time = 0.51 secs
Mon Aug 24 15:17:01 2026: Image # 36, module RelateObjects # 16: CPU_time = 1.06 secs, Wall_time = 1.06 secs
Mon Aug 24 15:17:02 2026: Image # 36, module RelateObjects # 17: CPU_time = 1.07 secs, Wall_time = 1.06 secs
Mon Aug 24 15:17:03 2026: Image # 36, module MeasureObjectIntensity # 18: CPU_time = 15.19 secs, Wall_time = 15.17 secs
Mon Aug 24 15:17:19 2026: Image # 36, module RelateObjects # 19: CPU_time = 0.23 secs, Wall_time = 0.23 secs
Mon Aug 24 15:17:19 2026: Image # 36, module ExportToSpreadsheet # 20: CPU_time = 0.00 secs, Wall_time = 0.00 secs
Mon Aug 24 15:17:19 2026: Image # 37, module Images # 1: CPU_time = 0.00 secs, Wall_time = 0.00 secs
Mon Aug 24 15:17:19 2026: Image # 37, module Metadata # 2: CPU_time = 0.00 secs, Wall_time = 0.00 secs
Mon Aug 24 15:17:19 2026: Image # 37, module NamesAndTypes # 3: CPU_time = 4.12 secs, Wall_time = 4.09 secs
Mon Aug 24 15:17:23 2026: Image # 37, module Groups # 4: CPU_time = 0.00 secs, Wall_time = 0.00 secs
Mon Aug 24 15:17:23 2026: Image # 37, module FilterObjects # 5: CPU_time = 1.47 secs, Wall_time = 1.47 secs
Mon Aug 24 15:17:24 2026: Image # 37, module FilterObjects # 6: CPU_time = 1.33 secs, Wall_time = 1.33 secs
Mon Aug 24 15:17:26 2026: Image # 37, module MaskImage # 7: CPU_time = 0.24 secs, Wall_time = 0.11 secs
Mon Aug 24 15:17:26 2026: Image # 37, module MaskImage # 8: CPU_time = 0.23 secs, Wall_time = 0.11 secs
Mon Aug 24 15:17:26 2026: Image # 37, module MaskObjects # 9: CPU_time = 0.51 secs, Wall_time = 0.52 secs
Mon Aug 24 15:17:27 2026: Image # 37, module ExpandOrShrinkObjects # 10: CPU_time = 0.79 secs, Wall_time = 0.80 secs
Mon Aug 24 15:17:27 2026: Image # 37, module ExpandOrShrinkObjects # 11: CPU_time = 0.86 secs, Wall_time = 0.85 secs
Mon Aug 24 15:17:28 2026: Image # 37, module MaskObjects # 12: CPU_time = 0.55 secs, Wall_time = 0.55 secs
Mon Aug 24 15:17:29 2026: Image # 37, module EnhanceOrSuppressFeatures # 13: CPU_time = 1.09 secs, Wall_time = 1.09 secs
Mon Aug 24 15:17:30 2026: Image # 37, module IdentifyPrimaryObjects # 14: CPU_time = 3.28 secs, Wall_time = 3.28 secs
Mon Aug 24 15:17:33 2026: Image # 37, module MaskObjects # 15: CPU_time = 0.53 secs, Wall_time = 0.52 secs
Mon Aug 24 15:17:34 2026: Image # 37, module RelateObjects # 16: CPU_time = 1.18 secs, Wall_time = 1.18 secs
Mon Aug 24 15:17:35 2026: Image # 37, module RelateObjects # 17: CPU_time = 1.18 secs, Wall_time = 1.17 secs
Mon Aug 24 15:17:36 2026: Image # 37, module MeasureObjectIntensity # 18: CPU_time = 16.17 secs, Wall_time = 16.16 secs
Mon Aug 24 15:17:52 2026: Image # 37, module RelateObjects # 19: CPU_time = 0.27 secs, Wall_time = 0.27 secs
Mon Aug 24 15:17:52 2026: Image # 37, module ExportToSpreadsheet # 20: CPU_time = 0.00 secs, Wall_time = 0.00 secs
Mon Aug 24 15:17:52 2026: Image # 38, module Images # 1: CPU_time = 0.00 secs, Wall_time = 0.00 secs
Mon Aug 24 15:17:52 2026: Image # 38, module Metadata # 2: CPU_time = 0.00 secs, Wall_time = 0.00 secs
Mon Aug 24 15:17:52 2026: Image # 38, module NamesAndTypes # 3: CPU_time = 3.88 secs, Wall_time = 3.98 secs
Mon Aug 24 15:17:56 2026: Image # 38, module Groups # 4: CPU_time = 0.00 secs, Wall_time = 0.00 secs
Mon Aug 24 15:17:56 2026: Image # 38, module FilterObjects # 5: CPU_time = 1.26 secs, Wall_time = 1.25 secs
Mon Aug 24 15:17:58 2026: Image # 38, module FilterObjects # 6: CPU_time = 1.22 secs, Wall_time = 1.22 secs
Mon Aug 24 15:17:59 2026: Image # 38, module MaskImage # 7: CPU_time = 0.20 secs, Wall_time = 0.10 secs
Mon Aug 24 15:17:59 2026: Image # 38, module MaskImage # 8: CPU_time = 0.10 secs, Wall_time = 0.10 secs
Mon Aug 24 15:17:59 2026: Image # 38, module MaskObjects # 9: CPU_time = 0.51 secs, Wall_time = 0.50 secs
Mon Aug 24 15:18:00 2026: Image # 38, module ExpandOrShrinkObjects # 10: CPU_time = 0.76 secs, Wall_time = 0.77 secs
Mon Aug 24 15:18:00 2026: Image # 38, module ExpandOrShrinkObjects # 11: CPU_time = 0.81 secs, Wall_time = 0.82 secs
Mon Aug 24 15:18:01 2026: Image # 38, module MaskObjects # 12: CPU_time = 0.59 secs, Wall_time = 0.58 secs
Mon Aug 24 15:18:02 2026: Image # 38, module EnhanceOrSuppressFeatures # 13: CPU_time = 1.08 secs, Wall_time = 1.08 secs
Mon Aug 24 15:18:03 2026: Image # 38, module IdentifyPrimaryObjects # 14: CPU_time = 3.17 secs, Wall_time = 3.17 secs
Mon Aug 24 15:18:06 2026: Image # 38, module MaskObjects # 15: CPU_time = 0.52 secs, Wall_time = 0.51 secs
Mon Aug 24 15:18:07 2026: Image # 38, module RelateObjects # 16: CPU_time = 0.93 secs, Wall_time = 0.93 secs
Mon Aug 24 15:18:08 2026: Image # 38, module RelateObjects # 17: CPU_time = 0.92 secs, Wall_time = 0.93 secs
Mon Aug 24 15:18:08 2026: Image # 38, module MeasureObjectIntensity # 18: CPU_time = 14.21 secs, Wall_time = 14.21 secs
Mon Aug 24 15:18:23 2026: Image # 38, module RelateObjects # 19: CPU_time = 0.21 secs, Wall_time = 0.21 secs
Mon Aug 24 15:18:23 2026: Image # 38, module ExportToSpreadsheet # 20: CPU_time = 0.00 secs, Wall_time = 0.00 secs
Mon Aug 24 15:18:23 2026: Image # 39, module Images # 1: CPU_time = 0.00 secs, Wall_time = 0.00 secs
Mon Aug 24 15:18:23 2026: Image # 39, module Metadata # 2: CPU_time = 0.00 secs, Wall_time = 0.00 secs
Mon Aug 24 15:18:23 2026: Image # 39, module NamesAndTypes # 3: CPU_time = 3.66 secs, Wall_time = 4.06 secs
Mon Aug 24 15:18:27 2026: Image # 39, module Groups # 4: CPU_time = 0.00 secs, Wall_time = 0.00 secs
Mon Aug 24 15:18:27 2026: Image # 39, module FilterObjects # 5: CPU_time = 1.20 secs, Wall_time = 1.20 secs
Mon Aug 24 15:18:28 2026: Image # 39, module FilterObjects # 6: CPU_time = 1.17 secs, Wall_time = 1.17 secs
Mon Aug 24 15:18:29 2026: Image # 39, module MaskImage # 7: CPU_time = 0.25 secs, Wall_time = 0.11 secs
Mon Aug 24 15:18:29 2026: Image # 39, module MaskImage # 8: CPU_time = 0.11 secs, Wall_time = 0.11 secs
Mon Aug 24 15:18:30 2026: Image # 39, module MaskObjects # 9: CPU_time = 0.52 secs, Wall_time = 0.51 secs
Mon Aug 24 15:18:30 2026: Image # 39, module ExpandOrShrinkObjects # 10: CPU_time = 0.73 secs, Wall_time = 0.73 secs
Mon Aug 24 15:18:31 2026: Image # 39, module ExpandOrShrinkObjects # 11: CPU_time = 0.79 secs, Wall_time = 0.80 secs
Mon Aug 24 15:18:32 2026: Image # 39, module MaskObjects # 12: CPU_time = 0.58 secs, Wall_time = 0.59 secs
Mon Aug 24 15:18:32 2026: Image # 39, module EnhanceOrSuppressFeatures # 13: CPU_time = 1.09 secs, Wall_time = 1.09 secs
Mon Aug 24 15:18:33 2026: Image # 39, module IdentifyPrimaryObjects # 14: CPU_time = 3.00 secs, Wall_time = 2.99 secs
Mon Aug 24 15:18:36 2026: Image # 39, module MaskObjects # 15: CPU_time = 0.51 secs, Wall_time = 0.51 secs
Mon Aug 24 15:18:37 2026: Image # 39, module RelateObjects # 16: CPU_time = 0.86 secs, Wall_time = 0.87 secs
Mon Aug 24 15:18:38 2026: Image # 39, module RelateObjects # 17: CPU_time = 0.87 secs, Wall_time = 0.87 secs
Mon Aug 24 15:18:39 2026: Image # 39, module MeasureObjectIntensity # 18: CPU_time = 14.33 secs, Wall_time = 14.31 secs
Mon Aug 24 15:18:53 2026: Image # 39, module RelateObjects # 19: CPU_time = 0.19 secs, Wall_time = 0.19 secs
Mon Aug 24 15:18:53 2026: Image # 39, module ExportToSpreadsheet # 20: CPU_time = 0.00 secs, Wall_time = 0.00 secs
Mon Aug 24 15:18:53 2026: Image # 40, module Images # 1: CPU_time = 0.00 secs, Wall_time = 0.00 secs
Mon Aug 24 15:18:53 2026: Image # 40, module Metadata # 2: CPU_time = 0.00 secs, Wall_time = 0.00 secs
Mon Aug 24 15:18:53 2026: Image # 40, module NamesAndTypes # 3: CPU_time = 4.33 secs, Wall_time = 4.64 secs
Mon Aug 24 15:18:58 2026: Image # 40, module Groups # 4: CPU_time = 0.00 secs, Wall_time = 0.00 secs
Mon Aug 24 15:18:58 2026: Image # 40, module FilterObjects # 5: CPU_time = 1.44 secs, Wall_time = 1.45 secs
Mon Aug 24 15:18:59 2026: Image # 40, module FilterObjects # 6: CPU_time = 1.35 secs, Wall_time = 1.34 secs
Mon Aug 24 15:19:00 2026: Image # 40, module MaskImage # 7: CPU_time = 0.21 secs, Wall_time = 0.10 secs
Mon Aug 24 15:19:01 2026: Image # 40, module MaskImage # 8: CPU_time = 0.30 secs, Wall_time = 0.14 secs
Mon Aug 24 15:19:01 2026: Image # 40, module MaskObjects # 9: CPU_time = 0.51 secs, Wall_time = 0.51 secs
Mon Aug 24 15:19:01 2026: Image # 40, module ExpandOrShrinkObjects # 10: CPU_time = 0.94 secs, Wall_time = 0.94 secs
Mon Aug 24 15:19:02 2026: Image # 40, module ExpandOrShrinkObjects # 11: CPU_time = 0.99 secs, Wall_time = 0.99 secs
Mon Aug 24 15:19:03 2026: Image # 40, module MaskObjects # 12: CPU_time = 0.56 secs, Wall_time = 0.56 secs
Mon Aug 24 15:19:04 2026: Image # 40, module EnhanceOrSuppressFeatures # 13: CPU_time = 1.10 secs, Wall_time = 1.10 secs
Mon Aug 24 15:19:05 2026: Image # 40, module IdentifyPrimaryObjects # 14: CPU_time = 3.42 secs, Wall_time = 3.40 secs
Mon Aug 24 15:19:08 2026: Image # 40, module MaskObjects # 15: CPU_time = 0.51 secs, Wall_time = 0.51 secs
Mon Aug 24 15:19:09 2026: Image # 40, module RelateObjects # 16: CPU_time = 1.16 secs, Wall_time = 1.17 secs
Mon Aug 24 15:19:10 2026: Image # 40, module RelateObjects # 17: CPU_time = 1.18 secs, Wall_time = 1.16 secs
Mon Aug 24 15:19:11 2026: Image # 40, module MeasureObjectIntensity # 18: CPU_time = 16.32 secs, Wall_time = 16.31 secs
Mon Aug 24 15:19:27 2026: Image # 40, module RelateObjects # 19: CPU_time = 0.28 secs, Wall_time = 0.28 secs
Mon Aug 24 15:19:28 2026: Image # 40, module ExportToSpreadsheet # 20: CPU_time = 0.00 secs, Wall_time = 0.00 secs
Mon Aug 24 15:19:28 2026: Image # 41, module Images # 1: CPU_time = 0.00 secs, Wall_time = 0.00 secs
Mon Aug 24 15:19:28 2026: Image # 41, module Metadata # 2: CPU_time = 0.00 secs, Wall_time = 0.00 secs
Mon Aug 24 15:19:28 2026: Image # 41, module NamesAndTypes # 3: CPU_time = 4.02 secs, Wall_time = 5.08 secs
Mon Aug 24 15:19:33 2026: Image # 41, module Groups # 4: CPU_time = 0.00 secs, Wall_time = 0.00 secs
Mon Aug 24 15:19:33 2026: Image # 41, module FilterObjects # 5: CPU_time = 1.33 secs, Wall_time = 1.33 secs
Mon Aug 24 15:19:34 2026: Image # 41, module FilterObjects # 6: CPU_time = 1.25 secs, Wall_time = 1.25 secs
Mon Aug 24 15:19:35 2026: Image # 41, module MaskImage # 7: CPU_time = 0.22 secs, Wall_time = 0.11 secs
Mon Aug 24 15:19:36 2026: Image # 41, module MaskImage # 8: CPU_time = 0.26 secs, Wall_time = 0.12 secs
Mon Aug 24 15:19:36 2026: Image # 41, module MaskObjects # 9: CPU_time = 0.53 secs, Wall_time = 0.53 secs
Mon Aug 24 15:19:36 2026: Image # 41, module ExpandOrShrinkObjects # 10: CPU_time = 0.78 secs, Wall_time = 0.78 secs
Mon Aug 24 15:19:37 2026: Image # 41, module ExpandOrShrinkObjects # 11: CPU_time = 0.83 secs, Wall_time = 0.82 secs
Mon Aug 24 15:19:38 2026: Image # 41, module MaskObjects # 12: CPU_time = 0.56 secs, Wall_time = 0.57 secs
Mon Aug 24 15:19:38 2026: Image # 41, module EnhanceOrSuppressFeatures # 13: CPU_time = 1.09 secs, Wall_time = 1.10 secs
Mon Aug 24 15:19:39 2026: Image # 41, module IdentifyPrimaryObjects # 14: CPU_time = 3.31 secs, Wall_time = 3.30 secs
Mon Aug 24 15:19:43 2026: Image # 41, module MaskObjects # 15: CPU_time = 0.53 secs, Wall_time = 0.53 secs
Mon Aug 24 15:19:43 2026: Image # 41, module RelateObjects # 16: CPU_time = 1.02 secs, Wall_time = 1.02 secs
Mon Aug 24 15:19:44 2026: Image # 41, module RelateObjects # 17: CPU_time = 1.02 secs, Wall_time = 1.01 secs
Mon Aug 24 15:19:45 2026: Image # 41, module MeasureObjectIntensity # 18: CPU_time = 15.06 secs, Wall_time = 15.05 secs
Mon Aug 24 15:20:00 2026: Image # 41, module RelateObjects # 19: CPU_time = 0.23 secs, Wall_time = 0.23 secs
Mon Aug 24 15:20:01 2026: Image # 41, module ExportToSpreadsheet # 20: CPU_time = 0.00 secs, Wall_time = 0.00 secs
Mon Aug 24 15:20:01 2026: Image # 42, module Images # 1: CPU_time = 0.00 secs, Wall_time = 0.00 secs
Mon Aug 24 15:20:01 2026: Image # 42, module Metadata # 2: CPU_time = 0.00 secs, Wall_time = 0.00 secs
Mon Aug 24 15:20:01 2026: Image # 42, module NamesAndTypes # 3: CPU_time = 4.35 secs, Wall_time = 4.66 secs
Mon Aug 24 15:20:05 2026: Image # 42, module Groups # 4: CPU_time = 0.00 secs, Wall_time = 0.00 secs
Mon Aug 24 15:20:05 2026: Image # 42, module FilterObjects # 5: CPU_time = 1.42 secs, Wall_time = 1.41 secs
Mon Aug 24 15:20:07 2026: Image # 42, module FilterObjects # 6: CPU_time = 1.31 secs, Wall_time = 1.30 secs
Mon Aug 24 15:20:08 2026: Image # 42, module MaskImage # 7: CPU_time = 0.23 secs, Wall_time = 0.11 secs
Mon Aug 24 15:20:08 2026: Image # 42, module MaskImage # 8: CPU_time = 0.22 secs, Wall_time = 0.11 secs
Mon Aug 24 15:20:08 2026: Image # 42, module MaskObjects # 9: CPU_time = 0.53 secs, Wall_time = 0.53 secs
Mon Aug 24 15:20:09 2026: Image # 42, module ExpandOrShrinkObjects # 10: CPU_time = 0.87 secs, Wall_time = 0.86 secs
Mon Aug 24 15:20:10 2026: Image # 42, module ExpandOrShrinkObjects # 11: CPU_time = 0.90 secs, Wall_time = 0.90 secs
Mon Aug 24 15:20:11 2026: Image # 42, module MaskObjects # 12: CPU_time = 0.57 secs, Wall_time = 0.57 secs
Mon Aug 24 15:20:11 2026: Image # 42, module EnhanceOrSuppressFeatures # 13: CPU_time = 1.08 secs, Wall_time = 1.08 secs
Mon Aug 24 15:20:12 2026: Image # 42, module IdentifyPrimaryObjects # 14: CPU_time = 3.63 secs, Wall_time = 3.64 secs
Mon Aug 24 15:20:16 2026: Image # 42, module MaskObjects # 15: CPU_time = 0.59 secs, Wall_time = 0.59 secs
Mon Aug 24 15:20:16 2026: Image # 42, module RelateObjects # 16: CPU_time = 1.29 secs, Wall_time = 1.29 secs
Mon Aug 24 15:20:18 2026: Image # 42, module RelateObjects # 17: CPU_time = 1.29 secs, Wall_time = 1.29 secs
Mon Aug 24 15:20:19 2026: Image # 42, module MeasureObjectIntensity # 18: CPU_time = 17.54 secs, Wall_time = 17.52 secs
Mon Aug 24 15:20:37 2026: Image # 42, module RelateObjects # 19: CPU_time = 0.24 secs, Wall_time = 0.24 secs
Mon Aug 24 15:20:37 2026: Image # 42, module ExportToSpreadsheet # 20: CPU_time = 0.00 secs, Wall_time = 0.00 secs
Mon Aug 24 15:20:37 2026: Image # 43, module Images # 1: CPU_time = 0.00 secs, Wall_time = 0.00 secs
Mon Aug 24 15:20:37 2026: Image # 43, module Metadata # 2: CPU_time = 0.00 secs, Wall_time = 0.00 secs
Mon Aug 24 15:20:37 2026: Image # 43, module NamesAndTypes # 3: CPU_time = 4.04 secs, Wall_time = 5.41 secs
Mon Aug 24 15:20:42 2026: Image # 43, module Groups # 4: CPU_time = 0.00 secs, Wall_time = 0.00 secs
Mon Aug 24 15:20:42 2026: Image # 43, module FilterObjects # 5: CPU_time = 1.33 secs, Wall_time = 1.33 secs
Mon Aug 24 15:20:44 2026: Image # 43, module FilterObjects # 6: CPU_time = 1.26 secs, Wall_time = 1.26 secs
Mon Aug 24 15:20:45 2026: Image # 43, module MaskImage # 7: CPU_time = 0.23 secs, Wall_time = 0.10 secs
Mon Aug 24 15:20:45 2026: Image # 43, module MaskImage # 8: CPU_time = 0.13 secs, Wall_time = 0.12 secs
Mon Aug 24 15:20:45 2026: Image # 43, module MaskObjects # 9: CPU_time = 0.52 secs, Wall_time = 0.53 secs
Mon Aug 24 15:20:46 2026: Image # 43, module ExpandOrShrinkObjects # 10: CPU_time = 0.91 secs, Wall_time = 0.91 secs
Mon Aug 24 15:20:47 2026: Image # 43, module ExpandOrShrinkObjects # 11: CPU_time = 0.95 secs, Wall_time = 0.95 secs
Mon Aug 24 15:20:47 2026: Image # 43, module MaskObjects # 12: CPU_time = 0.58 secs, Wall_time = 0.58 secs
Mon Aug 24 15:20:48 2026: Image # 43, module EnhanceOrSuppressFeatures # 13: CPU_time = 1.08 secs, Wall_time = 1.08 secs
Mon Aug 24 15:20:49 2026: Image # 43, module IdentifyPrimaryObjects # 14: CPU_time = 3.78 secs, Wall_time = 3.78 secs
Mon Aug 24 15:20:53 2026: Image # 43, module MaskObjects # 15: CPU_time = 0.59 secs, Wall_time = 0.59 secs
Mon Aug 24 15:20:54 2026: Image # 43, module RelateObjects # 16: CPU_time = 1.20 secs, Wall_time = 1.20 secs
Mon Aug 24 15:20:55 2026: Image # 43, module RelateObjects # 17: CPU_time = 1.20 secs, Wall_time = 1.19 secs
Mon Aug 24 15:20:56 2026: Image # 43, module MeasureObjectIntensity # 18: CPU_time = 15.63 secs, Wall_time = 15.61 secs
Mon Aug 24 15:21:12 2026: Image # 43, module RelateObjects # 19: CPU_time = 0.23 secs, Wall_time = 0.24 secs
Mon Aug 24 15:21:12 2026: Image # 43, module ExportToSpreadsheet # 20: CPU_time = 0.01 secs, Wall_time = 0.00 secs
Mon Aug 24 15:21:12 2026: Image # 44, module Images # 1: CPU_time = 0.00 secs, Wall_time = 0.00 secs
Mon Aug 24 15:21:12 2026: Image # 44, module Metadata # 2: CPU_time = 0.00 secs, Wall_time = 0.00 secs
Mon Aug 24 15:21:12 2026: Image # 44, module NamesAndTypes # 3: CPU_time = 3.99 secs, Wall_time = 4.76 secs
Mon Aug 24 15:21:17 2026: Image # 44, module Groups # 4: CPU_time = 0.00 secs, Wall_time = 0.00 secs
Mon Aug 24 15:21:17 2026: Image # 44, module FilterObjects # 5: CPU_time = 1.40 secs, Wall_time = 1.40 secs
Mon Aug 24 15:21:18 2026: Image # 44, module FilterObjects # 6: CPU_time = 1.32 secs, Wall_time = 1.32 secs
Mon Aug 24 15:21:19 2026: Image # 44, module MaskImage # 7: CPU_time = 0.29 secs, Wall_time = 0.13 secs
Mon Aug 24 15:21:19 2026: Image # 44, module MaskImage # 8: CPU_time = 0.11 secs, Wall_time = 0.10 secs
Mon Aug 24 15:21:19 2026: Image # 44, module MaskObjects # 9: CPU_time = 0.53 secs, Wall_time = 0.52 secs
Mon Aug 24 15:21:20 2026: Image # 44, module ExpandOrShrinkObjects # 10: CPU_time = 1.01 secs, Wall_time = 1.01 secs
Mon Aug 24 15:21:21 2026: Image # 44, module ExpandOrShrinkObjects # 11: CPU_time = 1.04 secs, Wall_time = 1.04 secs
Mon Aug 24 15:21:22 2026: Image # 44, module MaskObjects # 12: CPU_time = 0.64 secs, Wall_time = 0.64 secs
Mon Aug 24 15:21:23 2026: Image # 44, module EnhanceOrSuppressFeatures # 13: CPU_time = 1.13 secs, Wall_time = 1.13 secs
Mon Aug 24 15:21:24 2026: Image # 44, module IdentifyPrimaryObjects # 14: CPU_time = 4.89 secs, Wall_time = 4.88 secs
Mon Aug 24 15:21:29 2026: Image # 44, module MaskObjects # 15: CPU_time = 0.71 secs, Wall_time = 0.71 secs
Mon Aug 24 15:21:29 2026: Image # 44, module RelateObjects # 16: CPU_time = 1.30 secs, Wall_time = 1.30 secs
Mon Aug 24 15:21:31 2026: Image # 44, module RelateObjects # 17: CPU_time = 1.32 secs, Wall_time = 1.32 secs
Mon Aug 24 15:21:32 2026: Image # 44, module MeasureObjectIntensity # 18: CPU_time = 19.42 secs, Wall_time = 19.40 secs
Mon Aug 24 15:21:51 2026: Image # 44, module RelateObjects # 19: CPU_time = 0.25 secs, Wall_time = 0.25 secs
Mon Aug 24 15:21:52 2026: Image # 44, module ExportToSpreadsheet # 20: CPU_time = 0.00 secs, Wall_time = 0.00 secs
Mon Aug 24 15:21:52 2026: Image # 45, module Images # 1: CPU_time = 0.00 secs, Wall_time = 0.00 secs
Mon Aug 24 15:21:52 2026: Image # 45, module Metadata # 2: CPU_time = 0.00 secs, Wall_time = 0.00 secs
Mon Aug 24 15:21:52 2026: Image # 45, module NamesAndTypes # 3: CPU_time = 4.24 secs, Wall_time = 4.53 secs
Mon Aug 24 15:21:56 2026: Image # 45, module Groups # 4: CPU_time = 0.00 secs, Wall_time = 0.00 secs
Mon Aug 24 15:21:56 2026: Image # 45, module FilterObjects # 5: CPU_time = 1.48 secs, Wall_time = 1.48 secs
Mon Aug 24 15:21:58 2026: Image # 45, module FilterObjects # 6: CPU_time = 1.35 secs, Wall_time = 1.35 secs
Mon Aug 24 15:21:59 2026: Image # 45, module MaskImage # 7: CPU_time = 0.24 secs, Wall_time = 0.12 secs
Mon Aug 24 15:21:59 2026: Image # 45, module MaskImage # 8: CPU_time = 0.24 secs, Wall_time = 0.11 secs
Mon Aug 24 15:21:59 2026: Image # 45, module MaskObjects # 9: CPU_time = 0.63 secs, Wall_time = 0.64 secs
Mon Aug 24 15:22:00 2026: Image # 45, module ExpandOrShrinkObjects # 10: CPU_time = 1.22 secs, Wall_time = 1.21 secs
Mon Aug 24 15:22:01 2026: Image # 45, module ExpandOrShrinkObjects # 11: CPU_time = 1.25 secs, Wall_time = 1.25 secs
Mon Aug 24 15:22:02 2026: Image # 45, module MaskObjects # 12: CPU_time = 0.69 secs, Wall_time = 0.68 secs
Mon Aug 24 15:22:03 2026: Image # 45, module EnhanceOrSuppressFeatures # 13: CPU_time = 1.09 secs, Wall_time = 1.09 secs
Mon Aug 24 15:22:04 2026: Image # 45, module IdentifyPrimaryObjects # 14: CPU_time = 4.78 secs, Wall_time = 4.78 secs
Mon Aug 24 15:22:09 2026: Image # 45, module MaskObjects # 15: CPU_time = 0.68 secs, Wall_time = 0.69 secs
Mon Aug 24 15:22:10 2026: Image # 45, module RelateObjects # 16: CPU_time = 1.30 secs, Wall_time = 1.30 secs
Mon Aug 24 15:22:11 2026: Image # 45, module RelateObjects # 17: CPU_time = 1.32 secs, Wall_time = 1.33 secs
Mon Aug 24 15:22:12 2026: Image # 45, module MeasureObjectIntensity # 18: CPU_time = 19.46 secs, Wall_time = 19.43 secs
Mon Aug 24 15:22:32 2026: Image # 45, module RelateObjects # 19: CPU_time = 0.26 secs, Wall_time = 0.25 secs
Mon Aug 24 15:22:32 2026: Image # 45, module ExportToSpreadsheet # 20: CPU_time = 0.00 secs, Wall_time = 0.00 secs
Mon Aug 24 15:22:32 2026: Image # 46, module Images # 1: CPU_time = 0.00 secs, Wall_time = 0.00 secs
Mon Aug 24 15:22:32 2026: Image # 46, module Metadata # 2: CPU_time = 0.00 secs, Wall_time = 0.00 secs
Mon Aug 24 15:22:32 2026: Image # 46, module NamesAndTypes # 3: CPU_time = 4.79 secs, Wall_time = 5.28 secs
Mon Aug 24 15:22:37 2026: Image # 46, module Groups # 4: CPU_time = 0.00 secs, Wall_time = 0.00 secs
Mon Aug 24 15:22:37 2026: Image # 46, module FilterObjects # 5: CPU_time = 1.64 secs, Wall_time = 1.63 secs
Mon Aug 24 15:22:39 2026: Image # 46, module FilterObjects # 6: CPU_time = 1.52 secs, Wall_time = 1.52 secs
Mon Aug 24 15:22:41 2026: Image # 46, module MaskImage # 7: CPU_time = 0.27 secs, Wall_time = 0.12 secs
Mon Aug 24 15:22:41 2026: Image # 46, module MaskImage # 8: CPU_time = 0.27 secs, Wall_time = 0.12 secs
Mon Aug 24 15:22:41 2026: Image # 46, module MaskObjects # 9: CPU_time = 0.69 secs, Wall_time = 0.69 secs
Mon Aug 24 15:22:41 2026: Image # 46, module ExpandOrShrinkObjects # 10: CPU_time = 1.36 secs, Wall_time = 1.35 secs
Mon Aug 24 15:22:43 2026: Image # 46, module ExpandOrShrinkObjects # 11: CPU_time = 1.44 secs, Wall_time = 1.43 secs
Mon Aug 24 15:22:44 2026: Image # 46, module MaskObjects # 12: CPU_time = 0.74 secs, Wall_time = 0.75 secs
Mon Aug 24 15:22:45 2026: Image # 46, module EnhanceOrSuppressFeatures # 13: CPU_time = 1.14 secs, Wall_time = 1.14 secs
Mon Aug 24 15:22:46 2026: Image # 46, module IdentifyPrimaryObjects # 14: CPU_time = 5.03 secs, Wall_time = 5.02 secs
Mon Aug 24 15:22:51 2026: Image # 46, module MaskObjects # 15: CPU_time = 0.66 secs, Wall_time = 0.65 secs
Mon Aug 24 15:22:52 2026: Image # 46, module RelateObjects # 16: CPU_time = 1.36 secs, Wall_time = 1.36 secs
Mon Aug 24 15:22:53 2026: Image # 46, module RelateObjects # 17: CPU_time = 1.41 secs, Wall_time = 1.40 secs
Mon Aug 24 15:22:55 2026: Image # 46, module MeasureObjectIntensity # 18: CPU_time = 20.54 secs, Wall_time = 20.53 secs
Mon Aug 24 15:23:15 2026: Image # 46, module RelateObjects # 19: CPU_time = 0.27 secs, Wall_time = 0.27 secs
Mon Aug 24 15:23:15 2026: Image # 46, module ExportToSpreadsheet # 20: CPU_time = 0.00 secs, Wall_time = 0.00 secs
Mon Aug 24 15:23:15 2026: Image # 47, module Images # 1: CPU_time = 0.00 secs, Wall_time = 0.00 secs
Mon Aug 24 15:23:15 2026: Image # 47, module Metadata # 2: CPU_time = 0.00 secs, Wall_time = 0.00 secs
Mon Aug 24 15:23:15 2026: Image # 47, module NamesAndTypes # 3: CPU_time = 4.26 secs, Wall_time = 3.88 secs
Mon Aug 24 15:23:19 2026: Image # 47, module Groups # 4: CPU_time = 0.00 secs, Wall_time = 0.00 secs
Mon Aug 24 15:23:19 2026: Image # 47, module FilterObjects # 5: CPU_time = 1.42 secs, Wall_time = 1.42 secs
Mon Aug 24 15:23:21 2026: Image # 47, module FilterObjects # 6: CPU_time = 1.33 secs, Wall_time = 1.33 secs
Mon Aug 24 15:23:22 2026: Image # 47, module MaskImage # 7: CPU_time = 0.27 secs, Wall_time = 0.12 secs
Mon Aug 24 15:23:22 2026: Image # 47, module MaskImage # 8: CPU_time = 0.24 secs, Wall_time = 0.14 secs
Mon Aug 24 15:23:22 2026: Image # 47, module MaskObjects # 9: CPU_time = 0.63 secs, Wall_time = 0.63 secs
Mon Aug 24 15:23:23 2026: Image # 47, module ExpandOrShrinkObjects # 10: CPU_time = 1.08 secs, Wall_time = 1.07 secs
Mon Aug 24 15:23:24 2026: Image # 47, module ExpandOrShrinkObjects # 11: CPU_time = 1.07 secs, Wall_time = 1.06 secs
Mon Aug 24 15:23:25 2026: Image # 47, module MaskObjects # 12: CPU_time = 0.69 secs, Wall_time = 0.69 secs
Mon Aug 24 15:23:26 2026: Image # 47, module EnhanceOrSuppressFeatures # 13: CPU_time = 1.11 secs, Wall_time = 1.11 secs
Mon Aug 24 15:23:27 2026: Image # 47, module IdentifyPrimaryObjects # 14: CPU_time = 4.79 secs, Wall_time = 4.77 secs
Mon Aug 24 15:23:32 2026: Image # 47, module MaskObjects # 15: CPU_time = 0.70 secs, Wall_time = 0.70 secs
Mon Aug 24 15:23:32 2026: Image # 47, module RelateObjects # 16: CPU_time = 1.19 secs, Wall_time = 1.20 secs
Mon Aug 24 15:23:34 2026: Image # 47, module RelateObjects # 17: CPU_time = 1.24 secs, Wall_time = 1.23 secs
Mon Aug 24 15:23:35 2026: Image # 47, module MeasureObjectIntensity # 18: CPU_time = 20.09 secs, Wall_time = 20.06 secs
Mon Aug 24 15:23:55 2026: Image # 47, module RelateObjects # 19: CPU_time = 0.24 secs, Wall_time = 0.23 secs
Mon Aug 24 15:23:55 2026: Image # 47, module ExportToSpreadsheet # 20: CPU_time = 0.00 secs, Wall_time = 0.00 secs
Mon Aug 24 15:23:55 2026: Image # 48, module Images # 1: CPU_time = 0.00 secs, Wall_time = 0.00 secs
Mon Aug 24 15:23:55 2026: Image # 48, module Metadata # 2: CPU_time = 0.00 secs, Wall_time = 0.00 secs
Mon Aug 24 15:23:55 2026: Image # 48, module NamesAndTypes # 3: CPU_time = 4.82 secs, Wall_time = 5.38 secs
Mon Aug 24 15:24:01 2026: Image # 48, module Groups # 4: CPU_time = 0.00 secs, Wall_time = 0.00 secs
Mon Aug 24 15:24:01 2026: Image # 48, module FilterObjects # 5: CPU_time = 1.42 secs, Wall_time = 1.42 secs
Mon Aug 24 15:24:02 2026: Image # 48, module FilterObjects # 6: CPU_time = 1.35 secs, Wall_time = 1.35 secs
Mon Aug 24 15:24:03 2026: Image # 48, module MaskImage # 7: CPU_time = 0.25 secs, Wall_time = 0.12 secs
Mon Aug 24 15:24:03 2026: Image # 48, module MaskImage # 8: CPU_time = 0.28 secs, Wall_time = 0.13 secs
Mon Aug 24 15:24:04 2026: Image # 48, module MaskObjects # 9: CPU_time = 0.70 secs, Wall_time = 0.70 secs
Mon Aug 24 15:24:04 2026: Image # 48, module ExpandOrShrinkObjects # 10: CPU_time = 1.30 secs, Wall_time = 1.30 secs
Mon Aug 24 15:24:06 2026: Image # 48, module ExpandOrShrinkObjects # 11: CPU_time = 1.37 secs, Wall_time = 1.38 secs
Mon Aug 24 15:24:07 2026: Image # 48, module MaskObjects # 12: CPU_time = 0.78 secs, Wall_time = 0.77 secs
Mon Aug 24 15:24:08 2026: Image # 48, module EnhanceOrSuppressFeatures # 13: CPU_time = 1.15 secs, Wall_time = 1.16 secs
Mon Aug 24 15:24:09 2026: Image # 48, module IdentifyPrimaryObjects # 14: CPU_time = 4.85 secs, Wall_time = 4.85 secs
Mon Aug 24 15:24:14 2026: Image # 48, module MaskObjects # 15: CPU_time = 0.64 secs, Wall_time = 0.64 secs
Mon Aug 24 15:24:14 2026: Image # 48, module RelateObjects # 16: CPU_time = 1.15 secs, Wall_time = 1.15 secs
Mon Aug 24 15:24:16 2026: Image # 48, module RelateObjects # 17: CPU_time = 1.17 secs, Wall_time = 1.17 secs
Mon Aug 24 15:24:17 2026: Image # 48, module MeasureObjectIntensity # 18: CPU_time = 19.58 secs, Wall_time = 19.56 secs
Mon Aug 24 15:24:36 2026: Image # 48, module RelateObjects # 19: CPU_time = 0.22 secs, Wall_time = 0.21 secs
Mon Aug 24 15:24:36 2026: Image # 48, module ExportToSpreadsheet # 20: CPU_time = 0.00 secs, Wall_time = 0.00 secs
Mon Aug 24 15:24:36 2026: Image # 49, module Images # 1: CPU_time = 0.00 secs, Wall_time = 0.00 secs
Mon Aug 24 15:24:36 2026: Image # 49, module Metadata # 2: CPU_time = 0.00 secs, Wall_time = 0.00 secs
Mon Aug 24 15:24:37 2026: Image # 49, module NamesAndTypes # 3: CPU_time = 4.65 secs, Wall_time = 4.92 secs
Mon Aug 24 15:24:41 2026: Image # 49, module Groups # 4: CPU_time = 0.00 secs, Wall_time = 0.00 secs
Mon Aug 24 15:24:41 2026: Image # 49, module FilterObjects # 5: CPU_time = 1.57 secs, Wall_time = 1.56 secs
Mon Aug 24 15:24:43 2026: Image # 49, module FilterObjects # 6: CPU_time = 1.42 secs, Wall_time = 1.41 secs
Mon Aug 24 15:24:44 2026: Image # 49, module MaskImage # 7: CPU_time = 0.24 secs, Wall_time = 0.13 secs
Mon Aug 24 15:24:45 2026: Image # 49, module MaskImage # 8: CPU_time = 0.24 secs, Wall_time = 0.13 secs
Mon Aug 24 15:24:45 2026: Image # 49, module MaskObjects # 9: CPU_time = 0.69 secs, Wall_time = 0.68 secs
Mon Aug 24 15:24:45 2026: Image # 49, module ExpandOrShrinkObjects # 10: CPU_time = 1.39 secs, Wall_time = 1.39 secs
Mon Aug 24 15:24:47 2026: Image # 49, module ExpandOrShrinkObjects # 11: CPU_time = 0.99 secs, Wall_time = 1.00 secs
Mon Aug 24 15:24:48 2026: Image # 49, module MaskObjects # 12: CPU_time = 0.64 secs, Wall_time = 0.64 secs
Mon Aug 24 15:24:48 2026: Image # 49, module EnhanceOrSuppressFeatures # 13: CPU_time = 1.10 secs, Wall_time = 1.11 secs
Mon Aug 24 15:24:50 2026: Image # 49, module IdentifyPrimaryObjects # 14: CPU_time = 4.52 secs, Wall_time = 4.51 secs
Mon Aug 24 15:24:54 2026: Image # 49, module MaskObjects # 15: CPU_time = 0.70 secs, Wall_time = 0.70 secs
Mon Aug 24 15:24:55 2026: Image # 49, module RelateObjects # 16: CPU_time = 1.45 secs, Wall_time = 1.44 secs
Mon Aug 24 15:24:56 2026: Image # 49, module RelateObjects # 17: CPU_time = 1.43 secs, Wall_time = 1.43 secs
Mon Aug 24 15:24:58 2026: Image # 49, module MeasureObjectIntensity # 18: CPU_time = 20.94 secs, Wall_time = 20.92 secs
Mon Aug 24 15:25:19 2026: Image # 49, module RelateObjects # 19: CPU_time = 0.27 secs, Wall_time = 0.28 secs
Mon Aug 24 15:25:19 2026: Image # 49, module ExportToSpreadsheet # 20: CPU_time = 0.01 secs, Wall_time = 0.00 secs
Mon Aug 24 15:25:19 2026: Image # 50, module Images # 1: CPU_time = 0.00 secs, Wall_time = 0.00 secs
Mon Aug 24 15:25:19 2026: Image # 50, module Metadata # 2: CPU_time = 0.00 secs, Wall_time = 0.00 secs
Mon Aug 24 15:25:19 2026: Image # 50, module NamesAndTypes # 3: CPU_time = 4.59 secs, Wall_time = 4.46 secs
Mon Aug 24 15:25:23 2026: Image # 50, module Groups # 4: CPU_time = 0.00 secs, Wall_time = 0.00 secs
Mon Aug 24 15:25:23 2026: Image # 50, module FilterObjects # 5: CPU_time = 1.53 secs, Wall_time = 1.52 secs
Mon Aug 24 15:25:25 2026: Image # 50, module FilterObjects # 6: CPU_time = 1.41 secs, Wall_time = 1.41 secs
Mon Aug 24 15:25:26 2026: Image # 50, module MaskImage # 7: CPU_time = 0.25 secs, Wall_time = 0.14 secs
Mon Aug 24 15:25:26 2026: Image # 50, module MaskImage # 8: CPU_time = 0.24 secs, Wall_time = 0.14 secs
Mon Aug 24 15:25:27 2026: Image # 50, module MaskObjects # 9: CPU_time = 0.69 secs, Wall_time = 0.68 secs
Mon Aug 24 15:25:27 2026: Image # 50, module ExpandOrShrinkObjects # 10: CPU_time = 1.35 secs, Wall_time = 1.35 secs
Mon Aug 24 15:25:29 2026: Image # 50, module ExpandOrShrinkObjects # 11: CPU_time = 1.42 secs, Wall_time = 1.41 secs
Mon Aug 24 15:25:30 2026: Image # 50, module MaskObjects # 12: CPU_time = 0.73 secs, Wall_time = 0.73 secs
Mon Aug 24 15:25:31 2026: Image # 50, module EnhanceOrSuppressFeatures # 13: CPU_time = 1.12 secs, Wall_time = 1.12 secs
Mon Aug 24 15:25:32 2026: Image # 50, module IdentifyPrimaryObjects # 14: CPU_time = 4.94 secs, Wall_time = 4.94 secs
Mon Aug 24 15:25:37 2026: Image # 50, module MaskObjects # 15: CPU_time = 0.70 secs, Wall_time = 0.70 secs
Mon Aug 24 15:25:37 2026: Image # 50, module RelateObjects # 16: CPU_time = 1.25 secs, Wall_time = 1.24 secs
Mon Aug 24 15:25:39 2026: Image # 50, module RelateObjects # 17: CPU_time = 1.25 secs, Wall_time = 1.25 secs
Mon Aug 24 15:25:40 2026: Image # 50, module MeasureObjectIntensity # 18: CPU_time = 20.40 secs, Wall_time = 20.38 secs
Mon Aug 24 15:26:00 2026: Image # 50, module RelateObjects # 19: CPU_time = 0.24 secs, Wall_time = 0.23 secs
Mon Aug 24 15:26:01 2026: Image # 50, module ExportToSpreadsheet # 20: CPU_time = 0.00 secs, Wall_time = 0.00 secs
Mon Aug 24 15:26:01 2026: Image # 51, module Images # 1: CPU_time = 0.00 secs, Wall_time = 0.00 secs
Mon Aug 24 15:26:01 2026: Image # 51, module Metadata # 2: CPU_time = 0.00 secs, Wall_time = 0.00 secs
Mon Aug 24 15:26:01 2026: Image # 51, module NamesAndTypes # 3: CPU_time = 4.87 secs, Wall_time = 5.16 secs
Mon Aug 24 15:26:06 2026: Image # 51, module Groups # 4: CPU_time = 0.00 secs, Wall_time = 0.00 secs
Mon Aug 24 15:26:06 2026: Image # 51, module FilterObjects # 5: CPU_time = 1.62 secs, Wall_time = 1.63 secs
Mon Aug 24 15:26:07 2026: Image # 51, module FilterObjects # 6: CPU_time = 1.51 secs, Wall_time = 1.50 secs
Mon Aug 24 15:26:09 2026: Image # 51, module MaskImage # 7: CPU_time = 0.28 secs, Wall_time = 0.13 secs
Mon Aug 24 15:26:09 2026: Image # 51, module MaskImage # 8: CPU_time = 0.26 secs, Wall_time = 0.13 secs
Mon Aug 24 15:26:09 2026: Image # 51, module MaskObjects # 9: CPU_time = 0.70 secs, Wall_time = 0.69 secs
Mon Aug 24 15:26:10 2026: Image # 51, module ExpandOrShrinkObjects # 10: CPU_time = 1.38 secs, Wall_time = 1.38 secs
Mon Aug 24 15:26:11 2026: Image # 51, module ExpandOrShrinkObjects # 11: CPU_time = 1.39 secs, Wall_time = 1.39 secs
Mon Aug 24 15:26:13 2026: Image # 51, module MaskObjects # 12: CPU_time = 0.72 secs, Wall_time = 0.72 secs
Mon Aug 24 15:26:13 2026: Image # 51, module EnhanceOrSuppressFeatures # 13: CPU_time = 1.13 secs, Wall_time = 1.13 secs
Mon Aug 24 15:26:15 2026: Image # 51, module IdentifyPrimaryObjects # 14: CPU_time = 5.01 secs, Wall_time = 5.01 secs
Mon Aug 24 15:26:20 2026: Image # 51, module MaskObjects # 15: CPU_time = 0.71 secs, Wall_time = 0.71 secs
Mon Aug 24 15:26:20 2026: Image # 51, module RelateObjects # 16: CPU_time = 1.45 secs, Wall_time = 1.45 secs
Mon Aug 24 15:26:22 2026: Image # 51, module RelateObjects # 17: CPU_time = 1.46 secs, Wall_time = 1.46 secs
Mon Aug 24 15:26:23 2026: Image # 51, module MeasureObjectIntensity # 18: CPU_time = 21.30 secs, Wall_time = 21.27 secs
Mon Aug 24 15:26:44 2026: Image # 51, module RelateObjects # 19: CPU_time = 0.27 secs, Wall_time = 0.27 secs
Mon Aug 24 15:26:45 2026: Image # 51, module ExportToSpreadsheet # 20: CPU_time = 0.00 secs, Wall_time = 0.01 secs
Mon Aug 24 15:26:45 2026: Image # 52, module Images # 1: CPU_time = 0.00 secs, Wall_time = 0.00 secs
Mon Aug 24 15:26:45 2026: Image # 52, module Metadata # 2: CPU_time = 0.00 secs, Wall_time = 0.00 secs
Mon Aug 24 15:26:45 2026: Image # 52, module NamesAndTypes # 3: CPU_time = 4.65 secs, Wall_time = 5.11 secs
Mon Aug 24 15:26:50 2026: Image # 52, module Groups # 4: CPU_time = 0.00 secs, Wall_time = 0.00 secs
Mon Aug 24 15:26:50 2026: Image # 52, module FilterObjects # 5: CPU_time = 1.52 secs, Wall_time = 1.53 secs
Mon Aug 24 15:26:51 2026: Image # 52, module FilterObjects # 6: CPU_time = 1.44 secs, Wall_time = 1.43 secs
Mon Aug 24 15:26:53 2026: Image # 52, module MaskImage # 7: CPU_time = 0.24 secs, Wall_time = 0.13 secs
Mon Aug 24 15:26:53 2026: Image # 52, module MaskImage # 8: CPU_time = 0.26 secs, Wall_time = 0.13 secs
Mon Aug 24 15:26:53 2026: Image # 52, module MaskObjects # 9: CPU_time = 0.63 secs, Wall_time = 0.63 secs
Mon Aug 24 15:26:54 2026: Image # 52, module ExpandOrShrinkObjects # 10: CPU_time = 1.28 secs, Wall_time = 1.28 secs
Mon Aug 24 15:26:55 2026: Image # 52, module ExpandOrShrinkObjects # 11: CPU_time = 1.45 secs, Wall_time = 1.46 secs
Mon Aug 24 15:26:56 2026: Image # 52, module MaskObjects # 12: CPU_time = 0.70 secs, Wall_time = 0.71 secs
Mon Aug 24 15:26:57 2026: Image # 52, module EnhanceOrSuppressFeatures # 13: CPU_time = 1.12 secs, Wall_time = 1.12 secs
Mon Aug 24 15:26:58 2026: Image # 52, module IdentifyPrimaryObjects # 14: CPU_time = 5.04 secs, Wall_time = 5.03 secs
Mon Aug 24 15:27:03 2026: Image # 52, module MaskObjects # 15: CPU_time = 0.66 secs, Wall_time = 0.66 secs
Mon Aug 24 15:27:04 2026: Image # 52, module RelateObjects # 16: CPU_time = 1.42 secs, Wall_time = 1.42 secs
Mon Aug 24 15:27:05 2026: Image # 52, module RelateObjects # 17: CPU_time = 1.44 secs, Wall_time = 1.42 secs
Mon Aug 24 15:27:07 2026: Image # 52, module MeasureObjectIntensity # 18: CPU_time = 20.81 secs, Wall_time = 20.79 secs
Mon Aug 24 15:27:28 2026: Image # 52, module RelateObjects # 19: CPU_time = 0.26 secs, Wall_time = 0.26 secs
Mon Aug 24 15:27:28 2026: Image # 52, module ExportToSpreadsheet # 20: CPU_time = 0.00 secs, Wall_time = 0.00 secs
Mon Aug 24 15:27:28 2026: Image # 53, module Images # 1: CPU_time = 0.00 secs, Wall_time = 0.00 secs
Mon Aug 24 15:27:28 2026: Image # 53, module Metadata # 2: CPU_time = 0.00 secs, Wall_time = 0.00 secs
Mon Aug 24 15:27:28 2026: Image # 53, module NamesAndTypes # 3: CPU_time = 4.68 secs, Wall_time = 6.24 secs
Mon Aug 24 15:27:34 2026: Image # 53, module Groups # 4: CPU_time = 0.00 secs, Wall_time = 0.00 secs
Mon Aug 24 15:27:34 2026: Image # 53, module FilterObjects # 5: CPU_time = 1.60 secs, Wall_time = 1.58 secs
Mon Aug 24 15:27:36 2026: Image # 53, module FilterObjects # 6: CPU_time = 1.43 secs, Wall_time = 1.44 secs
Mon Aug 24 15:27:37 2026: Image # 53, module MaskImage # 7: CPU_time = 0.25 secs, Wall_time = 0.13 secs
Mon Aug 24 15:27:37 2026: Image # 53, module MaskImage # 8: CPU_time = 0.24 secs, Wall_time = 0.13 secs
Mon Aug 24 15:27:37 2026: Image # 53, module MaskObjects # 9: CPU_time = 0.69 secs, Wall_time = 0.68 secs
Mon Aug 24 15:27:38 2026: Image # 53, module ExpandOrShrinkObjects # 10: CPU_time = 1.39 secs, Wall_time = 1.39 secs
Mon Aug 24 15:27:40 2026: Image # 53, module ExpandOrShrinkObjects # 11: CPU_time = 1.45 secs, Wall_time = 1.46 secs
Mon Aug 24 15:27:41 2026: Image # 53, module MaskObjects # 12: CPU_time = 0.66 secs, Wall_time = 0.66 secs
Mon Aug 24 15:27:42 2026: Image # 53, module EnhanceOrSuppressFeatures # 13: CPU_time = 1.12 secs, Wall_time = 1.12 secs
Mon Aug 24 15:27:43 2026: Image # 53, module IdentifyPrimaryObjects # 14: CPU_time = 4.78 secs, Wall_time = 4.79 secs
Mon Aug 24 15:27:48 2026: Image # 53, module MaskObjects # 15: CPU_time = 0.70 secs, Wall_time = 0.71 secs
Mon Aug 24 15:27:48 2026: Image # 53, module RelateObjects # 16: CPU_time = 1.35 secs, Wall_time = 1.34 secs
Mon Aug 24 15:27:50 2026: Image # 53, module RelateObjects # 17: CPU_time = 1.34 secs, Wall_time = 1.33 secs
Mon Aug 24 15:27:51 2026: Image # 53, module MeasureObjectIntensity # 18: CPU_time = 20.40 secs, Wall_time = 20.39 secs
Mon Aug 24 15:28:11 2026: Image # 53, module RelateObjects # 19: CPU_time = 0.24 secs, Wall_time = 0.24 secs
Mon Aug 24 15:28:12 2026: Image # 53, module ExportToSpreadsheet # 20: CPU_time = 0.00 secs, Wall_time = 0.00 secs
Mon Aug 24 15:28:12 2026: Image # 54, module Images # 1: CPU_time = 0.00 secs, Wall_time = 0.00 secs
Mon Aug 24 15:28:12 2026: Image # 54, module Metadata # 2: CPU_time = 0.00 secs, Wall_time = 0.00 secs
Mon Aug 24 15:28:12 2026: Image # 54, module NamesAndTypes # 3: CPU_time = 4.64 secs, Wall_time = 4.99 secs
Mon Aug 24 15:28:17 2026: Image # 54, module Groups # 4: CPU_time = 0.00 secs, Wall_time = 0.00 secs
Mon Aug 24 15:28:17 2026: Image # 54, module FilterObjects # 5: CPU_time = 1.56 secs, Wall_time = 1.56 secs
Mon Aug 24 15:28:18 2026: Image # 54, module FilterObjects # 6: CPU_time = 1.46 secs, Wall_time = 1.45 secs
Mon Aug 24 15:28:20 2026: Image # 54, module MaskImage # 7: CPU_time = 0.24 secs, Wall_time = 0.13 secs
Mon Aug 24 15:28:20 2026: Image # 54, module MaskImage # 8: CPU_time = 0.26 secs, Wall_time = 0.14 secs
Mon Aug 24 15:28:20 2026: Image # 54, module MaskObjects # 9: CPU_time = 0.71 secs, Wall_time = 0.70 secs
Mon Aug 24 15:28:21 2026: Image # 54, module ExpandOrShrinkObjects # 10: CPU_time = 1.40 secs, Wall_time = 1.39 secs
Mon Aug 24 15:28:22 2026: Image # 54, module ExpandOrShrinkObjects # 11: CPU_time = 1.43 secs, Wall_time = 1.44 secs
Mon Aug 24 15:28:23 2026: Image # 54, module MaskObjects # 12: CPU_time = 0.77 secs, Wall_time = 0.77 secs
Mon Aug 24 15:28:24 2026: Image # 54, module EnhanceOrSuppressFeatures # 13: CPU_time = 1.16 secs, Wall_time = 1.16 secs
Mon Aug 24 15:28:25 2026: Image # 54, module IdentifyPrimaryObjects # 14: CPU_time = 5.06 secs, Wall_time = 5.05 secs
Mon Aug 24 15:28:30 2026: Image # 54, module MaskObjects # 15: CPU_time = 0.64 secs, Wall_time = 0.65 secs
Mon Aug 24 15:28:31 2026: Image # 54, module RelateObjects # 16: CPU_time = 1.35 secs, Wall_time = 1.33 secs
Mon Aug 24 15:28:32 2026: Image # 54, module RelateObjects # 17: CPU_time = 1.33 secs, Wall_time = 1.33 secs
Mon Aug 24 15:28:34 2026: Image # 54, module MeasureObjectIntensity # 18: CPU_time = 20.31 secs, Wall_time = 20.29 secs
Mon Aug 24 15:28:54 2026: Image # 54, module RelateObjects # 19: CPU_time = 0.26 secs, Wall_time = 0.25 secs
Mon Aug 24 15:28:54 2026: Image # 54, module ExportToSpreadsheet # 20: CPU_time = 0.00 secs, Wall_time = 0.00 secs
Mon Aug 24 15:28:54 2026: Image # 55, module Images # 1: CPU_time = 0.00 secs, Wall_time = 0.00 secs
Mon Aug 24 15:28:54 2026: Image # 55, module Metadata # 2: CPU_time = 0.00 secs, Wall_time = 0.00 secs
Mon Aug 24 15:28:54 2026: Image # 55, module NamesAndTypes # 3: CPU_time = 4.77 secs, Wall_time = 4.74 secs
Mon Aug 24 15:28:59 2026: Image # 55, module Groups # 4: CPU_time = 0.00 secs, Wall_time = 0.00 secs
Mon Aug 24 15:28:59 2026: Image # 55, module FilterObjects # 5: CPU_time = 1.59 secs, Wall_time = 1.60 secs
Mon Aug 24 15:29:01 2026: Image # 55, module FilterObjects # 6: CPU_time = 1.46 secs, Wall_time = 1.46 secs
Mon Aug 24 15:29:02 2026: Image # 55, module MaskImage # 7: CPU_time = 0.26 secs, Wall_time = 0.13 secs
Mon Aug 24 15:29:02 2026: Image # 55, module MaskImage # 8: CPU_time = 0.23 secs, Wall_time = 0.14 secs
Mon Aug 24 15:29:02 2026: Image # 55, module MaskObjects # 9: CPU_time = 0.69 secs, Wall_time = 0.69 secs
Mon Aug 24 15:29:03 2026: Image # 55, module ExpandOrShrinkObjects # 10: CPU_time = 1.40 secs, Wall_time = 1.39 secs
Mon Aug 24 15:29:05 2026: Image # 55, module ExpandOrShrinkObjects # 11: CPU_time = 1.45 secs, Wall_time = 1.45 secs
Mon Aug 24 15:29:06 2026: Image # 55, module MaskObjects # 12: CPU_time = 0.74 secs, Wall_time = 0.74 secs
Mon Aug 24 15:29:07 2026: Image # 55, module EnhanceOrSuppressFeatures # 13: CPU_time = 1.11 secs, Wall_time = 1.11 secs
Mon Aug 24 15:29:08 2026: Image # 55, module IdentifyPrimaryObjects # 14: CPU_time = 5.16 secs, Wall_time = 5.16 secs
Mon Aug 24 15:29:13 2026: Image # 55, module MaskObjects # 15: CPU_time = 0.71 secs, Wall_time = 0.71 secs
Mon Aug 24 15:29:14 2026: Image # 55, module RelateObjects # 16: CPU_time = 1.48 secs, Wall_time = 1.49 secs
Mon Aug 24 15:29:15 2026: Image # 55, module RelateObjects # 17: CPU_time = 1.48 secs, Wall_time = 1.47 secs
Mon Aug 24 15:29:17 2026: Image # 55, module MeasureObjectIntensity # 18: CPU_time = 20.98 secs, Wall_time = 20.96 secs
Mon Aug 24 15:29:38 2026: Image # 55, module RelateObjects # 19: CPU_time = 0.28 secs, Wall_time = 0.28 secs
Mon Aug 24 15:29:38 2026: Image # 55, module ExportToSpreadsheet # 20: CPU_time = 0.00 secs, Wall_time = 0.00 secs
Mon Aug 24 15:29:38 2026: Image # 56, module Images # 1: CPU_time = 0.00 secs, Wall_time = 0.00 secs
Mon Aug 24 15:29:38 2026: Image # 56, module Metadata # 2: CPU_time = 0.00 secs, Wall_time = 0.00 secs
Mon Aug 24 15:29:38 2026: Image # 56, module NamesAndTypes # 3: CPU_time = 4.89 secs, Wall_time = 5.37 secs
Mon Aug 24 15:29:43 2026: Image # 56, module Groups # 4: CPU_time = 0.00 secs, Wall_time = 0.00 secs
Mon Aug 24 15:29:43 2026: Image # 56, module FilterObjects # 5: CPU_time = 1.67 secs, Wall_time = 1.67 secs
Mon Aug 24 15:29:45 2026: Image # 56, module FilterObjects # 6: CPU_time = 1.52 secs, Wall_time = 1.52 secs
Mon Aug 24 15:29:47 2026: Image # 56, module MaskImage # 7: CPU_time = 0.27 secs, Wall_time = 0.13 secs
Mon Aug 24 15:29:47 2026: Image # 56, module MaskImage # 8: CPU_time = 0.25 secs, Wall_time = 0.13 secs
Mon Aug 24 15:29:47 2026: Image # 56, module MaskObjects # 9: CPU_time = 0.64 secs, Wall_time = 0.65 secs
Mon Aug 24 15:29:47 2026: Image # 56, module ExpandOrShrinkObjects # 10: CPU_time = 1.14 secs, Wall_time = 1.15 secs
Mon Aug 24 15:29:49 2026: Image # 56, module ExpandOrShrinkObjects # 11: CPU_time = 1.23 secs, Wall_time = 1.24 secs
Mon Aug 24 15:29:50 2026: Image # 56, module MaskObjects # 12: CPU_time = 0.77 secs, Wall_time = 0.76 secs
Mon Aug 24 15:29:51 2026: Image # 56, module EnhanceOrSuppressFeatures # 13: CPU_time = 1.16 secs, Wall_time = 1.15 secs
Mon Aug 24 15:29:52 2026: Image # 56, module IdentifyPrimaryObjects # 14: CPU_time = 5.08 secs, Wall_time = 5.08 secs
Mon Aug 24 15:29:57 2026: Image # 56, module MaskObjects # 15: CPU_time = 0.66 secs, Wall_time = 0.66 secs
Mon Aug 24 15:29:57 2026: Image # 56, module RelateObjects # 16: CPU_time = 1.49 secs, Wall_time = 1.48 secs
Mon Aug 24 15:29:59 2026: Image # 56, module RelateObjects # 17: CPU_time = 1.49 secs, Wall_time = 1.49 secs
Mon Aug 24 15:30:00 2026: Image # 56, module MeasureObjectIntensity # 18: CPU_time = 20.66 secs, Wall_time = 20.65 secs
Mon Aug 24 15:30:21 2026: Image # 56, module RelateObjects # 19: CPU_time = 0.30 secs, Wall_time = 0.30 secs
Mon Aug 24 15:30:21 2026: Image # 56, module ExportToSpreadsheet # 20: CPU_time = 0.00 secs, Wall_time = 0.00 secs
Mon Aug 24 15:30:21 2026: Image # 57, module Images # 1: CPU_time = 0.00 secs, Wall_time = 0.00 secs
Mon Aug 24 15:30:21 2026: Image # 57, module Metadata # 2: CPU_time = 0.00 secs, Wall_time = 0.00 secs
Mon Aug 24 15:30:21 2026: Image # 57, module NamesAndTypes # 3: CPU_time = 4.88 secs, Wall_time = 5.23 secs
Mon Aug 24 15:30:27 2026: Image # 57, module Groups # 4: CPU_time = 0.00 secs, Wall_time = 0.00 secs
Mon Aug 24 15:30:27 2026: Image # 57, module FilterObjects # 5: CPU_time = 1.62 secs, Wall_time = 1.62 secs
Mon Aug 24 15:30:28 2026: Image # 57, module FilterObjects # 6: CPU_time = 1.46 secs, Wall_time = 1.46 secs
Mon Aug 24 15:30:30 2026: Image # 57, module MaskImage # 7: CPU_time = 0.25 secs, Wall_time = 0.13 secs
Mon Aug 24 15:30:30 2026: Image # 57, module MaskImage # 8: CPU_time = 0.24 secs, Wall_time = 0.14 secs
Mon Aug 24 15:30:30 2026: Image # 57, module MaskObjects # 9: CPU_time = 0.65 secs, Wall_time = 0.65 secs
Mon Aug 24 15:30:31 2026: Image # 57, module ExpandOrShrinkObjects # 10: CPU_time = 1.12 secs, Wall_time = 1.13 secs
Mon Aug 24 15:30:32 2026: Image # 57, module ExpandOrShrinkObjects # 11: CPU_time = 1.18 secs, Wall_time = 1.18 secs
Mon Aug 24 15:30:33 2026: Image # 57, module MaskObjects # 12: CPU_time = 0.74 secs, Wall_time = 0.75 secs
Mon Aug 24 15:30:34 2026: Image # 57, module EnhanceOrSuppressFeatures # 13: CPU_time = 1.13 secs, Wall_time = 1.13 secs
Mon Aug 24 15:30:35 2026: Image # 57, module IdentifyPrimaryObjects # 14: CPU_time = 4.98 secs, Wall_time = 4.98 secs
Mon Aug 24 15:30:40 2026: Image # 57, module MaskObjects # 15: CPU_time = 0.71 secs, Wall_time = 0.71 secs
Mon Aug 24 15:30:41 2026: Image # 57, module RelateObjects # 16: CPU_time = 1.43 secs, Wall_time = 1.43 secs
Mon Aug 24 15:30:42 2026: Image # 57, module RelateObjects # 17: CPU_time = 1.41 secs, Wall_time = 1.41 secs
Mon Aug 24 15:30:43 2026: Image # 57, module MeasureObjectIntensity # 18: CPU_time = 20.82 secs, Wall_time = 20.80 secs
Mon Aug 24 15:31:04 2026: Image # 57, module RelateObjects # 19: CPU_time = 0.26 secs, Wall_time = 0.26 secs
Mon Aug 24 15:31:04 2026: Image # 57, module ExportToSpreadsheet # 20: CPU_time = 0.00 secs, Wall_time = 0.00 secs
Mon Aug 24 15:31:04 2026: Image # 58, module Images # 1: CPU_time = 0.00 secs, Wall_time = 0.00 secs
Mon Aug 24 15:31:04 2026: Image # 58, module Metadata # 2: CPU_time = 0.00 secs, Wall_time = 0.00 secs
Mon Aug 24 15:31:04 2026: Image # 58, module NamesAndTypes # 3: CPU_time = 4.92 secs, Wall_time = 5.39 secs
Mon Aug 24 15:31:10 2026: Image # 58, module Groups # 4: CPU_time = 0.00 secs, Wall_time = 0.00 secs
Mon Aug 24 15:31:10 2026: Image # 58, module FilterObjects # 5: CPU_time = 1.67 secs, Wall_time = 1.67 secs
Mon Aug 24 15:31:12 2026: Image # 58, module FilterObjects # 6: CPU_time = 1.56 secs, Wall_time = 1.55 secs
Mon Aug 24 15:31:13 2026: Image # 58, module MaskImage # 7: CPU_time = 0.24 secs, Wall_time = 0.13 secs
Mon Aug 24 15:31:13 2026: Image # 58, module MaskImage # 8: CPU_time = 0.24 secs, Wall_time = 0.13 secs
Mon Aug 24 15:31:13 2026: Image # 58, module MaskObjects # 9: CPU_time = 0.70 secs, Wall_time = 0.70 secs
Mon Aug 24 15:31:14 2026: Image # 58, module ExpandOrShrinkObjects # 10: CPU_time = 1.37 secs, Wall_time = 1.37 secs
Mon Aug 24 15:31:15 2026: Image # 58, module ExpandOrShrinkObjects # 11: CPU_time = 1.41 secs, Wall_time = 1.42 secs
Mon Aug 24 15:31:17 2026: Image # 58, module MaskObjects # 12: CPU_time = 0.75 secs, Wall_time = 0.75 secs
Mon Aug 24 15:31:18 2026: Image # 58, module EnhanceOrSuppressFeatures # 13: CPU_time = 1.16 secs, Wall_time = 1.16 secs
Mon Aug 24 15:31:19 2026: Image # 58, module IdentifyPrimaryObjects # 14: CPU_time = 4.99 secs, Wall_time = 4.98 secs
Mon Aug 24 15:31:24 2026: Image # 58, module MaskObjects # 15: CPU_time = 0.66 secs, Wall_time = 0.66 secs
Mon Aug 24 15:31:24 2026: Image # 58, module RelateObjects # 16: CPU_time = 1.37 secs, Wall_time = 1.37 secs
Mon Aug 24 15:31:26 2026: Image # 58, module RelateObjects # 17: CPU_time = 1.39 secs, Wall_time = 1.39 secs
Mon Aug 24 15:31:27 2026: Image # 58, module MeasureObjectIntensity # 18: CPU_time = 20.30 secs, Wall_time = 20.28 secs
Mon Aug 24 15:31:47 2026: Image # 58, module RelateObjects # 19: CPU_time = 0.27 secs, Wall_time = 0.26 secs
Mon Aug 24 15:31:48 2026: Image # 58, module ExportToSpreadsheet # 20: CPU_time = 0.00 secs, Wall_time = 0.01 secs
Mon Aug 24 15:31:48 2026: Image # 59, module Images # 1: CPU_time = 0.00 secs, Wall_time = 0.00 secs
Mon Aug 24 15:31:48 2026: Image # 59, module Metadata # 2: CPU_time = 0.00 secs, Wall_time = 0.00 secs
Mon Aug 24 15:31:48 2026: Image # 59, module NamesAndTypes # 3: CPU_time = 4.76 secs, Wall_time = 5.17 secs
Mon Aug 24 15:31:53 2026: Image # 59, module Groups # 4: CPU_time = 0.00 secs, Wall_time = 0.00 secs
Mon Aug 24 15:31:53 2026: Image # 59, module FilterObjects # 5: CPU_time = 1.75 secs, Wall_time = 1.75 secs
Mon Aug 24 15:31:55 2026: Image # 59, module FilterObjects # 6: CPU_time = 1.62 secs, Wall_time = 1.62 secs
Mon Aug 24 15:31:56 2026: Image # 59, module MaskImage # 7: CPU_time = 0.26 secs, Wall_time = 0.13 secs
Mon Aug 24 15:31:56 2026: Image # 59, module MaskImage # 8: CPU_time = 0.25 secs, Wall_time = 0.13 secs
Mon Aug 24 15:31:57 2026: Image # 59, module MaskObjects # 9: CPU_time = 0.69 secs, Wall_time = 0.69 secs
Mon Aug 24 15:31:57 2026: Image # 59, module ExpandOrShrinkObjects # 10: CPU_time = 1.40 secs, Wall_time = 1.40 secs
Mon Aug 24 15:31:59 2026: Image # 59, module ExpandOrShrinkObjects # 11: CPU_time = 1.19 secs, Wall_time = 1.19 secs
Mon Aug 24 15:32:00 2026: Image # 59, module MaskObjects # 12: CPU_time = 0.73 secs, Wall_time = 0.72 secs
Mon Aug 24 15:32:01 2026: Image # 59, module EnhanceOrSuppressFeatures # 13: CPU_time = 1.11 secs, Wall_time = 1.12 secs
Mon Aug 24 15:32:02 2026: Image # 59, module IdentifyPrimaryObjects # 14: CPU_time = 5.10 secs, Wall_time = 5.10 secs
Mon Aug 24 15:32:07 2026: Image # 59, module MaskObjects # 15: CPU_time = 0.70 secs, Wall_time = 0.69 secs
Mon Aug 24 15:32:08 2026: Image # 59, module RelateObjects # 16: CPU_time = 1.69 secs, Wall_time = 1.68 secs
Mon Aug 24 15:32:09 2026: Image # 59, module RelateObjects # 17: CPU_time = 1.68 secs, Wall_time = 1.68 secs
Mon Aug 24 15:32:11 2026: Image # 59, module MeasureObjectIntensity # 18: CPU_time = 21.87 secs, Wall_time = 21.85 secs
Mon Aug 24 15:32:33 2026: Image # 59, module RelateObjects # 19: CPU_time = 0.32 secs, Wall_time = 0.33 secs
Mon Aug 24 15:32:33 2026: Image # 59, module ExportToSpreadsheet # 20: CPU_time = 0.00 secs, Wall_time = 0.00 secs
Mon Aug 24 15:32:33 2026: Image # 60, module Images # 1: CPU_time = 0.00 secs, Wall_time = 0.00 secs
Mon Aug 24 15:32:33 2026: Image # 60, module Metadata # 2: CPU_time = 0.00 secs, Wall_time = 0.00 secs
Mon Aug 24 15:32:33 2026: Image # 60, module NamesAndTypes # 3: CPU_time = 5.80 secs, Wall_time = 6.04 secs
Mon Aug 24 15:32:39 2026: Image # 60, module Groups # 4: CPU_time = 0.00 secs, Wall_time = 0.00 secs
Mon Aug 24 15:32:39 2026: Image # 60, module FilterObjects # 5: CPU_time = 2.04 secs, Wall_time = 2.04 secs
Mon Aug 24 15:32:41 2026: Image # 60, module FilterObjects # 6: CPU_time = 1.84 secs, Wall_time = 1.83 secs
Mon Aug 24 15:32:43 2026: Image # 60, module MaskImage # 7: CPU_time = 0.36 secs, Wall_time = 0.18 secs
Mon Aug 24 15:32:43 2026: Image # 60, module MaskImage # 8: CPU_time = 0.16 secs, Wall_time = 0.14 secs
Mon Aug 24 15:32:43 2026: Image # 60, module MaskObjects # 9: CPU_time = 0.71 secs, Wall_time = 0.71 secs
Mon Aug 24 15:32:44 2026: Image # 60, module ExpandOrShrinkObjects # 10: CPU_time = 1.41 secs, Wall_time = 1.41 secs
Mon Aug 24 15:32:45 2026: Image # 60, module ExpandOrShrinkObjects # 11: CPU_time = 1.45 secs, Wall_time = 1.45 secs
Mon Aug 24 15:32:47 2026: Image # 60, module MaskObjects # 12: CPU_time = 0.74 secs, Wall_time = 0.73 secs
Mon Aug 24 15:32:48 2026: Image # 60, module EnhanceOrSuppressFeatures # 13: CPU_time = 1.14 secs, Wall_time = 1.15 secs
Mon Aug 24 15:32:49 2026: Image # 60, module IdentifyPrimaryObjects # 14: CPU_time = 5.75 secs, Wall_time = 5.74 secs
Mon Aug 24 15:32:55 2026: Image # 60, module MaskObjects # 15: CPU_time = 0.61 secs, Wall_time = 0.60 secs
Mon Aug 24 15:32:55 2026: Image # 60, module RelateObjects # 16: CPU_time = 1.68 secs, Wall_time = 1.68 secs
Mon Aug 24 15:32:57 2026: Image # 60, module RelateObjects # 17: CPU_time = 1.72 secs, Wall_time = 1.72 secs
Mon Aug 24 15:32:59 2026: Image # 60, module MeasureObjectIntensity # 18: CPU_time = 20.60 secs, Wall_time = 20.59 secs
Mon Aug 24 15:33:19 2026: Image # 60, module RelateObjects # 19: CPU_time = 0.37 secs, Wall_time = 0.36 secs
Mon Aug 24 15:33:20 2026: Image # 60, module ExportToSpreadsheet # 20: CPU_time = 0.00 secs, Wall_time = 0.00 secs
Mon Aug 24 15:33:20 2026: Image # 61, module Images # 1: CPU_time = 0.00 secs, Wall_time = 0.00 secs
Mon Aug 24 15:33:20 2026: Image # 61, module Metadata # 2: CPU_time = 0.00 secs, Wall_time = 0.00 secs
Mon Aug 24 15:33:20 2026: Image # 61, module NamesAndTypes # 3: CPU_time = 4.64 secs, Wall_time = 5.43 secs
Mon Aug 24 15:33:25 2026: Image # 61, module Groups # 4: CPU_time = 0.00 secs, Wall_time = 0.00 secs
Mon Aug 24 15:33:25 2026: Image # 61, module FilterObjects # 5: CPU_time = 1.63 secs, Wall_time = 1.64 secs
Mon Aug 24 15:33:27 2026: Image # 61, module FilterObjects # 6: CPU_time = 1.50 secs, Wall_time = 1.50 secs
Mon Aug 24 15:33:28 2026: Image # 61, module MaskImage # 7: CPU_time = 0.25 secs, Wall_time = 0.13 secs
Mon Aug 24 15:33:28 2026: Image # 61, module MaskImage # 8: CPU_time = 0.25 secs, Wall_time = 0.12 secs
Mon Aug 24 15:33:28 2026: Image # 61, module MaskObjects # 9: CPU_time = 0.56 secs, Wall_time = 0.56 secs
Mon Aug 24 15:33:29 2026: Image # 61, module ExpandOrShrinkObjects # 10: CPU_time = 0.96 secs, Wall_time = 0.96 secs
Mon Aug 24 15:33:30 2026: Image # 61, module ExpandOrShrinkObjects # 11: CPU_time = 1.04 secs, Wall_time = 1.03 secs
Mon Aug 24 15:33:31 2026: Image # 61, module MaskObjects # 12: CPU_time = 0.59 secs, Wall_time = 0.59 secs
Mon Aug 24 15:33:32 2026: Image # 61, module EnhanceOrSuppressFeatures # 13: CPU_time = 1.12 secs, Wall_time = 1.12 secs
Mon Aug 24 15:33:33 2026: Image # 61, module IdentifyPrimaryObjects # 14: CPU_time = 4.02 secs, Wall_time = 4.01 secs
Mon Aug 24 15:33:37 2026: Image # 61, module MaskObjects # 15: CPU_time = 0.56 secs, Wall_time = 0.56 secs
Mon Aug 24 15:33:37 2026: Image # 61, module RelateObjects # 16: CPU_time = 1.45 secs, Wall_time = 1.46 secs
Mon Aug 24 15:33:39 2026: Image # 61, module RelateObjects # 17: CPU_time = 1.44 secs, Wall_time = 1.44 secs
Mon Aug 24 15:33:40 2026: Image # 61, module MeasureObjectIntensity # 18: CPU_time = 18.99 secs, Wall_time = 18.97 secs
Mon Aug 24 15:33:59 2026: Image # 61, module RelateObjects # 19: CPU_time = 0.32 secs, Wall_time = 0.32 secs
Mon Aug 24 15:33:59 2026: Image # 61, module ExportToSpreadsheet # 20: CPU_time = 0.00 secs, Wall_time = 0.00 secs
Mon Aug 24 15:33:59 2026: Image # 62, module Images # 1: CPU_time = 0.00 secs, Wall_time = 0.00 secs
Mon Aug 24 15:33:59 2026: Image # 62, module Metadata # 2: CPU_time = 0.00 secs, Wall_time = 0.00 secs
Mon Aug 24 15:33:59 2026: Image # 62, module NamesAndTypes # 3: CPU_time = 4.41 secs, Wall_time = 4.74 secs
Mon Aug 24 15:34:04 2026: Image # 62, module Groups # 4: CPU_time = 0.00 secs, Wall_time = 0.00 secs
Mon Aug 24 15:34:04 2026: Image # 62, module FilterObjects # 5: CPU_time = 1.59 secs, Wall_time = 1.58 secs
Mon Aug 24 15:34:06 2026: Image # 62, module FilterObjects # 6: CPU_time = 1.42 secs, Wall_time = 1.42 secs
Mon Aug 24 15:34:07 2026: Image # 62, module MaskImage # 7: CPU_time = 0.27 secs, Wall_time = 0.13 secs
Mon Aug 24 15:34:07 2026: Image # 62, module MaskImage # 8: CPU_time = 0.14 secs, Wall_time = 0.12 secs
Mon Aug 24 15:34:07 2026: Image # 62, module MaskObjects # 9: CPU_time = 0.57 secs, Wall_time = 0.56 secs
Mon Aug 24 15:34:08 2026: Image # 62, module ExpandOrShrinkObjects # 10: CPU_time = 1.00 secs, Wall_time = 1.00 secs
Mon Aug 24 15:34:09 2026: Image # 62, module ExpandOrShrinkObjects # 11: CPU_time = 1.01 secs, Wall_time = 1.00 secs
Mon Aug 24 15:34:10 2026: Image # 62, module MaskObjects # 12: CPU_time = 0.61 secs, Wall_time = 0.60 secs
Mon Aug 24 15:34:11 2026: Image # 62, module EnhanceOrSuppressFeatures # 13: CPU_time = 1.07 secs, Wall_time = 1.07 secs
Mon Aug 24 15:34:12 2026: Image # 62, module IdentifyPrimaryObjects # 14: CPU_time = 3.80 secs, Wall_time = 3.79 secs
Mon Aug 24 15:34:16 2026: Image # 62, module MaskObjects # 15: CPU_time = 0.58 secs, Wall_time = 0.58 secs
Mon Aug 24 15:34:16 2026: Image # 62, module RelateObjects # 16: CPU_time = 1.31 secs, Wall_time = 1.31 secs
Mon Aug 24 15:34:17 2026: Image # 62, module RelateObjects # 17: CPU_time = 1.28 secs, Wall_time = 1.29 secs
Mon Aug 24 15:34:19 2026: Image # 62, module MeasureObjectIntensity # 18: CPU_time = 17.95 secs, Wall_time = 17.93 secs
Mon Aug 24 15:34:37 2026: Image # 62, module RelateObjects # 19: CPU_time = 0.30 secs, Wall_time = 0.30 secs
Mon Aug 24 15:34:37 2026: Image # 62, module ExportToSpreadsheet # 20: CPU_time = 0.00 secs, Wall_time = 0.00 secs
Mon Aug 24 15:34:37 2026: Image # 63, module Images # 1: CPU_time = 0.00 secs, Wall_time = 0.00 secs
Mon Aug 24 15:34:37 2026: Image # 63, module Metadata # 2: CPU_time = 0.00 secs, Wall_time = 0.00 secs
Mon Aug 24 15:34:37 2026: Image # 63, module NamesAndTypes # 3: CPU_time = 4.53 secs, Wall_time = 7.07 secs
Mon Aug 24 15:34:44 2026: Image # 63, module Groups # 4: CPU_time = 0.00 secs, Wall_time = 0.00 secs
Mon Aug 24 15:34:44 2026: Image # 63, module FilterObjects # 5: CPU_time = 1.67 secs, Wall_time = 1.67 secs
Mon Aug 24 15:34:46 2026: Image # 63, module FilterObjects # 6: CPU_time = 1.51 secs, Wall_time = 1.51 secs
Mon Aug 24 15:34:47 2026: Image # 63, module MaskImage # 7: CPU_time = 0.24 secs, Wall_time = 0.11 secs
Mon Aug 24 15:34:47 2026: Image # 63, module MaskImage # 8: CPU_time = 0.26 secs, Wall_time = 0.12 secs
Mon Aug 24 15:34:47 2026: Image # 63, module MaskObjects # 9: CPU_time = 0.58 secs, Wall_time = 0.58 secs
Mon Aug 24 15:34:48 2026: Image # 63, module ExpandOrShrinkObjects # 10: CPU_time = 0.99 secs, Wall_time = 0.98 secs
Mon Aug 24 15:34:49 2026: Image # 63, module ExpandOrShrinkObjects # 11: CPU_time = 0.92 secs, Wall_time = 0.93 secs
Mon Aug 24 15:34:50 2026: Image # 63, module MaskObjects # 12: CPU_time = 0.59 secs, Wall_time = 0.60 secs
Mon Aug 24 15:34:51 2026: Image # 63, module EnhanceOrSuppressFeatures # 13: CPU_time = 1.09 secs, Wall_time = 1.09 secs
Mon Aug 24 15:34:52 2026: Image # 63, module IdentifyPrimaryObjects # 14: CPU_time = 3.88 secs, Wall_time = 3.87 secs
Mon Aug 24 15:34:55 2026: Image # 63, module MaskObjects # 15: CPU_time = 0.57 secs, Wall_time = 0.57 secs
Mon Aug 24 15:34:56 2026: Image # 63, module RelateObjects # 16: CPU_time = 1.35 secs, Wall_time = 1.35 secs
Mon Aug 24 15:34:57 2026: Image # 63, module RelateObjects # 17: CPU_time = 1.34 secs, Wall_time = 1.34 secs
Mon Aug 24 15:34:59 2026: Image # 63, module MeasureObjectIntensity # 18: CPU_time = 18.24 secs, Wall_time = 18.21 secs
Mon Aug 24 15:35:17 2026: Image # 63, module RelateObjects # 19: CPU_time = 0.33 secs, Wall_time = 0.33 secs
Mon Aug 24 15:35:17 2026: Image # 63, module ExportToSpreadsheet # 20: CPU_time = 0.00 secs, Wall_time = 0.00 secs
Mon Aug 24 15:35:17 2026: Image # 64, module Images # 1: CPU_time = 0.00 secs, Wall_time = 0.00 secs
Mon Aug 24 15:35:17 2026: Image # 64, module Metadata # 2: CPU_time = 0.00 secs, Wall_time = 0.00 secs
Mon Aug 24 15:35:17 2026: Image # 64, module NamesAndTypes # 3: CPU_time = 4.61 secs, Wall_time = 5.68 secs
Mon Aug 24 15:35:23 2026: Image # 64, module Groups # 4: CPU_time = 0.00 secs, Wall_time = 0.00 secs
Mon Aug 24 15:35:23 2026: Image # 64, module FilterObjects # 5: CPU_time = 1.52 secs, Wall_time = 1.52 secs
Mon Aug 24 15:35:25 2026: Image # 64, module FilterObjects # 6: CPU_time = 1.41 secs, Wall_time = 1.41 secs
Mon Aug 24 15:35:26 2026: Image # 64, module MaskImage # 7: CPU_time = 0.34 secs, Wall_time = 0.16 secs
Mon Aug 24 15:35:26 2026: Image # 64, module MaskImage # 8: CPU_time = 0.17 secs, Wall_time = 0.13 secs
Mon Aug 24 15:35:26 2026: Image # 64, module MaskObjects # 9: CPU_time = 0.57 secs, Wall_time = 0.57 secs
Mon Aug 24 15:35:27 2026: Image # 64, module ExpandOrShrinkObjects # 10: CPU_time = 0.98 secs, Wall_time = 0.98 secs
Mon Aug 24 15:35:28 2026: Image # 64, module ExpandOrShrinkObjects # 11: CPU_time = 1.01 secs, Wall_time = 1.00 secs
Mon Aug 24 15:35:29 2026: Image # 64, module MaskObjects # 12: CPU_time = 0.60 secs, Wall_time = 0.60 secs
Mon Aug 24 15:35:29 2026: Image # 64, module EnhanceOrSuppressFeatures # 13: CPU_time = 1.11 secs, Wall_time = 1.10 secs
Mon Aug 24 15:35:31 2026: Image # 64, module IdentifyPrimaryObjects # 14: CPU_time = 3.94 secs, Wall_time = 3.94 secs
Mon Aug 24 15:35:34 2026: Image # 64, module MaskObjects # 15: CPU_time = 0.56 secs, Wall_time = 0.56 secs
Mon Aug 24 15:35:35 2026: Image # 64, module RelateObjects # 16: CPU_time = 1.29 secs, Wall_time = 1.28 secs
Mon Aug 24 15:35:36 2026: Image # 64, module RelateObjects # 17: CPU_time = 1.26 secs, Wall_time = 1.26 secs
Mon Aug 24 15:35:38 2026: Image # 64, module MeasureObjectIntensity # 18: CPU_time = 18.39 secs, Wall_time = 18.37 secs
Mon Aug 24 15:35:56 2026: Image # 64, module RelateObjects # 19: CPU_time = 0.29 secs, Wall_time = 0.29 secs
Mon Aug 24 15:35:56 2026: Image # 64, module ExportToSpreadsheet # 20: CPU_time = 0.00 secs, Wall_time = 0.00 secs
Mon Aug 24 15:35:56 2026: Image # 65, module Images # 1: CPU_time = 0.00 secs, Wall_time = 0.00 secs
Mon Aug 24 15:35:56 2026: Image # 65, module Metadata # 2: CPU_time = 0.00 secs, Wall_time = 0.00 secs
Mon Aug 24 15:35:56 2026: Image # 65, module NamesAndTypes # 3: CPU_time = 4.43 secs, Wall_time = 5.14 secs
Mon Aug 24 15:36:01 2026: Image # 65, module Groups # 4: CPU_time = 0.00 secs, Wall_time = 0.00 secs
Mon Aug 24 15:36:01 2026: Image # 65, module FilterObjects # 5: CPU_time = 1.52 secs, Wall_time = 1.51 secs
Mon Aug 24 15:36:03 2026: Image # 65, module FilterObjects # 6: CPU_time = 1.40 secs, Wall_time = 1.41 secs
Mon Aug 24 15:36:04 2026: Image # 65, module MaskImage # 7: CPU_time = 0.30 secs, Wall_time = 0.14 secs
Mon Aug 24 15:36:04 2026: Image # 65, module MaskImage # 8: CPU_time = 0.12 secs, Wall_time = 0.11 secs
Mon Aug 24 15:36:05 2026: Image # 65, module MaskObjects # 9: CPU_time = 0.56 secs, Wall_time = 0.55 secs
Mon Aug 24 15:36:05 2026: Image # 65, module ExpandOrShrinkObjects # 10: CPU_time = 0.97 secs, Wall_time = 0.97 secs
Mon Aug 24 15:36:06 2026: Image # 65, module ExpandOrShrinkObjects # 11: CPU_time = 0.98 secs, Wall_time = 0.97 secs
Mon Aug 24 15:36:07 2026: Image # 65, module MaskObjects # 12: CPU_time = 0.57 secs, Wall_time = 0.58 secs
Mon Aug 24 15:36:08 2026: Image # 65, module EnhanceOrSuppressFeatures # 13: CPU_time = 1.11 secs, Wall_time = 1.10 secs
Mon Aug 24 15:36:09 2026: Image # 65, module IdentifyPrimaryObjects # 14: CPU_time = 3.55 secs, Wall_time = 3.55 secs
Mon Aug 24 15:36:12 2026: Image # 65, module MaskObjects # 15: CPU_time = 0.54 secs, Wall_time = 0.54 secs
Mon Aug 24 15:36:13 2026: Image # 65, module RelateObjects # 16: CPU_time = 1.25 secs, Wall_time = 1.25 secs
Mon Aug 24 15:36:14 2026: Image # 65, module RelateObjects # 17: CPU_time = 1.21 secs, Wall_time = 1.21 secs
Mon Aug 24 15:36:15 2026: Image # 65, module MeasureObjectIntensity # 18: CPU_time = 16.70 secs, Wall_time = 16.68 secs
Mon Aug 24 15:36:32 2026: Image # 65, module RelateObjects # 19: CPU_time = 0.28 secs, Wall_time = 0.29 secs
Mon Aug 24 15:36:32 2026: Image # 65, module ExportToSpreadsheet # 20: CPU_time = 0.00 secs, Wall_time = 0.00 secs
Mon Aug 24 15:36:32 2026: Image # 66, module Images # 1: CPU_time = 0.00 secs, Wall_time = 0.00 secs
Mon Aug 24 15:36:32 2026: Image # 66, module Metadata # 2: CPU_time = 0.00 secs, Wall_time = 0.00 secs
Mon Aug 24 15:36:32 2026: Image # 66, module NamesAndTypes # 3: CPU_time = 4.18 secs, Wall_time = 5.48 secs
Mon Aug 24 15:36:38 2026: Image # 66, module Groups # 4: CPU_time = 0.00 secs, Wall_time = 0.00 secs
Mon Aug 24 15:36:38 2026: Image # 66, module FilterObjects # 5: CPU_time = 1.61 secs, Wall_time = 1.62 secs
Mon Aug 24 15:36:39 2026: Image # 66, module FilterObjects # 6: CPU_time = 1.47 secs, Wall_time = 1.47 secs
Mon Aug 24 15:36:41 2026: Image # 66, module MaskImage # 7: CPU_time = 0.23 secs, Wall_time = 0.10 secs
Mon Aug 24 15:36:41 2026: Image # 66, module MaskImage # 8: CPU_time = 0.22 secs, Wall_time = 0.11 secs
Mon Aug 24 15:36:41 2026: Image # 66, module MaskObjects # 9: CPU_time = 0.53 secs, Wall_time = 0.52 secs
Mon Aug 24 15:36:42 2026: Image # 66, module ExpandOrShrinkObjects # 10: CPU_time = 0.96 secs, Wall_time = 0.95 secs
Mon Aug 24 15:36:43 2026: Image # 66, module ExpandOrShrinkObjects # 11: CPU_time = 0.97 secs, Wall_time = 0.98 secs
Mon Aug 24 15:36:44 2026: Image # 66, module MaskObjects # 12: CPU_time = 0.56 secs, Wall_time = 0.55 secs
Mon Aug 24 15:36:44 2026: Image # 66, module EnhanceOrSuppressFeatures # 13: CPU_time = 1.08 secs, Wall_time = 1.08 secs
Mon Aug 24 15:36:45 2026: Image # 66, module IdentifyPrimaryObjects # 14: CPU_time = 3.65 secs, Wall_time = 3.64 secs
Mon Aug 24 15:36:49 2026: Image # 66, module MaskObjects # 15: CPU_time = 0.53 secs, Wall_time = 0.54 secs
Mon Aug 24 15:36:49 2026: Image # 66, module RelateObjects # 16: CPU_time = 1.40 secs, Wall_time = 1.40 secs
Mon Aug 24 15:36:51 2026: Image # 66, module RelateObjects # 17: CPU_time = 1.43 secs, Wall_time = 1.43 secs
Mon Aug 24 15:36:52 2026: Image # 66, module MeasureObjectIntensity # 18: CPU_time = 18.21 secs, Wall_time = 18.19 secs
Mon Aug 24 15:37:10 2026: Image # 66, module RelateObjects # 19: CPU_time = 0.35 secs, Wall_time = 0.35 secs
Mon Aug 24 15:37:11 2026: Image # 66, module ExportToSpreadsheet # 20: CPU_time = 0.01 secs, Wall_time = 0.00 secs
Mon Aug 24 15:37:11 2026: Image # 67, module Images # 1: CPU_time = 0.00 secs, Wall_time = 0.00 secs
Mon Aug 24 15:37:11 2026: Image # 67, module Metadata # 2: CPU_time = 0.00 secs, Wall_time = 0.00 secs
Mon Aug 24 15:37:11 2026: Image # 67, module NamesAndTypes # 3: CPU_time = 4.63 secs, Wall_time = 5.28 secs
Mon Aug 24 15:37:16 2026: Image # 67, module Groups # 4: CPU_time = 0.00 secs, Wall_time = 0.00 secs
Mon Aug 24 15:37:16 2026: Image # 67, module FilterObjects # 5: CPU_time = 1.57 secs, Wall_time = 1.57 secs
Mon Aug 24 15:37:18 2026: Image # 67, module FilterObjects # 6: CPU_time = 1.44 secs, Wall_time = 1.44 secs
Mon Aug 24 15:37:19 2026: Image # 67, module MaskImage # 7: CPU_time = 0.24 secs, Wall_time = 0.11 secs
Mon Aug 24 15:37:19 2026: Image # 67, module MaskImage # 8: CPU_time = 0.12 secs, Wall_time = 0.10 secs
Mon Aug 24 15:37:19 2026: Image # 67, module MaskObjects # 9: CPU_time = 0.53 secs, Wall_time = 0.53 secs
Mon Aug 24 15:37:20 2026: Image # 67, module ExpandOrShrinkObjects # 10: CPU_time = 0.95 secs, Wall_time = 0.94 secs
Mon Aug 24 15:37:21 2026: Image # 67, module ExpandOrShrinkObjects # 11: CPU_time = 0.97 secs, Wall_time = 0.97 secs
Mon Aug 24 15:37:22 2026: Image # 67, module MaskObjects # 12: CPU_time = 0.57 secs, Wall_time = 0.57 secs
Mon Aug 24 15:37:22 2026: Image # 67, module EnhanceOrSuppressFeatures # 13: CPU_time = 1.08 secs, Wall_time = 1.08 secs
Mon Aug 24 15:37:23 2026: Image # 67, module IdentifyPrimaryObjects # 14: CPU_time = 3.52 secs, Wall_time = 3.50 secs
Mon Aug 24 15:37:27 2026: Image # 67, module MaskObjects # 15: CPU_time = 0.54 secs, Wall_time = 0.53 secs
Mon Aug 24 15:37:27 2026: Image # 67, module RelateObjects # 16: CPU_time = 1.35 secs, Wall_time = 1.35 secs
Mon Aug 24 15:37:29 2026: Image # 67, module RelateObjects # 17: CPU_time = 1.36 secs, Wall_time = 1.35 secs
Mon Aug 24 15:37:30 2026: Image # 67, module MeasureObjectIntensity # 18: CPU_time = 17.31 secs, Wall_time = 17.29 secs
Mon Aug 24 15:37:47 2026: Image # 67, module RelateObjects # 19: CPU_time = 0.29 secs, Wall_time = 0.29 secs
Mon Aug 24 15:37:48 2026: Image # 67, module ExportToSpreadsheet # 20: CPU_time = 0.00 secs, Wall_time = 0.00 secs
Mon Aug 24 15:37:48 2026: Image # 68, module Images # 1: CPU_time = 0.00 secs, Wall_time = 0.00 secs
Mon Aug 24 15:37:48 2026: Image # 68, module Metadata # 2: CPU_time = 0.00 secs, Wall_time = 0.00 secs
Mon Aug 24 15:37:48 2026: Image # 68, module NamesAndTypes # 3: CPU_time = 4.37 secs, Wall_time = 4.85 secs
Mon Aug 24 15:37:53 2026: Image # 68, module Groups # 4: CPU_time = 0.00 secs, Wall_time = 0.00 secs
Mon Aug 24 15:37:53 2026: Image # 68, module FilterObjects # 5: CPU_time = 1.60 secs, Wall_time = 1.59 secs
Mon Aug 24 15:37:54 2026: Image # 68, module FilterObjects # 6: CPU_time = 1.44 secs, Wall_time = 1.44 secs
Mon Aug 24 15:37:56 2026: Image # 68, module MaskImage # 7: CPU_time = 0.22 secs, Wall_time = 0.10 secs
Mon Aug 24 15:37:56 2026: Image # 68, module MaskImage # 8: CPU_time = 0.20 secs, Wall_time = 0.10 secs
Mon Aug 24 15:37:56 2026: Image # 68, module MaskObjects # 9: CPU_time = 0.54 secs, Wall_time = 0.53 secs
Mon Aug 24 15:37:56 2026: Image # 68, module ExpandOrShrinkObjects # 10: CPU_time = 0.86 secs, Wall_time = 0.85 secs
Mon Aug 24 15:37:57 2026: Image # 68, module ExpandOrShrinkObjects # 11: CPU_time = 0.92 secs, Wall_time = 0.92 secs
Mon Aug 24 15:37:58 2026: Image # 68, module MaskObjects # 12: CPU_time = 0.56 secs, Wall_time = 0.56 secs
Mon Aug 24 15:37:59 2026: Image # 68, module EnhanceOrSuppressFeatures # 13: CPU_time = 1.08 secs, Wall_time = 1.08 secs
Mon Aug 24 15:38:00 2026: Image # 68, module IdentifyPrimaryObjects # 14: CPU_time = 3.65 secs, Wall_time = 3.65 secs
Mon Aug 24 15:38:04 2026: Image # 68, module MaskObjects # 15: CPU_time = 0.53 secs, Wall_time = 0.52 secs
Mon Aug 24 15:38:04 2026: Image # 68, module RelateObjects # 16: CPU_time = 1.34 secs, Wall_time = 1.34 secs
Mon Aug 24 15:38:05 2026: Image # 68, module RelateObjects # 17: CPU_time = 1.33 secs, Wall_time = 1.32 secs
Mon Aug 24 15:38:07 2026: Image # 68, module MeasureObjectIntensity # 18: CPU_time = 17.67 secs, Wall_time = 17.65 secs
Mon Aug 24 15:38:24 2026: Image # 68, module RelateObjects # 19: CPU_time = 0.32 secs, Wall_time = 0.31 secs
Mon Aug 24 15:38:25 2026: Image # 68, module ExportToSpreadsheet # 20: CPU_time = 0.00 secs, Wall_time = 0.00 secs
Mon Aug 24 15:38:25 2026: Image # 69, module Images # 1: CPU_time = 0.00 secs, Wall_time = 0.00 secs
Mon Aug 24 15:38:25 2026: Image # 69, module Metadata # 2: CPU_time = 0.00 secs, Wall_time = 0.00 secs
Mon Aug 24 15:38:25 2026: Image # 69, module NamesAndTypes # 3: CPU_time = 4.35 secs, Wall_time = 4.80 secs
Mon Aug 24 15:38:29 2026: Image # 69, module Groups # 4: CPU_time = 0.00 secs, Wall_time = 0.00 secs
Mon Aug 24 15:38:29 2026: Image # 69, module FilterObjects # 5: CPU_time = 1.57 secs, Wall_time = 1.57 secs
Mon Aug 24 15:38:31 2026: Image # 69, module FilterObjects # 6: CPU_time = 1.44 secs, Wall_time = 1.44 secs
Mon Aug 24 15:38:33 2026: Image # 69, module MaskImage # 7: CPU_time = 0.28 secs, Wall_time = 0.13 secs
Mon Aug 24 15:38:33 2026: Image # 69, module MaskImage # 8: CPU_time = 0.13 secs, Wall_time = 0.11 secs
Mon Aug 24 15:38:33 2026: Image # 69, module MaskObjects # 9: CPU_time = 0.53 secs, Wall_time = 0.53 secs
Mon Aug 24 15:38:33 2026: Image # 69, module ExpandOrShrinkObjects # 10: CPU_time = 0.89 secs, Wall_time = 0.90 secs
Mon Aug 24 15:38:34 2026: Image # 69, module ExpandOrShrinkObjects # 11: CPU_time = 0.93 secs, Wall_time = 0.94 secs
Mon Aug 24 15:38:35 2026: Image # 69, module MaskObjects # 12: CPU_time = 0.57 secs, Wall_time = 0.57 secs
Mon Aug 24 15:38:36 2026: Image # 69, module EnhanceOrSuppressFeatures # 13: CPU_time = 1.09 secs, Wall_time = 1.08 secs
Mon Aug 24 15:38:37 2026: Image # 69, module IdentifyPrimaryObjects # 14: CPU_time = 3.65 secs, Wall_time = 3.64 secs
Mon Aug 24 15:38:40 2026: Image # 69, module MaskObjects # 15: CPU_time = 0.54 secs, Wall_time = 0.53 secs
Mon Aug 24 15:38:41 2026: Image # 69, module RelateObjects # 16: CPU_time = 1.33 secs, Wall_time = 1.34 secs
Mon Aug 24 15:38:42 2026: Image # 69, module RelateObjects # 17: CPU_time = 1.32 secs, Wall_time = 1.31 secs
Mon Aug 24 15:38:44 2026: Image # 69, module MeasureObjectIntensity # 18: CPU_time = 17.53 secs, Wall_time = 17.50 secs
Mon Aug 24 15:39:01 2026: Image # 69, module RelateObjects # 19: CPU_time = 0.29 secs, Wall_time = 0.28 secs
Mon Aug 24 15:39:01 2026: Image # 69, module ExportToSpreadsheet # 20: CPU_time = 0.00 secs, Wall_time = 0.00 secs
Mon Aug 24 15:39:01 2026: Image # 70, module Images # 1: CPU_time = 0.00 secs, Wall_time = 0.00 secs
Mon Aug 24 15:39:01 2026: Image # 70, module Metadata # 2: CPU_time = 0.00 secs, Wall_time = 0.00 secs
Mon Aug 24 15:39:01 2026: Image # 70, module NamesAndTypes # 3: CPU_time = 4.13 secs, Wall_time = 4.55 secs
Mon Aug 24 15:39:06 2026: Image # 70, module Groups # 4: CPU_time = 0.00 secs, Wall_time = 0.00 secs
Mon Aug 24 15:39:06 2026: Image # 70, module FilterObjects # 5: CPU_time = 1.53 secs, Wall_time = 1.53 secs
Mon Aug 24 15:39:08 2026: Image # 70, module FilterObjects # 6: CPU_time = 1.38 secs, Wall_time = 1.38 secs
Mon Aug 24 15:39:09 2026: Image # 70, module MaskImage # 7: CPU_time = 0.22 secs, Wall_time = 0.11 secs
Mon Aug 24 15:39:09 2026: Image # 70, module MaskImage # 8: CPU_time = 0.23 secs, Wall_time = 0.11 secs
Mon Aug 24 15:39:09 2026: Image # 70, module MaskObjects # 9: CPU_time = 0.53 secs, Wall_time = 0.52 secs
Mon Aug 24 15:39:10 2026: Image # 70, module ExpandOrShrinkObjects # 10: CPU_time = 0.86 secs, Wall_time = 0.85 secs
Mon Aug 24 15:39:11 2026: Image # 70, module ExpandOrShrinkObjects # 11: CPU_time = 0.88 secs, Wall_time = 0.88 secs
Mon Aug 24 15:39:11 2026: Image # 70, module MaskObjects # 12: CPU_time = 0.57 secs, Wall_time = 0.57 secs
Mon Aug 24 15:39:12 2026: Image # 70, module EnhanceOrSuppressFeatures # 13: CPU_time = 1.09 secs, Wall_time = 1.09 secs
Mon Aug 24 15:39:13 2026: Image # 70, module IdentifyPrimaryObjects # 14: CPU_time = 3.43 secs, Wall_time = 3.42 secs
Mon Aug 24 15:39:16 2026: Image # 70, module MaskObjects # 15: CPU_time = 0.51 secs, Wall_time = 0.51 secs
Mon Aug 24 15:39:17 2026: Image # 70, module RelateObjects # 16: CPU_time = 1.27 secs, Wall_time = 1.28 secs
Mon Aug 24 15:39:18 2026: Image # 70, module RelateObjects # 17: CPU_time = 1.25 secs, Wall_time = 1.25 secs
Mon Aug 24 15:39:20 2026: Image # 70, module MeasureObjectIntensity # 18: CPU_time = 16.50 secs, Wall_time = 16.50 secs
Mon Aug 24 15:39:36 2026: Image # 70, module RelateObjects # 19: CPU_time = 0.27 secs, Wall_time = 0.27 secs
Mon Aug 24 15:39:36 2026: Image # 70, module ExportToSpreadsheet # 20: CPU_time = 0.00 secs, Wall_time = 0.00 secs
Mon Aug 24 15:39:36 2026: Image # 71, module Images # 1: CPU_time = 0.00 secs, Wall_time = 0.00 secs
Mon Aug 24 15:39:36 2026: Image # 71, module Metadata # 2: CPU_time = 0.00 secs, Wall_time = 0.00 secs
Mon Aug 24 15:39:36 2026: Image # 71, module NamesAndTypes # 3: CPU_time = 3.97 secs, Wall_time = 4.72 secs
Mon Aug 24 15:39:41 2026: Image # 71, module Groups # 4: CPU_time = 0.00 secs, Wall_time = 0.00 secs
Mon Aug 24 15:39:41 2026: Image # 71, module FilterObjects # 5: CPU_time = 1.70 secs, Wall_time = 1.69 secs
Mon Aug 24 15:39:43 2026: Image # 71, module FilterObjects # 6: CPU_time = 1.55 secs, Wall_time = 1.55 secs
Mon Aug 24 15:39:44 2026: Image # 71, module MaskImage # 7: CPU_time = 0.21 secs, Wall_time = 0.10 secs
Mon Aug 24 15:39:44 2026: Image # 71, module MaskImage # 8: CPU_time = 0.26 secs, Wall_time = 0.13 secs
Mon Aug 24 15:39:45 2026: Image # 71, module MaskObjects # 9: CPU_time = 0.54 secs, Wall_time = 0.53 secs
Mon Aug 24 15:39:45 2026: Image # 71, module ExpandOrShrinkObjects # 10: CPU_time = 0.90 secs, Wall_time = 0.90 secs
Mon Aug 24 15:39:46 2026: Image # 71, module ExpandOrShrinkObjects # 11: CPU_time = 0.91 secs, Wall_time = 0.91 secs
Mon Aug 24 15:39:47 2026: Image # 71, module MaskObjects # 12: CPU_time = 0.58 secs, Wall_time = 0.58 secs
Mon Aug 24 15:39:47 2026: Image # 71, module EnhanceOrSuppressFeatures # 13: CPU_time = 1.08 secs, Wall_time = 1.08 secs
Mon Aug 24 15:39:49 2026: Image # 71, module IdentifyPrimaryObjects # 14: CPU_time = 4.09 secs, Wall_time = 4.08 secs
Mon Aug 24 15:39:53 2026: Image # 71, module MaskObjects # 15: CPU_time = 0.55 secs, Wall_time = 0.54 secs
Mon Aug 24 15:39:53 2026: Image # 71, module RelateObjects # 16: CPU_time = 1.68 secs, Wall_time = 1.68 secs
Mon Aug 24 15:39:55 2026: Image # 71, module RelateObjects # 17: CPU_time = 1.62 secs, Wall_time = 1.62 secs
Mon Aug 24 15:39:57 2026: Image # 71, module MeasureObjectIntensity # 18: CPU_time = 19.70 secs, Wall_time = 19.68 secs
Mon Aug 24 15:40:16 2026: Image # 71, module RelateObjects # 19: CPU_time = 0.38 secs, Wall_time = 0.39 secs
Mon Aug 24 15:40:17 2026: Image # 71, module ExportToSpreadsheet # 20: CPU_time = 0.00 secs, Wall_time = 0.00 secs
Mon Aug 24 15:40:17 2026: Image # 72, module Images # 1: CPU_time = 0.00 secs, Wall_time = 0.00 secs
Mon Aug 24 15:40:17 2026: Image # 72, module Metadata # 2: CPU_time = 0.00 secs, Wall_time = 0.00 secs
Mon Aug 24 15:40:17 2026: Image # 72, module NamesAndTypes # 3: CPU_time = 4.06 secs, Wall_time = 4.88 secs
Mon Aug 24 15:40:21 2026: Image # 72, module Groups # 4: CPU_time = 0.00 secs, Wall_time = 0.00 secs
Mon Aug 24 15:40:21 2026: Image # 72, module FilterObjects # 5: CPU_time = 1.75 secs, Wall_time = 1.74 secs
Mon Aug 24 15:40:23 2026: Image # 72, module FilterObjects # 6: CPU_time = 1.61 secs, Wall_time = 1.60 secs
Mon Aug 24 15:40:25 2026: Image # 72, module MaskImage # 7: CPU_time = 0.29 secs, Wall_time = 0.14 secs
Mon Aug 24 15:40:25 2026: Image # 72, module MaskImage # 8: CPU_time = 0.11 secs, Wall_time = 0.10 secs
Mon Aug 24 15:40:25 2026: Image # 72, module MaskObjects # 9: CPU_time = 0.54 secs, Wall_time = 0.54 secs
Mon Aug 24 15:40:26 2026: Image # 72, module ExpandOrShrinkObjects # 10: CPU_time = 0.89 secs, Wall_time = 0.90 secs
Mon Aug 24 15:40:27 2026: Image # 72, module ExpandOrShrinkObjects # 11: CPU_time = 0.90 secs, Wall_time = 0.91 secs
Mon Aug 24 15:40:27 2026: Image # 72, module MaskObjects # 12: CPU_time = 0.59 secs, Wall_time = 0.58 secs
Mon Aug 24 15:40:28 2026: Image # 72, module EnhanceOrSuppressFeatures # 13: CPU_time = 1.10 secs, Wall_time = 1.09 secs
Mon Aug 24 15:40:29 2026: Image # 72, module IdentifyPrimaryObjects # 14: CPU_time = 4.22 secs, Wall_time = 4.22 secs
Mon Aug 24 15:40:33 2026: Image # 72, module MaskObjects # 15: CPU_time = 0.56 secs, Wall_time = 0.56 secs
Mon Aug 24 15:40:34 2026: Image # 72, module RelateObjects # 16: CPU_time = 1.63 secs, Wall_time = 1.62 secs
Mon Aug 24 15:40:36 2026: Image # 72, module RelateObjects # 17: CPU_time = 1.67 secs, Wall_time = 1.67 secs
Mon Aug 24 15:40:37 2026: Image # 72, module MeasureObjectIntensity # 18: CPU_time = 19.91 secs, Wall_time = 19.89 secs
Mon Aug 24 15:40:57 2026: Image # 72, module RelateObjects # 19: CPU_time = 0.41 secs, Wall_time = 0.40 secs
Mon Aug 24 15:40:58 2026: Image # 72, module ExportToSpreadsheet # 20: CPU_time = 0.00 secs, Wall_time = 0.00 secs
Mon Aug 24 15:40:58 2026: Image # 73, module Images # 1: CPU_time = 0.00 secs, Wall_time = 0.00 secs
Mon Aug 24 15:40:58 2026: Image # 73, module Metadata # 2: CPU_time = 0.00 secs, Wall_time = 0.00 secs
Mon Aug 24 15:40:58 2026: Image # 73, module NamesAndTypes # 3: CPU_time = 4.18 secs, Wall_time = 4.98 secs
Mon Aug 24 15:41:03 2026: Image # 73, module Groups # 4: CPU_time = 0.00 secs, Wall_time = 0.00 secs
Mon Aug 24 15:41:03 2026: Image # 73, module FilterObjects # 5: CPU_time = 1.81 secs, Wall_time = 1.80 secs
Mon Aug 24 15:41:04 2026: Image # 73, module FilterObjects # 6: CPU_time = 1.65 secs, Wall_time = 1.65 secs
Mon Aug 24 15:41:06 2026: Image # 73, module MaskImage # 7: CPU_time = 0.22 secs, Wall_time = 0.10 secs
Mon Aug 24 15:41:06 2026: Image # 73, module MaskImage # 8: CPU_time = 0.23 secs, Wall_time = 0.10 secs
Mon Aug 24 15:41:06 2026: Image # 73, module MaskObjects # 9: CPU_time = 0.54 secs, Wall_time = 0.53 secs
Mon Aug 24 15:41:07 2026: Image # 73, module ExpandOrShrinkObjects # 10: CPU_time = 1.09 secs, Wall_time = 1.08 secs
Mon Aug 24 15:41:08 2026: Image # 73, module ExpandOrShrinkObjects # 11: CPU_time = 1.07 secs, Wall_time = 1.08 secs
Mon Aug 24 15:41:09 2026: Image # 73, module MaskObjects # 12: CPU_time = 0.59 secs, Wall_time = 0.59 secs
Mon Aug 24 15:41:09 2026: Image # 73, module EnhanceOrSuppressFeatures # 13: CPU_time = 1.09 secs, Wall_time = 1.09 secs
Mon Aug 24 15:41:11 2026: Image # 73, module IdentifyPrimaryObjects # 14: CPU_time = 4.21 secs, Wall_time = 4.20 secs
Mon Aug 24 15:41:15 2026: Image # 73, module MaskObjects # 15: CPU_time = 0.54 secs, Wall_time = 0.55 secs
Mon Aug 24 15:41:15 2026: Image # 73, module RelateObjects # 16: CPU_time = 1.70 secs, Wall_time = 1.69 secs
Mon Aug 24 15:41:17 2026: Image # 73, module RelateObjects # 17: CPU_time = 1.67 secs, Wall_time = 1.66 secs
Mon Aug 24 15:41:19 2026: Image # 73, module MeasureObjectIntensity # 18: CPU_time = 19.36 secs, Wall_time = 19.34 secs
Mon Aug 24 15:41:38 2026: Image # 73, module RelateObjects # 19: CPU_time = 0.36 secs, Wall_time = 0.36 secs
Mon Aug 24 15:41:38 2026: Image # 73, module ExportToSpreadsheet # 20: CPU_time = 0.00 secs, Wall_time = 0.02 secs
Mon Aug 24 15:41:38 2026: Image # 74, module Images # 1: CPU_time = 0.00 secs, Wall_time = 0.00 secs
Mon Aug 24 15:41:38 2026: Image # 74, module Metadata # 2: CPU_time = 0.00 secs, Wall_time = 0.00 secs
Mon Aug 24 15:41:38 2026: Image # 74, module NamesAndTypes # 3: CPU_time = 4.22 secs, Wall_time = 4.53 secs
Mon Aug 24 15:41:43 2026: Image # 74, module Groups # 4: CPU_time = 0.00 secs, Wall_time = 0.00 secs
Mon Aug 24 15:41:43 2026: Image # 74, module FilterObjects # 5: CPU_time = 1.61 secs, Wall_time = 1.61 secs
Mon Aug 24 15:41:45 2026: Image # 74, module FilterObjects # 6: CPU_time = 1.52 secs, Wall_time = 1.52 secs
Mon Aug 24 15:41:46 2026: Image # 74, module MaskImage # 7: CPU_time = 0.24 secs, Wall_time = 0.11 secs
Mon Aug 24 15:41:46 2026: Image # 74, module MaskImage # 8: CPU_time = 0.09 secs, Wall_time = 0.10 secs
Mon Aug 24 15:41:46 2026: Image # 74, module MaskObjects # 9: CPU_time = 0.53 secs, Wall_time = 0.53 secs
Mon Aug 24 15:41:47 2026: Image # 74, module ExpandOrShrinkObjects # 10: CPU_time = 0.89 secs, Wall_time = 0.89 secs
Mon Aug 24 15:41:48 2026: Image # 74, module ExpandOrShrinkObjects # 11: CPU_time = 0.89 secs, Wall_time = 0.89 secs
Mon Aug 24 15:41:49 2026: Image # 74, module MaskObjects # 12: CPU_time = 0.57 secs, Wall_time = 0.57 secs
Mon Aug 24 15:41:49 2026: Image # 74, module EnhanceOrSuppressFeatures # 13: CPU_time = 1.09 secs, Wall_time = 1.09 secs
Mon Aug 24 15:41:50 2026: Image # 74, module IdentifyPrimaryObjects # 14: CPU_time = 3.88 secs, Wall_time = 3.87 secs
Mon Aug 24 15:41:54 2026: Image # 74, module MaskObjects # 15: CPU_time = 0.54 secs, Wall_time = 0.54 secs
Mon Aug 24 15:41:55 2026: Image # 74, module RelateObjects # 16: CPU_time = 1.50 secs, Wall_time = 1.49 secs
Mon Aug 24 15:41:56 2026: Image # 74, module RelateObjects # 17: CPU_time = 1.44 secs, Wall_time = 1.44 secs
Mon Aug 24 15:41:58 2026: Image # 74, module MeasureObjectIntensity # 18: CPU_time = 18.81 secs, Wall_time = 18.78 secs
Mon Aug 24 15:42:16 2026: Image # 74, module RelateObjects # 19: CPU_time = 0.33 secs, Wall_time = 0.33 secs
Mon Aug 24 15:42:17 2026: Image # 74, module ExportToSpreadsheet # 20: CPU_time = 0.00 secs, Wall_time = 0.00 secs
Mon Aug 24 15:42:17 2026: Image # 75, module Images # 1: CPU_time = 0.00 secs, Wall_time = 0.00 secs
Mon Aug 24 15:42:17 2026: Image # 75, module Metadata # 2: CPU_time = 0.00 secs, Wall_time = 0.00 secs
Mon Aug 24 15:42:17 2026: Image # 75, module NamesAndTypes # 3: CPU_time = 4.14 secs, Wall_time = 5.14 secs
Mon Aug 24 15:42:22 2026: Image # 75, module Groups # 4: CPU_time = 0.00 secs, Wall_time = 0.00 secs
Mon Aug 24 15:42:22 2026: Image # 75, module FilterObjects # 5: CPU_time = 1.72 secs, Wall_time = 1.72 secs
Mon Aug 24 15:42:24 2026: Image # 75, module FilterObjects # 6: CPU_time = 1.59 secs, Wall_time = 1.58 secs
Mon Aug 24 15:42:25 2026: Image # 75, module MaskImage # 7: CPU_time = 0.23 secs, Wall_time = 0.12 secs
Mon Aug 24 15:42:25 2026: Image # 75, module MaskImage # 8: CPU_time = 0.13 secs, Wall_time = 0.12 secs
Mon Aug 24 15:42:25 2026: Image # 75, module MaskObjects # 9: CPU_time = 0.54 secs, Wall_time = 0.54 secs
Mon Aug 24 15:42:26 2026: Image # 75, module ExpandOrShrinkObjects # 10: CPU_time = 0.88 secs, Wall_time = 0.88 secs
Mon Aug 24 15:42:27 2026: Image # 75, module ExpandOrShrinkObjects # 11: CPU_time = 0.90 secs, Wall_time = 0.89 secs
Mon Aug 24 15:42:28 2026: Image # 75, module MaskObjects # 12: CPU_time = 0.59 secs, Wall_time = 0.59 secs
Mon Aug 24 15:42:28 2026: Image # 75, module EnhanceOrSuppressFeatures # 13: CPU_time = 1.10 secs, Wall_time = 1.10 secs
Mon Aug 24 15:42:29 2026: Image # 75, module IdentifyPrimaryObjects # 14: CPU_time = 3.95 secs, Wall_time = 3.94 secs
Mon Aug 24 15:42:33 2026: Image # 75, module MaskObjects # 15: CPU_time = 0.58 secs, Wall_time = 0.58 secs
Mon Aug 24 15:42:34 2026: Image # 75, module RelateObjects # 16: CPU_time = 1.66 secs, Wall_time = 1.67 secs
Mon Aug 24 15:42:36 2026: Image # 75, module RelateObjects # 17: CPU_time = 1.65 secs, Wall_time = 1.64 secs
Mon Aug 24 15:42:37 2026: Image # 75, module MeasureObjectIntensity # 18: CPU_time = 20.47 secs, Wall_time = 20.44 secs
Mon Aug 24 15:42:58 2026: Image # 75, module RelateObjects # 19: CPU_time = 0.40 secs, Wall_time = 0.40 secs
Mon Aug 24 15:42:58 2026: Image # 75, module ExportToSpreadsheet # 20: CPU_time = 0.00 secs, Wall_time = 0.00 secs
Mon Aug 24 15:42:58 2026: Image # 76, module Images # 1: CPU_time = 0.00 secs, Wall_time = 0.00 secs
Mon Aug 24 15:42:58 2026: Image # 76, module Metadata # 2: CPU_time = 0.00 secs, Wall_time = 0.00 secs
Mon Aug 24 15:42:58 2026: Image # 76, module NamesAndTypes # 3: CPU_time = 4.68 secs, Wall_time = 6.12 secs
Mon Aug 24 15:43:04 2026: Image # 76, module Groups # 4: CPU_time = 0.00 secs, Wall_time = 0.00 secs
Mon Aug 24 15:43:04 2026: Image # 76, module FilterObjects # 5: CPU_time = 1.69 secs, Wall_time = 1.70 secs
Mon Aug 24 15:43:06 2026: Image # 76, module FilterObjects # 6: CPU_time = 1.58 secs, Wall_time = 1.58 secs
Mon Aug 24 15:43:08 2026: Image # 76, module MaskImage # 7: CPU_time = 0.25 secs, Wall_time = 0.13 secs
Mon Aug 24 15:43:08 2026: Image # 76, module MaskImage # 8: CPU_time = 0.25 secs, Wall_time = 0.11 secs
Mon Aug 24 15:43:08 2026: Image # 76, module MaskObjects # 9: CPU_time = 0.57 secs, Wall_time = 0.56 secs
Mon Aug 24 15:43:08 2026: Image # 76, module ExpandOrShrinkObjects # 10: CPU_time = 0.98 secs, Wall_time = 0.97 secs
Mon Aug 24 15:43:09 2026: Image # 76, module ExpandOrShrinkObjects # 11: CPU_time = 0.93 secs, Wall_time = 0.94 secs
Mon Aug 24 15:43:10 2026: Image # 76, module MaskObjects # 12: CPU_time = 0.57 secs, Wall_time = 0.57 secs
Mon Aug 24 15:43:11 2026: Image # 76, module EnhanceOrSuppressFeatures # 13: CPU_time = 1.10 secs, Wall_time = 1.09 secs
Mon Aug 24 15:43:12 2026: Image # 76, module IdentifyPrimaryObjects # 14: CPU_time = 3.97 secs, Wall_time = 3.97 secs
Mon Aug 24 15:43:16 2026: Image # 76, module MaskObjects # 15: CPU_time = 0.54 secs, Wall_time = 0.55 secs
Mon Aug 24 15:43:17 2026: Image # 76, module RelateObjects # 16: CPU_time = 1.57 secs, Wall_time = 1.56 secs
Mon Aug 24 15:43:18 2026: Image # 76, module RelateObjects # 17: CPU_time = 1.63 secs, Wall_time = 1.63 secs
Mon Aug 24 15:43:20 2026: Image # 76, module MeasureObjectIntensity # 18: CPU_time = 19.97 secs, Wall_time = 19.95 secs
Mon Aug 24 15:43:40 2026: Image # 76, module RelateObjects # 19: CPU_time = 0.34 secs, Wall_time = 0.35 secs
Mon Aug 24 15:43:40 2026: Image # 76, module ExportToSpreadsheet # 20: CPU_time = 0.00 secs, Wall_time = 0.00 secs
Mon Aug 24 15:43:40 2026: Image # 77, module Images # 1: CPU_time = 0.00 secs, Wall_time = 0.00 secs
Mon Aug 24 15:43:40 2026: Image # 77, module Metadata # 2: CPU_time = 0.00 secs, Wall_time = 0.00 secs
Mon Aug 24 15:43:40 2026: Image # 77, module NamesAndTypes # 3: CPU_time = 4.34 secs, Wall_time = 5.70 secs
Mon Aug 24 15:43:46 2026: Image # 77, module Groups # 4: CPU_time = 0.00 secs, Wall_time = 0.00 secs
Mon Aug 24 15:43:46 2026: Image # 77, module FilterObjects # 5: CPU_time = 1.68 secs, Wall_time = 1.67 secs
Mon Aug 24 15:43:47 2026: Image # 77, module FilterObjects # 6: CPU_time = 1.51 secs, Wall_time = 1.51 secs
Mon Aug 24 15:43:49 2026: Image # 77, module MaskImage # 7: CPU_time = 0.24 secs, Wall_time = 0.12 secs
Mon Aug 24 15:43:49 2026: Image # 77, module MaskImage # 8: CPU_time = 0.25 secs, Wall_time = 0.12 secs
Mon Aug 24 15:43:49 2026: Image # 77, module MaskObjects # 9: CPU_time = 0.61 secs, Wall_time = 0.59 secs
Mon Aug 24 15:43:50 2026: Image # 77, module ExpandOrShrinkObjects # 10: CPU_time = 0.97 secs, Wall_time = 0.96 secs
Mon Aug 24 15:43:51 2026: Image # 77, module ExpandOrShrinkObjects # 11: CPU_time = 0.98 secs, Wall_time = 0.98 secs
Mon Aug 24 15:43:52 2026: Image # 77, module MaskObjects # 12: CPU_time = 0.63 secs, Wall_time = 0.62 secs
Mon Aug 24 15:43:52 2026: Image # 77, module EnhanceOrSuppressFeatures # 13: CPU_time = 1.11 secs, Wall_time = 1.11 secs
Mon Aug 24 15:43:53 2026: Image # 77, module IdentifyPrimaryObjects # 14: CPU_time = 4.02 secs, Wall_time = 4.02 secs
Mon Aug 24 15:43:57 2026: Image # 77, module MaskObjects # 15: CPU_time = 0.57 secs, Wall_time = 0.57 secs
Mon Aug 24 15:43:58 2026: Image # 77, module RelateObjects # 16: CPU_time = 1.42 secs, Wall_time = 1.40 secs
Mon Aug 24 15:43:59 2026: Image # 77, module RelateObjects # 17: CPU_time = 1.34 secs, Wall_time = 1.34 secs
Mon Aug 24 15:44:01 2026: Image # 77, module MeasureObjectIntensity # 18: CPU_time = 18.42 secs, Wall_time = 18.40 secs
Mon Aug 24 15:44:19 2026: Image # 77, module RelateObjects # 19: CPU_time = 0.37 secs, Wall_time = 0.38 secs
Mon Aug 24 15:44:20 2026: Image # 77, module ExportToSpreadsheet # 20: CPU_time = 0.00 secs, Wall_time = 0.00 secs
Mon Aug 24 15:44:20 2026: Image # 78, module Images # 1: CPU_time = 0.00 secs, Wall_time = 0.00 secs
Mon Aug 24 15:44:20 2026: Image # 78, module Metadata # 2: CPU_time = 0.00 secs, Wall_time = 0.00 secs
Mon Aug 24 15:44:20 2026: Image # 78, module NamesAndTypes # 3: CPU_time = 4.46 secs, Wall_time = 5.51 secs
Mon Aug 24 15:44:25 2026: Image # 78, module Groups # 4: CPU_time = 0.00 secs, Wall_time = 0.00 secs
Mon Aug 24 15:44:25 2026: Image # 78, module FilterObjects # 5: CPU_time = 1.61 secs, Wall_time = 1.60 secs
Mon Aug 24 15:44:27 2026: Image # 78, module FilterObjects # 6: CPU_time = 1.46 secs, Wall_time = 1.46 secs
Mon Aug 24 15:44:28 2026: Image # 78, module MaskImage # 7: CPU_time = 0.32 secs, Wall_time = 0.15 secs
Mon Aug 24 15:44:28 2026: Image # 78, module MaskImage # 8: CPU_time = 0.21 secs, Wall_time = 0.11 secs
Mon Aug 24 15:44:28 2026: Image # 78, module MaskObjects # 9: CPU_time = 0.55 secs, Wall_time = 0.56 secs
Mon Aug 24 15:44:29 2026: Image # 78, module ExpandOrShrinkObjects # 10: CPU_time = 0.94 secs, Wall_time = 0.94 secs
Mon Aug 24 15:44:30 2026: Image # 78, module ExpandOrShrinkObjects # 11: CPU_time = 1.08 secs, Wall_time = 1.07 secs
Mon Aug 24 15:44:31 2026: Image # 78, module MaskObjects # 12: CPU_time = 0.56 secs, Wall_time = 0.56 secs
Mon Aug 24 15:44:32 2026: Image # 78, module EnhanceOrSuppressFeatures # 13: CPU_time = 1.10 secs, Wall_time = 1.10 secs
Mon Aug 24 15:44:33 2026: Image # 78, module IdentifyPrimaryObjects # 14: CPU_time = 4.42 secs, Wall_time = 4.42 secs
Mon Aug 24 15:44:37 2026: Image # 78, module MaskObjects # 15: CPU_time = 0.55 secs, Wall_time = 0.55 secs
Mon Aug 24 15:44:38 2026: Image # 78, module RelateObjects # 16: CPU_time = 1.54 secs, Wall_time = 1.54 secs
Mon Aug 24 15:44:39 2026: Image # 78, module RelateObjects # 17: CPU_time = 1.49 secs, Wall_time = 1.49 secs
Mon Aug 24 15:44:41 2026: Image # 78, module MeasureObjectIntensity # 18: CPU_time = 18.91 secs, Wall_time = 18.89 secs
Mon Aug 24 15:45:00 2026: Image # 78, module RelateObjects # 19: CPU_time = 0.34 secs, Wall_time = 0.33 secs
Mon Aug 24 15:45:00 2026: Image # 78, module ExportToSpreadsheet # 20: CPU_time = 0.00 secs, Wall_time = 0.00 secs
Mon Aug 24 15:45:00 2026: Image # 79, module Images # 1: CPU_time = 0.00 secs, Wall_time = 0.00 secs
Mon Aug 24 15:45:00 2026: Image # 79, module Metadata # 2: CPU_time = 0.00 secs, Wall_time = 0.00 secs
Mon Aug 24 15:45:00 2026: Image # 79, module NamesAndTypes # 3: CPU_time = 4.53 secs, Wall_time = 5.23 secs
Mon Aug 24 15:45:05 2026: Image # 79, module Groups # 4: CPU_time = 0.00 secs, Wall_time = 0.00 secs
Mon Aug 24 15:45:05 2026: Image # 79, module FilterObjects # 5: CPU_time = 1.62 secs, Wall_time = 1.62 secs
Mon Aug 24 15:45:07 2026: Image # 79, module FilterObjects # 6: CPU_time = 1.49 secs, Wall_time = 1.49 secs
Mon Aug 24 15:45:08 2026: Image # 79, module MaskImage # 7: CPU_time = 0.23 secs, Wall_time = 0.10 secs
Mon Aug 24 15:45:08 2026: Image # 79, module MaskImage # 8: CPU_time = 0.11 secs, Wall_time = 0.10 secs
Mon Aug 24 15:45:09 2026: Image # 79, module MaskObjects # 9: CPU_time = 0.59 secs, Wall_time = 0.58 secs
Mon Aug 24 15:45:09 2026: Image # 79, module ExpandOrShrinkObjects # 10: CPU_time = 1.10 secs, Wall_time = 1.10 secs
Mon Aug 24 15:45:10 2026: Image # 79, module ExpandOrShrinkObjects # 11: CPU_time = 1.10 secs, Wall_time = 1.10 secs
Mon Aug 24 15:45:11 2026: Image # 79, module MaskObjects # 12: CPU_time = 0.62 secs, Wall_time = 0.62 secs
Mon Aug 24 15:45:12 2026: Image # 79, module EnhanceOrSuppressFeatures # 13: CPU_time = 1.12 secs, Wall_time = 1.11 secs
Mon Aug 24 15:45:13 2026: Image # 79, module IdentifyPrimaryObjects # 14: CPU_time = 4.24 secs, Wall_time = 4.24 secs
Mon Aug 24 15:45:17 2026: Image # 79, module MaskObjects # 15: CPU_time = 0.59 secs, Wall_time = 0.59 secs
Mon Aug 24 15:45:18 2026: Image # 79, module RelateObjects # 16: CPU_time = 1.50 secs, Wall_time = 1.50 secs
Mon Aug 24 15:45:19 2026: Image # 79, module RelateObjects # 17: CPU_time = 1.43 secs, Wall_time = 1.42 secs
Mon Aug 24 15:45:21 2026: Image # 79, module MeasureObjectIntensity # 18: CPU_time = 19.82 secs, Wall_time = 19.80 secs
Mon Aug 24 15:45:41 2026: Image # 79, module RelateObjects # 19: CPU_time = 0.37 secs, Wall_time = 0.37 secs
Mon Aug 24 15:45:41 2026: Image # 79, module ExportToSpreadsheet # 20: CPU_time = 0.00 secs, Wall_time = 0.00 secs
Mon Aug 24 15:45:41 2026: Image # 80, module Images # 1: CPU_time = 0.00 secs, Wall_time = 0.00 secs
Mon Aug 24 15:45:41 2026: Image # 80, module Metadata # 2: CPU_time = 0.00 secs, Wall_time = 0.00 secs
Mon Aug 24 15:45:41 2026: Image # 80, module NamesAndTypes # 3: CPU_time = 4.46 secs, Wall_time = 5.19 secs
Mon Aug 24 15:45:46 2026: Image # 80, module Groups # 4: CPU_time = 0.00 secs, Wall_time = 0.00 secs
Mon Aug 24 15:45:46 2026: Image # 80, module FilterObjects # 5: CPU_time = 1.79 secs, Wall_time = 1.78 secs
Mon Aug 24 15:45:48 2026: Image # 80, module FilterObjects # 6: CPU_time = 1.64 secs, Wall_time = 1.64 secs
Mon Aug 24 15:45:50 2026: Image # 80, module MaskImage # 7: CPU_time = 0.26 secs, Wall_time = 0.12 secs
Mon Aug 24 15:45:50 2026: Image # 80, module MaskImage # 8: CPU_time = 0.12 secs, Wall_time = 0.10 secs
Mon Aug 24 15:45:50 2026: Image # 80, module MaskObjects # 9: CPU_time = 0.57 secs, Wall_time = 0.58 secs
Mon Aug 24 15:45:50 2026: Image # 80, module ExpandOrShrinkObjects # 10: CPU_time = 0.98 secs, Wall_time = 0.99 secs
Mon Aug 24 15:45:51 2026: Image # 80, module ExpandOrShrinkObjects # 11: CPU_time = 0.97 secs, Wall_time = 0.97 secs
Mon Aug 24 15:45:52 2026: Image # 80, module MaskObjects # 12: CPU_time = 0.65 secs, Wall_time = 0.65 secs
Mon Aug 24 15:45:53 2026: Image # 80, module EnhanceOrSuppressFeatures # 13: CPU_time = 1.12 secs, Wall_time = 1.11 secs
Mon Aug 24 15:45:54 2026: Image # 80, module IdentifyPrimaryObjects # 14: CPU_time = 5.23 secs, Wall_time = 5.22 secs
Mon Aug 24 15:45:59 2026: Image # 80, module MaskObjects # 15: CPU_time = 0.60 secs, Wall_time = 0.60 secs
Mon Aug 24 15:46:00 2026: Image # 80, module RelateObjects # 16: CPU_time = 1.93 secs, Wall_time = 1.93 secs
Mon Aug 24 15:46:02 2026: Image # 80, module RelateObjects # 17: CPU_time = 1.90 secs, Wall_time = 1.91 secs
Mon Aug 24 15:46:04 2026: Image # 80, module MeasureObjectIntensity # 18: CPU_time = 23.47 secs, Wall_time = 23.44 secs
Mon Aug 24 15:46:27 2026: Image # 80, module RelateObjects # 19: CPU_time = 0.42 secs, Wall_time = 0.42 secs
Mon Aug 24 15:46:28 2026: Image # 80, module ExportToSpreadsheet # 20: CPU_time = 0.00 secs, Wall_time = 0.00 secs
Mon Aug 24 15:46:28 2026: Image # 81, module Images # 1: CPU_time = 0.00 secs, Wall_time = 0.00 secs
Mon Aug 24 15:46:28 2026: Image # 81, module Metadata # 2: CPU_time = 0.00 secs, Wall_time = 0.00 secs
Mon Aug 24 15:46:28 2026: Image # 81, module NamesAndTypes # 3: CPU_time = 4.78 secs, Wall_time = 5.43 secs
Mon Aug 24 15:46:33 2026: Image # 81, module Groups # 4: CPU_time = 0.00 secs, Wall_time = 0.00 secs
Mon Aug 24 15:46:33 2026: Image # 81, module FilterObjects # 5: CPU_time = 1.77 secs, Wall_time = 1.77 secs
Mon Aug 24 15:46:35 2026: Image # 81, module FilterObjects # 6: CPU_time = 1.58 secs, Wall_time = 1.58 secs
Mon Aug 24 15:46:36 2026: Image # 81, module MaskImage # 7: CPU_time = 0.33 secs, Wall_time = 0.17 secs
Mon Aug 24 15:46:37 2026: Image # 81, module MaskImage # 8: CPU_time = 0.25 secs, Wall_time = 0.14 secs
Mon Aug 24 15:46:37 2026: Image # 81, module MaskObjects # 9: CPU_time = 0.60 secs, Wall_time = 0.60 secs
Mon Aug 24 15:46:37 2026: Image # 81, module ExpandOrShrinkObjects # 10: CPU_time = 1.12 secs, Wall_time = 1.12 secs
Mon Aug 24 15:46:39 2026: Image # 81, module ExpandOrShrinkObjects # 11: CPU_time = 1.11 secs, Wall_time = 1.12 secs
Mon Aug 24 15:46:40 2026: Image # 81, module MaskObjects # 12: CPU_time = 0.63 secs, Wall_time = 0.63 secs
Mon Aug 24 15:46:40 2026: Image # 81, module EnhanceOrSuppressFeatures # 13: CPU_time = 1.11 secs, Wall_time = 1.11 secs
Mon Aug 24 15:46:41 2026: Image # 81, module IdentifyPrimaryObjects # 14: CPU_time = 4.40 secs, Wall_time = 4.40 secs
Mon Aug 24 15:46:46 2026: Image # 81, module MaskObjects # 15: CPU_time = 0.60 secs, Wall_time = 0.61 secs
Mon Aug 24 15:46:46 2026: Image # 81, module RelateObjects # 16: CPU_time = 1.48 secs, Wall_time = 1.47 secs
Mon Aug 24 15:46:48 2026: Image # 81, module RelateObjects # 17: CPU_time = 1.48 secs, Wall_time = 1.47 secs
Mon Aug 24 15:46:49 2026: Image # 81, module MeasureObjectIntensity # 18: CPU_time = 20.22 secs, Wall_time = 20.20 secs
Mon Aug 24 15:47:10 2026: Image # 81, module RelateObjects # 19: CPU_time = 0.33 secs, Wall_time = 0.33 secs
Mon Aug 24 15:47:10 2026: Image # 81, module ExportToSpreadsheet # 20: CPU_time = 0.00 secs, Wall_time = 0.01 secs
Mon Aug 24 15:47:10 2026: Image # 82, module Images # 1: CPU_time = 0.00 secs, Wall_time = 0.00 secs
Mon Aug 24 15:47:10 2026: Image # 82, module Metadata # 2: CPU_time = 0.00 secs, Wall_time = 0.00 secs
Mon Aug 24 15:47:10 2026: Image # 82, module NamesAndTypes # 3: CPU_time = 4.49 secs, Wall_time = 4.73 secs
Mon Aug 24 15:47:15 2026: Image # 82, module Groups # 4: CPU_time = 0.00 secs, Wall_time = 0.00 secs
Mon Aug 24 15:47:15 2026: Image # 82, module FilterObjects # 5: CPU_time = 1.62 secs, Wall_time = 1.61 secs
Mon Aug 24 15:47:16 2026: Image # 82, module FilterObjects # 6: CPU_time = 1.51 secs, Wall_time = 1.51 secs
Mon Aug 24 15:47:18 2026: Image # 82, module MaskImage # 7: CPU_time = 0.25 secs, Wall_time = 0.13 secs
Mon Aug 24 15:47:18 2026: Image # 82, module MaskImage # 8: CPU_time = 0.24 secs, Wall_time = 0.13 secs
Mon Aug 24 15:47:18 2026: Image # 82, module MaskObjects # 9: CPU_time = 0.59 secs, Wall_time = 0.59 secs
Mon Aug 24 15:47:19 2026: Image # 82, module ExpandOrShrinkObjects # 10: CPU_time = 1.03 secs, Wall_time = 1.02 secs
Mon Aug 24 15:47:20 2026: Image # 82, module ExpandOrShrinkObjects # 11: CPU_time = 1.00 secs, Wall_time = 1.00 secs
Mon Aug 24 15:47:21 2026: Image # 82, module MaskObjects # 12: CPU_time = 0.63 secs, Wall_time = 0.63 secs
Mon Aug 24 15:47:21 2026: Image # 82, module EnhanceOrSuppressFeatures # 13: CPU_time = 1.12 secs, Wall_time = 1.12 secs
Mon Aug 24 15:47:22 2026: Image # 82, module IdentifyPrimaryObjects # 14: CPU_time = 5.11 secs, Wall_time = 5.10 secs
Mon Aug 24 15:47:28 2026: Image # 82, module MaskObjects # 15: CPU_time = 0.59 secs, Wall_time = 0.59 secs
Mon Aug 24 15:47:28 2026: Image # 82, module RelateObjects # 16: CPU_time = 1.51 secs, Wall_time = 1.51 secs
Mon Aug 24 15:47:30 2026: Image # 82, module RelateObjects # 17: CPU_time = 1.51 secs, Wall_time = 1.50 secs
Mon Aug 24 15:47:31 2026: Image # 82, module MeasureObjectIntensity # 18: CPU_time = 20.41 secs, Wall_time = 20.38 secs
Mon Aug 24 15:47:52 2026: Image # 82, module RelateObjects # 19: CPU_time = 0.29 secs, Wall_time = 0.30 secs
Mon Aug 24 15:47:52 2026: Image # 82, module ExportToSpreadsheet # 20: CPU_time = 0.00 secs, Wall_time = 0.00 secs
Mon Aug 24 15:47:52 2026: Image # 83, module Images # 1: CPU_time = 0.00 secs, Wall_time = 0.00 secs
Mon Aug 24 15:47:52 2026: Image # 83, module Metadata # 2: CPU_time = 0.00 secs, Wall_time = 0.00 secs
Mon Aug 24 15:47:52 2026: Image # 83, module NamesAndTypes # 3: CPU_time = 5.22 secs, Wall_time = 5.71 secs
Mon Aug 24 15:47:58 2026: Image # 83, module Groups # 4: CPU_time = 0.00 secs, Wall_time = 0.00 secs
Mon Aug 24 15:47:58 2026: Image # 83, module FilterObjects # 5: CPU_time = 1.82 secs, Wall_time = 1.81 secs
Mon Aug 24 15:47:59 2026: Image # 83, module FilterObjects # 6: CPU_time = 1.66 secs, Wall_time = 1.66 secs
Mon Aug 24 15:48:01 2026: Image # 83, module MaskImage # 7: CPU_time = 0.26 secs, Wall_time = 0.13 secs
Mon Aug 24 15:48:01 2026: Image # 83, module MaskImage # 8: CPU_time = 0.29 secs, Wall_time = 0.16 secs
Mon Aug 24 15:48:01 2026: Image # 83, module MaskObjects # 9: CPU_time = 0.70 secs, Wall_time = 0.71 secs
Mon Aug 24 15:48:02 2026: Image # 83, module ExpandOrShrinkObjects # 10: CPU_time = 1.44 secs, Wall_time = 1.43 secs
Mon Aug 24 15:48:03 2026: Image # 83, module ExpandOrShrinkObjects # 11: CPU_time = 1.43 secs, Wall_time = 1.43 secs
Mon Aug 24 15:48:05 2026: Image # 83, module MaskObjects # 12: CPU_time = 0.75 secs, Wall_time = 0.74 secs
Mon Aug 24 15:48:06 2026: Image # 83, module EnhanceOrSuppressFeatures # 13: CPU_time = 1.14 secs, Wall_time = 1.14 secs
Mon Aug 24 15:48:07 2026: Image # 83, module IdentifyPrimaryObjects # 14: CPU_time = 5.88 secs, Wall_time = 5.87 secs
Mon Aug 24 15:48:13 2026: Image # 83, module MaskObjects # 15: CPU_time = 0.60 secs, Wall_time = 0.60 secs
Mon Aug 24 15:48:13 2026: Image # 83, module RelateObjects # 16: CPU_time = 1.76 secs, Wall_time = 1.76 secs
Mon Aug 24 15:48:15 2026: Image # 83, module RelateObjects # 17: CPU_time = 1.56 secs, Wall_time = 1.56 secs
Mon Aug 24 15:48:17 2026: Image # 83, module MeasureObjectIntensity # 18: CPU_time = 21.98 secs, Wall_time = 21.98 secs
Mon Aug 24 15:48:39 2026: Image # 83, module RelateObjects # 19: CPU_time = 0.40 secs, Wall_time = 0.40 secs
Mon Aug 24 15:48:39 2026: Image # 83, module ExportToSpreadsheet # 20: CPU_time = 0.01 secs, Wall_time = 0.00 secs
Mon Aug 24 15:48:39 2026: Image # 84, module Images # 1: CPU_time = 0.00 secs, Wall_time = 0.00 secs
Mon Aug 24 15:48:39 2026: Image # 84, module Metadata # 2: CPU_time = 0.00 secs, Wall_time = 0.00 secs
Mon Aug 24 15:48:39 2026: Image # 84, module NamesAndTypes # 3: CPU_time = 5.02 secs, Wall_time = 5.15 secs
Mon Aug 24 15:48:44 2026: Image # 84, module Groups # 4: CPU_time = 0.00 secs, Wall_time = 0.00 secs
Mon Aug 24 15:48:44 2026: Image # 84, module FilterObjects # 5: CPU_time = 2.00 secs, Wall_time = 2.01 secs
Mon Aug 24 15:48:46 2026: Image # 84, module FilterObjects # 6: CPU_time = 1.63 secs, Wall_time = 1.64 secs
Mon Aug 24 15:48:48 2026: Image # 84, module MaskImage # 7: CPU_time = 0.28 secs, Wall_time = 0.13 secs
Mon Aug 24 15:48:48 2026: Image # 84, module MaskImage # 8: CPU_time = 0.25 secs, Wall_time = 0.12 secs
Mon Aug 24 15:48:48 2026: Image # 84, module MaskObjects # 9: CPU_time = 0.79 secs, Wall_time = 0.80 secs
Mon Aug 24 15:48:49 2026: Image # 84, module ExpandOrShrinkObjects # 10: CPU_time = 1.50 secs, Wall_time = 1.49 secs
Mon Aug 24 15:48:50 2026: Image # 84, module ExpandOrShrinkObjects # 11: CPU_time = 1.30 secs, Wall_time = 1.31 secs
Mon Aug 24 15:48:52 2026: Image # 84, module MaskObjects # 12: CPU_time = 0.72 secs, Wall_time = 0.71 secs
Mon Aug 24 15:48:52 2026: Image # 84, module EnhanceOrSuppressFeatures # 13: CPU_time = 1.11 secs, Wall_time = 1.11 secs
Mon Aug 24 15:48:54 2026: Image # 84, module IdentifyPrimaryObjects # 14: CPU_time = 5.67 secs, Wall_time = 5.69 secs
Mon Aug 24 15:48:59 2026: Image # 84, module MaskObjects # 15: CPU_time = 0.53 secs, Wall_time = 0.53 secs
Mon Aug 24 15:49:00 2026: Image # 84, module RelateObjects # 16: CPU_time = 1.77 secs, Wall_time = 1.76 secs
Mon Aug 24 15:49:01 2026: Image # 84, module RelateObjects # 17: CPU_time = 1.79 secs, Wall_time = 1.79 secs
Mon Aug 24 15:49:03 2026: Image # 84, module MeasureObjectIntensity # 18: CPU_time = 20.96 secs, Wall_time = 20.94 secs
Mon Aug 24 15:49:24 2026: Image # 84, module RelateObjects # 19: CPU_time = 0.37 secs, Wall_time = 0.36 secs
Mon Aug 24 15:49:25 2026: Image # 84, module ExportToSpreadsheet # 20: CPU_time = 0.00 secs, Wall_time = 0.00 secs
Mon Aug 24 15:49:25 2026: Image # 85, module Images # 1: CPU_time = 0.00 secs, Wall_time = 0.00 secs
Mon Aug 24 15:49:25 2026: Image # 85, module Metadata # 2: CPU_time = 0.00 secs, Wall_time = 0.00 secs
Mon Aug 24 15:49:25 2026: Image # 85, module NamesAndTypes # 3: CPU_time = 4.57 secs, Wall_time = 5.25 secs
Mon Aug 24 15:49:30 2026: Image # 85, module Groups # 4: CPU_time = 0.00 secs, Wall_time = 0.00 secs
Mon Aug 24 15:49:30 2026: Image # 85, module FilterObjects # 5: CPU_time = 1.63 secs, Wall_time = 1.62 secs
Mon Aug 24 15:49:31 2026: Image # 85, module FilterObjects # 6: CPU_time = 1.67 secs, Wall_time = 1.67 secs
Mon Aug 24 15:49:33 2026: Image # 85, module MaskImage # 7: CPU_time = 0.25 secs, Wall_time = 0.12 secs
Mon Aug 24 15:49:33 2026: Image # 85, module MaskImage # 8: CPU_time = 0.23 secs, Wall_time = 0.11 secs
Mon Aug 24 15:49:33 2026: Image # 85, module MaskObjects # 9: CPU_time = 0.73 secs, Wall_time = 0.72 secs
Mon Aug 24 15:49:34 2026: Image # 85, module ExpandOrShrinkObjects # 10: CPU_time = 1.55 secs, Wall_time = 1.55 secs
Mon Aug 24 15:49:36 2026: Image # 85, module ExpandOrShrinkObjects # 11: CPU_time = 1.63 secs, Wall_time = 1.64 secs
Mon Aug 24 15:49:37 2026: Image # 85, module MaskObjects # 12: CPU_time = 0.78 secs, Wall_time = 0.78 secs
Mon Aug 24 15:49:38 2026: Image # 85, module EnhanceOrSuppressFeatures # 13: CPU_time = 1.13 secs, Wall_time = 1.12 secs
Mon Aug 24 15:49:39 2026: Image # 85, module IdentifyPrimaryObjects # 14: CPU_time = 6.29 secs, Wall_time = 6.29 secs
Mon Aug 24 15:49:46 2026: Image # 85, module MaskObjects # 15: CPU_time = 0.54 secs, Wall_time = 0.54 secs
Mon Aug 24 15:49:46 2026: Image # 85, module RelateObjects # 16: CPU_time = 1.45 secs, Wall_time = 1.45 secs
Mon Aug 24 15:49:48 2026: Image # 85, module RelateObjects # 17: CPU_time = 1.55 secs, Wall_time = 1.55 secs
Mon Aug 24 15:49:49 2026: Image # 85, module MeasureObjectIntensity # 18: CPU_time = 20.60 secs, Wall_time = 20.58 secs
Mon Aug 24 15:50:10 2026: Image # 85, module RelateObjects # 19: CPU_time = 0.34 secs, Wall_time = 0.34 secs
Mon Aug 24 15:50:10 2026: Image # 85, module ExportToSpreadsheet # 20: CPU_time = 0.00 secs, Wall_time = 0.00 secs
Mon Aug 24 15:50:10 2026: Image # 86, module Images # 1: CPU_time = 0.00 secs, Wall_time = 0.00 secs
Mon Aug 24 15:50:10 2026: Image # 86, module Metadata # 2: CPU_time = 0.00 secs, Wall_time = 0.00 secs
Mon Aug 24 15:50:10 2026: Image # 86, module NamesAndTypes # 3: CPU_time = 5.48 secs, Wall_time = 7.03 secs
Mon Aug 24 15:50:17 2026: Image # 86, module Groups # 4: CPU_time = 0.00 secs, Wall_time = 0.00 secs
Mon Aug 24 15:50:17 2026: Image # 86, module FilterObjects # 5: CPU_time = 1.93 secs, Wall_time = 1.93 secs
Mon Aug 24 15:50:19 2026: Image # 86, module FilterObjects # 6: CPU_time = 1.74 secs, Wall_time = 1.74 secs
Mon Aug 24 15:50:21 2026: Image # 86, module MaskImage # 7: CPU_time = 0.20 secs, Wall_time = 0.10 secs
Mon Aug 24 15:50:21 2026: Image # 86, module MaskImage # 8: CPU_time = 0.11 secs, Wall_time = 0.11 secs
Mon Aug 24 15:50:21 2026: Image # 86, module MaskObjects # 9: CPU_time = 0.75 secs, Wall_time = 0.75 secs
Mon Aug 24 15:50:22 2026: Image # 86, module ExpandOrShrinkObjects # 10: CPU_time = 1.58 secs, Wall_time = 1.59 secs
Mon Aug 24 15:50:23 2026: Image # 86, module ExpandOrShrinkObjects # 11: CPU_time = 1.61 secs, Wall_time = 1.62 secs
Mon Aug 24 15:50:25 2026: Image # 86, module MaskObjects # 12: CPU_time = 0.80 secs, Wall_time = 0.80 secs
Mon Aug 24 15:50:26 2026: Image # 86, module EnhanceOrSuppressFeatures # 13: CPU_time = 1.16 secs, Wall_time = 1.16 secs
Mon Aug 24 15:50:27 2026: Image # 86, module IdentifyPrimaryObjects # 14: CPU_time = 5.97 secs, Wall_time = 5.96 secs
Mon Aug 24 15:50:33 2026: Image # 86, module MaskObjects # 15: CPU_time = 0.55 secs, Wall_time = 0.55 secs
Mon Aug 24 15:50:33 2026: Image # 86, module RelateObjects # 16: CPU_time = 1.58 secs, Wall_time = 1.58 secs
Mon Aug 24 15:50:35 2026: Image # 86, module RelateObjects # 17: CPU_time = 1.62 secs, Wall_time = 1.62 secs
Mon Aug 24 15:50:37 2026: Image # 86, module MeasureObjectIntensity # 18: CPU_time = 20.98 secs, Wall_time = 20.97 secs
Mon Aug 24 15:50:58 2026: Image # 86, module RelateObjects # 19: CPU_time = 0.32 secs, Wall_time = 0.32 secs
Mon Aug 24 15:50:58 2026: Image # 86, module ExportToSpreadsheet # 20: CPU_time = 0.00 secs, Wall_time = 0.00 secs
Mon Aug 24 15:50:58 2026: Image # 87, module Images # 1: CPU_time = 0.00 secs, Wall_time = 0.00 secs
Mon Aug 24 15:50:58 2026: Image # 87, module Metadata # 2: CPU_time = 0.00 secs, Wall_time = 0.00 secs
Mon Aug 24 15:50:58 2026: Image # 87, module NamesAndTypes # 3: CPU_time = 4.96 secs, Wall_time = 5.51 secs
Mon Aug 24 15:51:03 2026: Image # 87, module Groups # 4: CPU_time = 0.00 secs, Wall_time = 0.00 secs
Mon Aug 24 15:51:03 2026: Image # 87, module FilterObjects # 5: CPU_time = 1.75 secs, Wall_time = 1.76 secs
Mon Aug 24 15:51:05 2026: Image # 87, module FilterObjects # 6: CPU_time = 1.46 secs, Wall_time = 1.45 secs
Mon Aug 24 15:51:07 2026: Image # 87, module MaskImage # 7: CPU_time = 0.29 secs, Wall_time = 0.14 secs
Mon Aug 24 15:51:07 2026: Image # 87, module MaskImage # 8: CPU_time = 0.13 secs, Wall_time = 0.11 secs
Mon Aug 24 15:51:07 2026: Image # 87, module MaskObjects # 9: CPU_time = 0.61 secs, Wall_time = 0.62 secs
Mon Aug 24 15:51:08 2026: Image # 87, module ExpandOrShrinkObjects # 10: CPU_time = 1.37 secs, Wall_time = 1.36 secs
Mon Aug 24 15:51:09 2026: Image # 87, module ExpandOrShrinkObjects # 11: CPU_time = 1.41 secs, Wall_time = 1.40 secs
Mon Aug 24 15:51:10 2026: Image # 87, module MaskObjects # 12: CPU_time = 0.88 secs, Wall_time = 0.87 secs
Mon Aug 24 15:51:11 2026: Image # 87, module EnhanceOrSuppressFeatures # 13: CPU_time = 1.12 secs, Wall_time = 1.13 secs
Mon Aug 24 15:51:12 2026: Image # 87, module IdentifyPrimaryObjects # 14: CPU_time = 5.68 secs, Wall_time = 5.68 secs
Mon Aug 24 15:51:18 2026: Image # 87, module MaskObjects # 15: CPU_time = 0.54 secs, Wall_time = 0.55 secs
Mon Aug 24 15:51:19 2026: Image # 87, module RelateObjects # 16: CPU_time = 1.31 secs, Wall_time = 1.32 secs
Mon Aug 24 15:51:20 2026: Image # 87, module RelateObjects # 17: CPU_time = 1.46 secs, Wall_time = 1.46 secs
Mon Aug 24 15:51:21 2026: Image # 87, module MeasureObjectIntensity # 18: CPU_time = 20.71 secs, Wall_time = 20.70 secs
Mon Aug 24 15:51:42 2026: Image # 87, module RelateObjects # 19: CPU_time = 0.32 secs, Wall_time = 0.32 secs
Mon Aug 24 15:51:42 2026: Image # 87, module ExportToSpreadsheet # 20: CPU_time = 0.00 secs, Wall_time = 0.00 secs
Mon Aug 24 15:51:42 2026: Image # 88, module Images # 1: CPU_time = 0.00 secs, Wall_time = 0.00 secs
Mon Aug 24 15:51:42 2026: Image # 88, module Metadata # 2: CPU_time = 0.00 secs, Wall_time = 0.00 secs
Mon Aug 24 15:51:42 2026: Image # 88, module NamesAndTypes # 3: CPU_time = 5.38 secs, Wall_time = 6.24 secs
Mon Aug 24 15:51:49 2026: Image # 88, module Groups # 4: CPU_time = 0.00 secs, Wall_time = 0.00 secs
Mon Aug 24 15:51:49 2026: Image # 88, module FilterObjects # 5: CPU_time = 1.91 secs, Wall_time = 1.92 secs
Mon Aug 24 15:51:51 2026: Image # 88, module FilterObjects # 6: CPU_time = 1.88 secs, Wall_time = 1.88 secs
Mon Aug 24 15:51:52 2026: Image # 88, module MaskImage # 7: CPU_time = 0.24 secs, Wall_time = 0.11 secs
Mon Aug 24 15:51:53 2026: Image # 88, module MaskImage # 8: CPU_time = 0.28 secs, Wall_time = 0.14 secs
Mon Aug 24 15:51:53 2026: Image # 88, module MaskObjects # 9: CPU_time = 0.82 secs, Wall_time = 0.82 secs
Mon Aug 24 15:51:53 2026: Image # 88, module ExpandOrShrinkObjects # 10: CPU_time = 1.64 secs, Wall_time = 1.64 secs
Mon Aug 24 15:51:55 2026: Image # 88, module ExpandOrShrinkObjects # 11: CPU_time = 1.57 secs, Wall_time = 1.58 secs
Mon Aug 24 15:51:57 2026: Image # 88, module MaskObjects # 12: CPU_time = 0.77 secs, Wall_time = 0.77 secs
Mon Aug 24 15:51:57 2026: Image # 88, module EnhanceOrSuppressFeatures # 13: CPU_time = 1.12 secs, Wall_time = 1.13 secs
Mon Aug 24 15:51:59 2026: Image # 88, module IdentifyPrimaryObjects # 14: CPU_time = 6.28 secs, Wall_time = 6.29 secs
Mon Aug 24 15:52:05 2026: Image # 88, module MaskObjects # 15: CPU_time = 0.56 secs, Wall_time = 0.56 secs
Mon Aug 24 15:52:05 2026: Image # 88, module RelateObjects # 16: CPU_time = 1.74 secs, Wall_time = 1.74 secs
Mon Aug 24 15:52:07 2026: Image # 88, module RelateObjects # 17: CPU_time = 2.01 secs, Wall_time = 2.01 secs
Mon Aug 24 15:52:09 2026: Image # 88, module MeasureObjectIntensity # 18: CPU_time = 22.41 secs, Wall_time = 22.39 secs
Mon Aug 24 15:52:32 2026: Image # 88, module RelateObjects # 19: CPU_time = 0.36 secs, Wall_time = 0.36 secs
Mon Aug 24 15:52:32 2026: Image # 88, module ExportToSpreadsheet # 20: CPU_time = 0.00 secs, Wall_time = 0.00 secs
Mon Aug 24 15:52:32 2026: Image # 89, module Images # 1: CPU_time = 0.00 secs, Wall_time = 0.00 secs
Mon Aug 24 15:52:32 2026: Image # 89, module Metadata # 2: CPU_time = 0.00 secs, Wall_time = 0.00 secs
Mon Aug 24 15:52:32 2026: Image # 89, module NamesAndTypes # 3: CPU_time = 4.66 secs, Wall_time = 5.01 secs
Mon Aug 24 15:52:37 2026: Image # 89, module Groups # 4: CPU_time = 0.00 secs, Wall_time = 0.00 secs
Mon Aug 24 15:52:37 2026: Image # 89, module FilterObjects # 5: CPU_time = 1.49 secs, Wall_time = 1.48 secs
Mon Aug 24 15:52:39 2026: Image # 89, module FilterObjects # 6: CPU_time = 1.53 secs, Wall_time = 1.53 secs
Mon Aug 24 15:52:40 2026: Image # 89, module MaskImage # 7: CPU_time = 0.22 secs, Wall_time = 0.11 secs
Mon Aug 24 15:52:40 2026: Image # 89, module MaskImage # 8: CPU_time = 0.23 secs, Wall_time = 0.12 secs
Mon Aug 24 15:52:40 2026: Image # 89, module MaskObjects # 9: CPU_time = 0.80 secs, Wall_time = 0.80 secs
Mon Aug 24 15:52:41 2026: Image # 89, module ExpandOrShrinkObjects # 10: CPU_time = 1.72 secs, Wall_time = 1.72 secs
Mon Aug 24 15:52:43 2026: Image # 89, module ExpandOrShrinkObjects # 11: CPU_time = 1.46 secs, Wall_time = 1.45 secs
Mon Aug 24 15:52:44 2026: Image # 89, module MaskObjects # 12: CPU_time = 0.91 secs, Wall_time = 0.91 secs
Mon Aug 24 15:52:45 2026: Image # 89, module EnhanceOrSuppressFeatures # 13: CPU_time = 1.13 secs, Wall_time = 1.12 secs
Mon Aug 24 15:52:46 2026: Image # 89, module IdentifyPrimaryObjects # 14: CPU_time = 6.05 secs, Wall_time = 6.06 secs
Mon Aug 24 15:52:52 2026: Image # 89, module MaskObjects # 15: CPU_time = 0.57 secs, Wall_time = 0.57 secs
Mon Aug 24 15:52:53 2026: Image # 89, module RelateObjects # 16: CPU_time = 1.53 secs, Wall_time = 1.52 secs
Mon Aug 24 15:52:54 2026: Image # 89, module RelateObjects # 17: CPU_time = 1.45 secs, Wall_time = 1.46 secs
Mon Aug 24 15:52:56 2026: Image # 89, module MeasureObjectIntensity # 18: CPU_time = 21.66 secs, Wall_time = 21.64 secs
Mon Aug 24 15:53:18 2026: Image # 89, module RelateObjects # 19: CPU_time = 0.29 secs, Wall_time = 0.29 secs
Mon Aug 24 15:53:18 2026: Image # 89, module ExportToSpreadsheet # 20: CPU_time = 0.01 secs, Wall_time = 0.00 secs
Mon Aug 24 15:53:18 2026: Image # 90, module Images # 1: CPU_time = 0.00 secs, Wall_time = 0.00 secs
Mon Aug 24 15:53:18 2026: Image # 90, module Metadata # 2: CPU_time = 0.00 secs, Wall_time = 0.00 secs
Mon Aug 24 15:53:18 2026: Image # 90, module NamesAndTypes # 3: CPU_time = 4.69 secs, Wall_time = 5.39 secs
Mon Aug 24 15:53:23 2026: Image # 90, module Groups # 4: CPU_time = 0.00 secs, Wall_time = 0.00 secs
Mon Aug 24 15:53:23 2026: Image # 90, module FilterObjects # 5: CPU_time = 1.77 secs, Wall_time = 1.77 secs
Mon Aug 24 15:53:25 2026: Image # 90, module FilterObjects # 6: CPU_time = 1.77 secs, Wall_time = 1.78 secs
Mon Aug 24 15:53:27 2026: Image # 90, module MaskImage # 7: CPU_time = 0.26 secs, Wall_time = 0.12 secs
Mon Aug 24 15:53:27 2026: Image # 90, module MaskImage # 8: CPU_time = 0.27 secs, Wall_time = 0.12 secs
Mon Aug 24 15:53:27 2026: Image # 90, module MaskObjects # 9: CPU_time = 0.80 secs, Wall_time = 0.80 secs
Mon Aug 24 15:53:28 2026: Image # 90, module ExpandOrShrinkObjects # 10: CPU_time = 1.68 secs, Wall_time = 1.69 secs
Mon Aug 24 15:53:30 2026: Image # 90, module ExpandOrShrinkObjects # 11: CPU_time = 1.44 secs, Wall_time = 1.44 secs
Mon Aug 24 15:53:31 2026: Image # 90, module MaskObjects # 12: CPU_time = 0.81 secs, Wall_time = 0.82 secs
Mon Aug 24 15:53:32 2026: Image # 90, module EnhanceOrSuppressFeatures # 13: CPU_time = 1.18 secs, Wall_time = 1.19 secs
Mon Aug 24 15:53:33 2026: Image # 90, module IdentifyPrimaryObjects # 14: CPU_time = 6.59 secs, Wall_time = 6.60 secs
Mon Aug 24 15:53:40 2026: Image # 90, module MaskObjects # 15: CPU_time = 0.59 secs, Wall_time = 0.58 secs
Mon Aug 24 15:53:40 2026: Image # 90, module RelateObjects # 16: CPU_time = 1.69 secs, Wall_time = 1.69 secs
Mon Aug 24 15:53:42 2026: Image # 90, module RelateObjects # 17: CPU_time = 1.62 secs, Wall_time = 1.62 secs
Mon Aug 24 15:53:44 2026: Image # 90, module MeasureObjectIntensity # 18: CPU_time = 21.93 secs, Wall_time = 21.92 secs
Mon Aug 24 15:54:05 2026: Image # 90, module RelateObjects # 19: CPU_time = 0.41 secs, Wall_time = 0.40 secs
Mon Aug 24 15:54:06 2026: Image # 90, module ExportToSpreadsheet # 20: CPU_time = 0.00 secs, Wall_time = 0.00 secs
Mon Aug 24 15:54:06 2026: Image # 91, module Images # 1: CPU_time = 0.00 secs, Wall_time = 0.00 secs
Mon Aug 24 15:54:06 2026: Image # 91, module Metadata # 2: CPU_time = 0.00 secs, Wall_time = 0.00 secs
Mon Aug 24 15:54:06 2026: Image # 91, module NamesAndTypes # 3: CPU_time = 5.40 secs, Wall_time = 6.36 secs
Mon Aug 24 15:54:12 2026: Image # 91, module Groups # 4: CPU_time = 0.00 secs, Wall_time = 0.00 secs
Mon Aug 24 15:54:12 2026: Image # 91, module FilterObjects # 5: CPU_time = 2.11 secs, Wall_time = 2.12 secs
Mon Aug 24 15:54:14 2026: Image # 91, module FilterObjects # 6: CPU_time = 1.86 secs, Wall_time = 1.87 secs
Mon Aug 24 15:54:16 2026: Image # 91, module MaskImage # 7: CPU_time = 0.22 secs, Wall_time = 0.10 secs
Mon Aug 24 15:54:16 2026: Image # 91, module MaskImage # 8: CPU_time = 0.12 secs, Wall_time = 0.12 secs
Mon Aug 24 15:54:16 2026: Image # 91, module MaskObjects # 9: CPU_time = 0.79 secs, Wall_time = 0.79 secs
Mon Aug 24 15:54:17 2026: Image # 91, module ExpandOrShrinkObjects # 10: CPU_time = 1.70 secs, Wall_time = 1.70 secs
Mon Aug 24 15:54:19 2026: Image # 91, module ExpandOrShrinkObjects # 11: CPU_time = 1.70 secs, Wall_time = 1.70 secs
Mon Aug 24 15:54:21 2026: Image # 91, module MaskObjects # 12: CPU_time = 0.81 secs, Wall_time = 0.81 secs
Mon Aug 24 15:54:21 2026: Image # 91, module EnhanceOrSuppressFeatures # 13: CPU_time = 1.13 secs, Wall_time = 1.13 secs
Mon Aug 24 15:54:23 2026: Image # 91, module IdentifyPrimaryObjects # 14: CPU_time = 6.25 secs, Wall_time = 6.24 secs
Mon Aug 24 15:54:29 2026: Image # 91, module MaskObjects # 15: CPU_time = 0.55 secs, Wall_time = 0.55 secs
Mon Aug 24 15:54:29 2026: Image # 91, module RelateObjects # 16: CPU_time = 1.66 secs, Wall_time = 1.66 secs
Mon Aug 24 15:54:31 2026: Image # 91, module RelateObjects # 17: CPU_time = 1.57 secs, Wall_time = 1.57 secs
Mon Aug 24 15:54:33 2026: Image # 91, module MeasureObjectIntensity # 18: CPU_time = 21.24 secs, Wall_time = 21.23 secs
Mon Aug 24 15:54:54 2026: Image # 91, module RelateObjects # 19: CPU_time = 0.35 secs, Wall_time = 0.36 secs
Mon Aug 24 15:54:54 2026: Image # 91, module ExportToSpreadsheet # 20: CPU_time = 0.00 secs, Wall_time = 0.00 secs
Mon Aug 24 15:54:54 2026: Image # 92, module Images # 1: CPU_time = 0.00 secs, Wall_time = 0.00 secs
Mon Aug 24 15:54:54 2026: Image # 92, module Metadata # 2: CPU_time = 0.00 secs, Wall_time = 0.00 secs
Mon Aug 24 15:54:54 2026: Image # 92, module NamesAndTypes # 3: CPU_time = 5.00 secs, Wall_time = 5.19 secs
Mon Aug 24 15:54:59 2026: Image # 92, module Groups # 4: CPU_time = 0.00 secs, Wall_time = 0.00 secs
Mon Aug 24 15:54:59 2026: Image # 92, module FilterObjects # 5: CPU_time = 1.97 secs, Wall_time = 1.98 secs
Mon Aug 24 15:55:01 2026: Image # 92, module FilterObjects # 6: CPU_time = 1.74 secs, Wall_time = 1.74 secs
Mon Aug 24 15:55:03 2026: Image # 92, module MaskImage # 7: CPU_time = 0.22 secs, Wall_time = 0.11 secs
Mon Aug 24 15:55:03 2026: Image # 92, module MaskImage # 8: CPU_time = 0.25 secs, Wall_time = 0.12 secs
Mon Aug 24 15:55:03 2026: Image # 92, module MaskObjects # 9: CPU_time = 0.81 secs, Wall_time = 0.81 secs
Mon Aug 24 15:55:04 2026: Image # 92, module ExpandOrShrinkObjects # 10: CPU_time = 1.60 secs, Wall_time = 1.61 secs
Mon Aug 24 15:55:06 2026: Image # 92, module ExpandOrShrinkObjects # 11: CPU_time = 1.64 secs, Wall_time = 1.63 secs
Mon Aug 24 15:55:07 2026: Image # 92, module MaskObjects # 12: CPU_time = 0.80 secs, Wall_time = 0.79 secs
Mon Aug 24 15:55:08 2026: Image # 92, module EnhanceOrSuppressFeatures # 13: CPU_time = 1.13 secs, Wall_time = 1.13 secs
Mon Aug 24 15:55:09 2026: Image # 92, module IdentifyPrimaryObjects # 14: CPU_time = 5.99 secs, Wall_time = 5.98 secs
Mon Aug 24 15:55:15 2026: Image # 92, module MaskObjects # 15: CPU_time = 0.56 secs, Wall_time = 0.56 secs
Mon Aug 24 15:55:16 2026: Image # 92, module RelateObjects # 16: CPU_time = 1.61 secs, Wall_time = 1.61 secs
Mon Aug 24 15:55:18 2026: Image # 92, module RelateObjects # 17: CPU_time = 1.54 secs, Wall_time = 1.54 secs
Mon Aug 24 15:55:19 2026: Image # 92, module MeasureObjectIntensity # 18: CPU_time = 22.11 secs, Wall_time = 22.09 secs
Mon Aug 24 15:55:41 2026: Image # 92, module RelateObjects # 19: CPU_time = 0.35 secs, Wall_time = 0.35 secs
Mon Aug 24 15:55:42 2026: Image # 92, module ExportToSpreadsheet # 20: CPU_time = 0.01 secs, Wall_time = 0.00 secs
Mon Aug 24 15:55:42 2026: Image # 93, module Images # 1: CPU_time = 0.00 secs, Wall_time = 0.00 secs
Mon Aug 24 15:55:42 2026: Image # 93, module Metadata # 2: CPU_time = 0.00 secs, Wall_time = 0.00 secs
Mon Aug 24 15:55:42 2026: Image # 93, module NamesAndTypes # 3: CPU_time = 5.59 secs, Wall_time = 6.31 secs
Mon Aug 24 15:55:48 2026: Image # 93, module Groups # 4: CPU_time = 0.00 secs, Wall_time = 0.00 secs
Mon Aug 24 15:55:48 2026: Image # 93, module FilterObjects # 5: CPU_time = 1.99 secs, Wall_time = 2.00 secs
Mon Aug 24 15:55:50 2026: Image # 93, module FilterObjects # 6: CPU_time = 1.79 secs, Wall_time = 1.79 secs
Mon Aug 24 15:55:52 2026: Image # 93, module MaskImage # 7: CPU_time = 0.36 secs, Wall_time = 0.16 secs
Mon Aug 24 15:55:52 2026: Image # 93, module MaskImage # 8: CPU_time = 0.15 secs, Wall_time = 0.12 secs
Mon Aug 24 15:55:52 2026: Image # 93, module MaskObjects # 9: CPU_time = 0.81 secs, Wall_time = 0.81 secs
Mon Aug 24 15:55:53 2026: Image # 93, module ExpandOrShrinkObjects # 10: CPU_time = 1.58 secs, Wall_time = 1.58 secs
Mon Aug 24 15:55:54 2026: Image # 93, module ExpandOrShrinkObjects # 11: CPU_time = 1.57 secs, Wall_time = 1.57 secs
Mon Aug 24 15:55:56 2026: Image # 93, module MaskObjects # 12: CPU_time = 0.85 secs, Wall_time = 0.85 secs
Mon Aug 24 15:55:57 2026: Image # 93, module EnhanceOrSuppressFeatures # 13: CPU_time = 1.13 secs, Wall_time = 1.13 secs
Mon Aug 24 15:55:58 2026: Image # 93, module IdentifyPrimaryObjects # 14: CPU_time = 6.64 secs, Wall_time = 6.69 secs
Mon Aug 24 15:56:05 2026: Image # 93, module MaskObjects # 15: CPU_time = 0.55 secs, Wall_time = 0.55 secs
Mon Aug 24 15:56:05 2026: Image # 93, module RelateObjects # 16: CPU_time = 1.52 secs, Wall_time = 1.51 secs
Mon Aug 24 15:56:07 2026: Image # 93, module RelateObjects # 17: CPU_time = 1.61 secs, Wall_time = 1.61 secs
Mon Aug 24 15:56:08 2026: Image # 93, module MeasureObjectIntensity # 18: CPU_time = 21.30 secs, Wall_time = 21.29 secs
Mon Aug 24 15:56:30 2026: Image # 93, module RelateObjects # 19: CPU_time = 0.37 secs, Wall_time = 0.37 secs
Mon Aug 24 15:56:30 2026: Image # 93, module ExportToSpreadsheet # 20: CPU_time = 0.00 secs, Wall_time = 0.00 secs
Mon Aug 24 15:56:30 2026: Image # 94, module Images # 1: CPU_time = 0.00 secs, Wall_time = 0.00 secs
Mon Aug 24 15:56:30 2026: Image # 94, module Metadata # 2: CPU_time = 0.00 secs, Wall_time = 0.00 secs
Mon Aug 24 15:56:30 2026: Image # 94, module NamesAndTypes # 3: CPU_time = 5.78 secs, Wall_time = 6.39 secs
Mon Aug 24 15:56:36 2026: Image # 94, module Groups # 4: CPU_time = 0.00 secs, Wall_time = 0.00 secs
Mon Aug 24 15:56:36 2026: Image # 94, module FilterObjects # 5: CPU_time = 2.13 secs, Wall_time = 2.13 secs
Mon Aug 24 15:56:38 2026: Image # 94, module FilterObjects # 6: CPU_time = 1.94 secs, Wall_time = 1.94 secs
Mon Aug 24 15:56:40 2026: Image # 94, module MaskImage # 7: CPU_time = 0.26 secs, Wall_time = 0.12 secs
Mon Aug 24 15:56:41 2026: Image # 94, module MaskImage # 8: CPU_time = 0.14 secs, Wall_time = 0.13 secs
Mon Aug 24 15:56:41 2026: Image # 94, module MaskObjects # 9: CPU_time = 0.80 secs, Wall_time = 0.80 secs
Mon Aug 24 15:56:41 2026: Image # 94, module ExpandOrShrinkObjects # 10: CPU_time = 1.60 secs, Wall_time = 1.60 secs
Mon Aug 24 15:56:43 2026: Image # 94, module ExpandOrShrinkObjects # 11: CPU_time = 1.57 secs, Wall_time = 1.57 secs
Mon Aug 24 15:56:45 2026: Image # 94, module MaskObjects # 12: CPU_time = 0.79 secs, Wall_time = 0.79 secs
Mon Aug 24 15:56:45 2026: Image # 94, module EnhanceOrSuppressFeatures # 13: CPU_time = 1.13 secs, Wall_time = 1.13 secs
Mon Aug 24 15:56:47 2026: Image # 94, module IdentifyPrimaryObjects # 14: CPU_time = 6.15 secs, Wall_time = 6.16 secs
Mon Aug 24 15:56:53 2026: Image # 94, module MaskObjects # 15: CPU_time = 0.57 secs, Wall_time = 0.56 secs
Mon Aug 24 15:56:53 2026: Image # 94, module RelateObjects # 16: CPU_time = 1.56 secs, Wall_time = 1.56 secs
Mon Aug 24 15:56:55 2026: Image # 94, module RelateObjects # 17: CPU_time = 1.59 secs, Wall_time = 1.59 secs
Mon Aug 24 15:56:56 2026: Image # 94, module MeasureObjectIntensity # 18: CPU_time = 20.70 secs, Wall_time = 20.68 secs
Mon Aug 24 15:57:17 2026: Image # 94, module RelateObjects # 19: CPU_time = 0.34 secs, Wall_time = 0.34 secs
Mon Aug 24 15:57:18 2026: Image # 94, module ExportToSpreadsheet # 20: CPU_time = 0.00 secs, Wall_time = 0.01 secs
Mon Aug 24 15:57:18 2026: Image # 95, module Images # 1: CPU_time = 0.00 secs, Wall_time = 0.00 secs
Mon Aug 24 15:57:18 2026: Image # 95, module Metadata # 2: CPU_time = 0.00 secs, Wall_time = 0.00 secs
Mon Aug 24 15:57:18 2026: Image # 95, module NamesAndTypes # 3: CPU_time = 4.54 secs, Wall_time = 5.41 secs
Mon Aug 24 15:57:23 2026: Image # 95, module Groups # 4: CPU_time = 0.00 secs, Wall_time = 0.00 secs
Mon Aug 24 15:57:23 2026: Image # 95, module FilterObjects # 5: CPU_time = 1.54 secs, Wall_time = 1.55 secs
Mon Aug 24 15:57:25 2026: Image # 95, module FilterObjects # 6: CPU_time = 1.63 secs, Wall_time = 1.63 secs
Mon Aug 24 15:57:26 2026: Image # 95, module MaskImage # 7: CPU_time = 0.25 secs, Wall_time = 0.12 secs
Mon Aug 24 15:57:26 2026: Image # 95, module MaskImage # 8: CPU_time = 0.23 secs, Wall_time = 0.11 secs
Mon Aug 24 15:57:26 2026: Image # 95, module MaskObjects # 9: CPU_time = 0.80 secs, Wall_time = 0.80 secs
Mon Aug 24 15:57:27 2026: Image # 95, module ExpandOrShrinkObjects # 10: CPU_time = 1.66 secs, Wall_time = 1.66 secs
Mon Aug 24 15:57:29 2026: Image # 95, module ExpandOrShrinkObjects # 11: CPU_time = 1.76 secs, Wall_time = 1.75 secs
Mon Aug 24 15:57:31 2026: Image # 95, module MaskObjects # 12: CPU_time = 0.84 secs, Wall_time = 0.84 secs
Mon Aug 24 15:57:31 2026: Image # 95, module EnhanceOrSuppressFeatures # 13: CPU_time = 1.14 secs, Wall_time = 1.13 secs
Mon Aug 24 15:57:33 2026: Image # 95, module IdentifyPrimaryObjects # 14: CPU_time = 5.88 secs, Wall_time = 5.88 secs
Mon Aug 24 15:57:38 2026: Image # 95, module MaskObjects # 15: CPU_time = 0.57 secs, Wall_time = 0.57 secs
Mon Aug 24 15:57:39 2026: Image # 95, module RelateObjects # 16: CPU_time = 1.23 secs, Wall_time = 1.23 secs
Mon Aug 24 15:57:40 2026: Image # 95, module RelateObjects # 17: CPU_time = 1.39 secs, Wall_time = 1.39 secs
Mon Aug 24 15:57:42 2026: Image # 95, module MeasureObjectIntensity # 18: CPU_time = 19.58 secs, Wall_time = 19.56 secs
Mon Aug 24 15:58:01 2026: Image # 95, module RelateObjects # 19: CPU_time = 0.28 secs, Wall_time = 0.28 secs
Mon Aug 24 15:58:02 2026: Image # 95, module ExportToSpreadsheet # 20: CPU_time = 0.00 secs, Wall_time = 0.00 secs
Mon Aug 24 15:58:02 2026: Image # 96, module Images # 1: CPU_time = 0.00 secs, Wall_time = 0.00 secs
Mon Aug 24 15:58:02 2026: Image # 96, module Metadata # 2: CPU_time = 0.00 secs, Wall_time = 0.00 secs
Mon Aug 24 15:58:02 2026: Image # 96, module NamesAndTypes # 3: CPU_time = 5.59 secs, Wall_time = 6.85 secs
Mon Aug 24 15:58:08 2026: Image # 96, module Groups # 4: CPU_time = 0.00 secs, Wall_time = 0.00 secs
Mon Aug 24 15:58:08 2026: Image # 96, module FilterObjects # 5: CPU_time = 1.97 secs, Wall_time = 1.97 secs
Mon Aug 24 15:58:10 2026: Image # 96, module FilterObjects # 6: CPU_time = 1.58 secs, Wall_time = 1.58 secs
Mon Aug 24 15:58:12 2026: Image # 96, module MaskImage # 7: CPU_time = 0.26 secs, Wall_time = 0.12 secs
Mon Aug 24 15:58:12 2026: Image # 96, module MaskImage # 8: CPU_time = 0.28 secs, Wall_time = 0.13 secs
Mon Aug 24 15:58:12 2026: Image # 96, module MaskObjects # 9: CPU_time = 0.81 secs, Wall_time = 0.80 secs
Mon Aug 24 15:58:13 2026: Image # 96, module ExpandOrShrinkObjects # 10: CPU_time = 1.65 secs, Wall_time = 1.66 secs
Mon Aug 24 15:58:15 2026: Image # 96, module ExpandOrShrinkObjects # 11: CPU_time = 1.63 secs, Wall_time = 1.62 secs
Mon Aug 24 15:58:16 2026: Image # 96, module MaskObjects # 12: CPU_time = 0.82 secs, Wall_time = 0.82 secs
Mon Aug 24 15:58:17 2026: Image # 96, module EnhanceOrSuppressFeatures # 13: CPU_time = 1.14 secs, Wall_time = 1.14 secs
Mon Aug 24 15:58:18 2026: Image # 96, module IdentifyPrimaryObjects # 14: CPU_time = 6.00 secs, Wall_time = 6.00 secs
Mon Aug 24 15:58:24 2026: Image # 96, module MaskObjects # 15: CPU_time = 0.55 secs, Wall_time = 0.54 secs
Mon Aug 24 15:58:25 2026: Image # 96, module RelateObjects # 16: CPU_time = 1.36 secs, Wall_time = 1.35 secs
Mon Aug 24 15:58:26 2026: Image # 96, module RelateObjects # 17: CPU_time = 1.30 secs, Wall_time = 1.30 secs
Mon Aug 24 15:58:27 2026: Image # 96, module MeasureObjectIntensity # 18: CPU_time = 20.56 secs, Wall_time = 20.55 secs
Mon Aug 24 15:58:48 2026: Image # 96, module RelateObjects # 19: CPU_time = 0.32 secs, Wall_time = 0.32 secs
Mon Aug 24 15:58:48 2026: Image # 96, module ExportToSpreadsheet # 20: CPU_time = 0.00 secs, Wall_time = 0.00 secs
Mon Aug 24 15:58:48 2026: Image # 97, module Images # 1: CPU_time = 0.00 secs, Wall_time = 0.00 secs
Mon Aug 24 15:58:48 2026: Image # 97, module Metadata # 2: CPU_time = 0.00 secs, Wall_time = 0.00 secs
Mon Aug 24 15:58:48 2026: Image # 97, module NamesAndTypes # 3: CPU_time = 5.05 secs, Wall_time = 6.17 secs
Mon Aug 24 15:58:55 2026: Image # 97, module Groups # 4: CPU_time = 0.00 secs, Wall_time = 0.00 secs
Mon Aug 24 15:58:55 2026: Image # 97, module FilterObjects # 5: CPU_time = 1.74 secs, Wall_time = 1.74 secs
Mon Aug 24 15:58:56 2026: Image # 97, module FilterObjects # 6: CPU_time = 1.80 secs, Wall_time = 1.80 secs
Mon Aug 24 15:58:58 2026: Image # 97, module MaskImage # 7: CPU_time = 0.24 secs, Wall_time = 0.12 secs
Mon Aug 24 15:58:58 2026: Image # 97, module MaskImage # 8: CPU_time = 0.28 secs, Wall_time = 0.13 secs
Mon Aug 24 15:58:58 2026: Image # 97, module MaskObjects # 9: CPU_time = 0.81 secs, Wall_time = 0.81 secs
Mon Aug 24 15:58:59 2026: Image # 97, module ExpandOrShrinkObjects # 10: CPU_time = 1.60 secs, Wall_time = 1.60 secs
Mon Aug 24 15:59:01 2026: Image # 97, module ExpandOrShrinkObjects # 11: CPU_time = 1.67 secs, Wall_time = 1.66 secs
Mon Aug 24 15:59:02 2026: Image # 97, module MaskObjects # 12: CPU_time = 0.88 secs, Wall_time = 0.88 secs
Mon Aug 24 15:59:03 2026: Image # 97, module EnhanceOrSuppressFeatures # 13: CPU_time = 1.13 secs, Wall_time = 1.12 secs
Mon Aug 24 15:59:04 2026: Image # 97, module IdentifyPrimaryObjects # 14: CPU_time = 5.73 secs, Wall_time = 5.73 secs
Mon Aug 24 15:59:10 2026: Image # 97, module MaskObjects # 15: CPU_time = 0.55 secs, Wall_time = 0.55 secs
Mon Aug 24 15:59:11 2026: Image # 97, module RelateObjects # 16: CPU_time = 1.55 secs, Wall_time = 1.55 secs
Mon Aug 24 15:59:12 2026: Image # 97, module RelateObjects # 17: CPU_time = 1.58 secs, Wall_time = 1.57 secs
Mon Aug 24 15:59:14 2026: Image # 97, module MeasureObjectIntensity # 18: CPU_time = 20.84 secs, Wall_time = 20.84 secs
Mon Aug 24 15:59:35 2026: Image # 97, module RelateObjects # 19: CPU_time = 0.30 secs, Wall_time = 0.29 secs
Mon Aug 24 15:59:35 2026: Image # 97, module ExportToSpreadsheet # 20: CPU_time = 0.00 secs, Wall_time = 0.00 secs
Mon Aug 24 15:59:35 2026: Image # 98, module Images # 1: CPU_time = 0.00 secs, Wall_time = 0.00 secs
Mon Aug 24 15:59:35 2026: Image # 98, module Metadata # 2: CPU_time = 0.00 secs, Wall_time = 0.00 secs
Mon Aug 24 15:59:35 2026: Image # 98, module NamesAndTypes # 3: CPU_time = 5.57 secs, Wall_time = 8.01 secs
Mon Aug 24 15:59:43 2026: Image # 98, module Groups # 4: CPU_time = 0.00 secs, Wall_time = 0.00 secs
Mon Aug 24 15:59:43 2026: Image # 98, module FilterObjects # 5: CPU_time = 2.03 secs, Wall_time = 2.03 secs
Mon Aug 24 15:59:45 2026: Image # 98, module FilterObjects # 6: CPU_time = 1.81 secs, Wall_time = 1.81 secs
Mon Aug 24 15:59:47 2026: Image # 98, module MaskImage # 7: CPU_time = 0.24 secs, Wall_time = 0.12 secs
Mon Aug 24 15:59:47 2026: Image # 98, module MaskImage # 8: CPU_time = 0.26 secs, Wall_time = 0.13 secs
Mon Aug 24 15:59:47 2026: Image # 98, module MaskObjects # 9: CPU_time = 0.79 secs, Wall_time = 0.78 secs
Mon Aug 24 15:59:48 2026: Image # 98, module ExpandOrShrinkObjects # 10: CPU_time = 1.69 secs, Wall_time = 1.69 secs
Mon Aug 24 15:59:50 2026: Image # 98, module ExpandOrShrinkObjects # 11: CPU_time = 1.65 secs, Wall_time = 1.65 secs
Mon Aug 24 15:59:51 2026: Image # 98, module MaskObjects # 12: CPU_time = 0.81 secs, Wall_time = 0.81 secs
Mon Aug 24 15:59:52 2026: Image # 98, module EnhanceOrSuppressFeatures # 13: CPU_time = 1.13 secs, Wall_time = 1.13 secs
Mon Aug 24 15:59:53 2026: Image # 98, module IdentifyPrimaryObjects # 14: CPU_time = 5.75 secs, Wall_time = 5.75 secs
Mon Aug 24 15:59:59 2026: Image # 98, module MaskObjects # 15: CPU_time = 0.57 secs, Wall_time = 0.56 secs
Mon Aug 24 16:00:00 2026: Image # 98, module RelateObjects # 16: CPU_time = 1.48 secs, Wall_time = 1.48 secs
Mon Aug 24 16:00:01 2026: Image # 98, module RelateObjects # 17: CPU_time = 1.66 secs, Wall_time = 1.66 secs
Mon Aug 24 16:00:03 2026: Image # 98, module MeasureObjectIntensity # 18: CPU_time = 19.84 secs, Wall_time = 20.73 secs
Mon Aug 24 16:00:23 2026: Image # 98, module RelateObjects # 19: CPU_time = 0.32 secs, Wall_time = 0.31 secs
Mon Aug 24 16:00:24 2026: Image # 98, module ExportToSpreadsheet # 20: CPU_time = 0.00 secs, Wall_time = 0.00 secs
Mon Aug 24 16:00:24 2026: Image # 99, module Images # 1: CPU_time = 0.00 secs, Wall_time = 0.00 secs
Mon Aug 24 16:00:24 2026: Image # 99, module Metadata # 2: CPU_time = 0.00 secs, Wall_time = 0.00 secs
Mon Aug 24 16:00:24 2026: Image # 99, module NamesAndTypes # 3: CPU_time = 4.67 secs, Wall_time = 5.43 secs
Mon Aug 24 16:00:29 2026: Image # 99, module Groups # 4: CPU_time = 0.00 secs, Wall_time = 0.00 secs
Mon Aug 24 16:00:29 2026: Image # 99, module FilterObjects # 5: CPU_time = 1.45 secs, Wall_time = 1.44 secs
Mon Aug 24 16:00:31 2026: Image # 99, module FilterObjects # 6: CPU_time = 1.35 secs, Wall_time = 1.35 secs
Mon Aug 24 16:00:32 2026: Image # 99, module MaskImage # 7: CPU_time = 0.26 secs, Wall_time = 0.12 secs
Mon Aug 24 16:00:32 2026: Image # 99, module MaskImage # 8: CPU_time = 0.26 secs, Wall_time = 0.11 secs
Mon Aug 24 16:00:32 2026: Image # 99, module MaskObjects # 9: CPU_time = 0.54 secs, Wall_time = 0.54 secs
Mon Aug 24 16:00:33 2026: Image # 99, module ExpandOrShrinkObjects # 10: CPU_time = 1.03 secs, Wall_time = 1.03 secs
Mon Aug 24 16:00:34 2026: Image # 99, module ExpandOrShrinkObjects # 11: CPU_time = 1.06 secs, Wall_time = 1.07 secs
Mon Aug 24 16:00:35 2026: Image # 99, module MaskObjects # 12: CPU_time = 0.59 secs, Wall_time = 0.58 secs
Mon Aug 24 16:00:35 2026: Image # 99, module EnhanceOrSuppressFeatures # 13: CPU_time = 1.11 secs, Wall_time = 1.10 secs
Mon Aug 24 16:00:37 2026: Image # 99, module IdentifyPrimaryObjects # 14: CPU_time = 3.83 secs, Wall_time = 3.82 secs
Mon Aug 24 16:00:40 2026: Image # 99, module MaskObjects # 15: CPU_time = 0.54 secs, Wall_time = 0.54 secs
Mon Aug 24 16:00:41 2026: Image # 99, module RelateObjects # 16: CPU_time = 1.16 secs, Wall_time = 1.16 secs
Mon Aug 24 16:00:42 2026: Image # 99, module RelateObjects # 17: CPU_time = 1.18 secs, Wall_time = 1.18 secs
Mon Aug 24 16:00:43 2026: Image # 99, module MeasureObjectIntensity # 18: CPU_time = 16.54 secs, Wall_time = 16.52 secs
Mon Aug 24 16:01:00 2026: Image # 99, module RelateObjects # 19: CPU_time = 0.25 secs, Wall_time = 0.26 secs
Mon Aug 24 16:01:00 2026: Image # 99, module ExportToSpreadsheet # 20: CPU_time = 0.00 secs, Wall_time = 0.00 secs
Mon Aug 24 16:01:00 2026: Image # 100, module Images # 1: CPU_time = 0.00 secs, Wall_time = 0.00 secs
Mon Aug 24 16:01:00 2026: Image # 100, module Metadata # 2: CPU_time = 0.00 secs, Wall_time = 0.00 secs
Mon Aug 24 16:01:00 2026: Image # 100, module NamesAndTypes # 3: CPU_time = 4.34 secs, Wall_time = 5.23 secs
Mon Aug 24 16:01:05 2026: Image # 100, module Groups # 4: CPU_time = 0.00 secs, Wall_time = 0.00 secs
Mon Aug 24 16:01:05 2026: Image # 100, module FilterObjects # 5: CPU_time = 1.55 secs, Wall_time = 1.55 secs
Mon Aug 24 16:01:07 2026: Image # 100, module FilterObjects # 6: CPU_time = 1.46 secs, Wall_time = 1.45 secs
Mon Aug 24 16:01:08 2026: Image # 100, module MaskImage # 7: CPU_time = 0.25 secs, Wall_time = 0.12 secs
Mon Aug 24 16:01:08 2026: Image # 100, module MaskImage # 8: CPU_time = 0.23 secs, Wall_time = 0.11 secs
Mon Aug 24 16:01:09 2026: Image # 100, module MaskObjects # 9: CPU_time = 0.56 secs, Wall_time = 0.56 secs
Mon Aug 24 16:01:09 2026: Image # 100, module ExpandOrShrinkObjects # 10: CPU_time = 0.97 secs, Wall_time = 0.97 secs
Mon Aug 24 16:01:10 2026: Image # 100, module ExpandOrShrinkObjects # 11: CPU_time = 0.97 secs, Wall_time = 0.98 secs
Mon Aug 24 16:01:11 2026: Image # 100, module MaskObjects # 12: CPU_time = 0.58 secs, Wall_time = 0.58 secs
Mon Aug 24 16:01:12 2026: Image # 100, module EnhanceOrSuppressFeatures # 13: CPU_time = 1.09 secs, Wall_time = 1.09 secs
Mon Aug 24 16:01:13 2026: Image # 100, module IdentifyPrimaryObjects # 14: CPU_time = 4.12 secs, Wall_time = 4.11 secs
Mon Aug 24 16:01:17 2026: Image # 100, module MaskObjects # 15: CPU_time = 0.55 secs, Wall_time = 0.55 secs
Mon Aug 24 16:01:17 2026: Image # 100, module RelateObjects # 16: CPU_time = 1.35 secs, Wall_time = 1.34 secs
Mon Aug 24 16:01:19 2026: Image # 100, module RelateObjects # 17: CPU_time = 1.33 secs, Wall_time = 1.32 secs
Mon Aug 24 16:01:20 2026: Image # 100, module MeasureObjectIntensity # 18: CPU_time = 18.13 secs, Wall_time = 18.10 secs
Mon Aug 24 16:01:38 2026: Image # 100, module RelateObjects # 19: CPU_time = 0.31 secs, Wall_time = 0.31 secs
Mon Aug 24 16:01:39 2026: Image # 100, module ExportToSpreadsheet # 20: CPU_time = 0.00 secs, Wall_time = 0.00 secs
Mon Aug 24 16:01:39 2026: Image # 101, module Images # 1: CPU_time = 0.00 secs, Wall_time = 0.00 secs
Mon Aug 24 16:01:39 2026: Image # 101, module Metadata # 2: CPU_time = 0.00 secs, Wall_time = 0.00 secs
Mon Aug 24 16:01:39 2026: Image # 101, module NamesAndTypes # 3: CPU_time = 4.85 secs, Wall_time = 5.07 secs
Mon Aug 24 16:01:44 2026: Image # 101, module Groups # 4: CPU_time = 0.00 secs, Wall_time = 0.00 secs
Mon Aug 24 16:01:44 2026: Image # 101, module FilterObjects # 5: CPU_time = 1.65 secs, Wall_time = 1.65 secs
Mon Aug 24 16:01:45 2026: Image # 101, module FilterObjects # 6: CPU_time = 1.53 secs, Wall_time = 1.52 secs
Mon Aug 24 16:01:47 2026: Image # 101, module MaskImage # 7: CPU_time = 0.26 secs, Wall_time = 0.13 secs
Mon Aug 24 16:01:47 2026: Image # 101, module MaskImage # 8: CPU_time = 0.23 secs, Wall_time = 0.11 secs
Mon Aug 24 16:01:47 2026: Image # 101, module MaskObjects # 9: CPU_time = 0.56 secs, Wall_time = 0.55 secs
Mon Aug 24 16:01:48 2026: Image # 101, module ExpandOrShrinkObjects # 10: CPU_time = 1.06 secs, Wall_time = 1.07 secs
Mon Aug 24 16:01:49 2026: Image # 101, module ExpandOrShrinkObjects # 11: CPU_time = 0.99 secs, Wall_time = 0.99 secs
Mon Aug 24 16:01:50 2026: Image # 101, module MaskObjects # 12: CPU_time = 0.57 secs, Wall_time = 0.58 secs
Mon Aug 24 16:01:50 2026: Image # 101, module EnhanceOrSuppressFeatures # 13: CPU_time = 1.11 secs, Wall_time = 1.11 secs
Mon Aug 24 16:01:51 2026: Image # 101, module IdentifyPrimaryObjects # 14: CPU_time = 4.19 secs, Wall_time = 4.19 secs
Mon Aug 24 16:01:56 2026: Image # 101, module MaskObjects # 15: CPU_time = 0.56 secs, Wall_time = 0.56 secs
Mon Aug 24 16:01:56 2026: Image # 101, module RelateObjects # 16: CPU_time = 1.47 secs, Wall_time = 1.47 secs
Mon Aug 24 16:01:58 2026: Image # 101, module RelateObjects # 17: CPU_time = 1.45 secs, Wall_time = 1.44 secs
Mon Aug 24 16:01:59 2026: Image # 101, module MeasureObjectIntensity # 18: CPU_time = 19.53 secs, Wall_time = 19.51 secs
Mon Aug 24 16:02:19 2026: Image # 101, module RelateObjects # 19: CPU_time = 0.35 secs, Wall_time = 0.35 secs
Mon Aug 24 16:02:19 2026: Image # 101, module ExportToSpreadsheet # 20: CPU_time = 0.01 secs, Wall_time = 0.01 secs
Mon Aug 24 16:02:19 2026: Image # 102, module Images # 1: CPU_time = 0.00 secs, Wall_time = 0.00 secs
Mon Aug 24 16:02:19 2026: Image # 102, module Metadata # 2: CPU_time = 0.00 secs, Wall_time = 0.00 secs
Mon Aug 24 16:02:19 2026: Image # 102, module NamesAndTypes # 3: CPU_time = 4.79 secs, Wall_time = 4.73 secs
Mon Aug 24 16:02:24 2026: Image # 102, module Groups # 4: CPU_time = 0.00 secs, Wall_time = 0.00 secs
Mon Aug 24 16:02:24 2026: Image # 102, module FilterObjects # 5: CPU_time = 1.61 secs, Wall_time = 1.61 secs
Mon Aug 24 16:02:25 2026: Image # 102, module FilterObjects # 6: CPU_time = 1.52 secs, Wall_time = 1.51 secs
Mon Aug 24 16:02:27 2026: Image # 102, module MaskImage # 7: CPU_time = 0.22 secs, Wall_time = 0.11 secs
Mon Aug 24 16:02:27 2026: Image # 102, module MaskImage # 8: CPU_time = 0.25 secs, Wall_time = 0.11 secs
Mon Aug 24 16:02:27 2026: Image # 102, module MaskObjects # 9: CPU_time = 0.55 secs, Wall_time = 0.54 secs
Mon Aug 24 16:02:28 2026: Image # 102, module ExpandOrShrinkObjects # 10: CPU_time = 1.10 secs, Wall_time = 1.11 secs
Mon Aug 24 16:02:29 2026: Image # 102, module ExpandOrShrinkObjects # 11: CPU_time = 1.02 secs, Wall_time = 1.01 secs
Mon Aug 24 16:02:30 2026: Image # 102, module MaskObjects # 12: CPU_time = 0.59 secs, Wall_time = 0.59 secs
Mon Aug 24 16:02:30 2026: Image # 102, module EnhanceOrSuppressFeatures # 13: CPU_time = 1.09 secs, Wall_time = 1.09 secs
Mon Aug 24 16:02:31 2026: Image # 102, module IdentifyPrimaryObjects # 14: CPU_time = 4.11 secs, Wall_time = 4.12 secs
Mon Aug 24 16:02:35 2026: Image # 102, module MaskObjects # 15: CPU_time = 0.57 secs, Wall_time = 0.56 secs
Mon Aug 24 16:02:36 2026: Image # 102, module RelateObjects # 16: CPU_time = 1.37 secs, Wall_time = 1.37 secs
Mon Aug 24 16:02:37 2026: Image # 102, module RelateObjects # 17: CPU_time = 1.34 secs, Wall_time = 1.34 secs
Mon Aug 24 16:02:39 2026: Image # 102, module MeasureObjectIntensity # 18: CPU_time = 18.45 secs, Wall_time = 18.43 secs
Mon Aug 24 16:02:57 2026: Image # 102, module RelateObjects # 19: CPU_time = 0.32 secs, Wall_time = 0.32 secs
Mon Aug 24 16:02:58 2026: Image # 102, module ExportToSpreadsheet # 20: CPU_time = 0.00 secs, Wall_time = 0.00 secs
Mon Aug 24 16:02:58 2026: Image # 103, module Images # 1: CPU_time = 0.00 secs, Wall_time = 0.00 secs
Mon Aug 24 16:02:58 2026: Image # 103, module Metadata # 2: CPU_time = 0.00 secs, Wall_time = 0.00 secs
Mon Aug 24 16:02:58 2026: Image # 103, module NamesAndTypes # 3: CPU_time = 4.98 secs, Wall_time = 6.79 secs
Mon Aug 24 16:03:04 2026: Image # 103, module Groups # 4: CPU_time = 0.00 secs, Wall_time = 0.00 secs
Mon Aug 24 16:03:04 2026: Image # 103, module FilterObjects # 5: CPU_time = 1.61 secs, Wall_time = 1.61 secs
Mon Aug 24 16:03:06 2026: Image # 103, module FilterObjects # 6: CPU_time = 1.47 secs, Wall_time = 1.47 secs
Mon Aug 24 16:03:07 2026: Image # 103, module MaskImage # 7: CPU_time = 0.22 secs, Wall_time = 0.11 secs
Mon Aug 24 16:03:08 2026: Image # 103, module MaskImage # 8: CPU_time = 0.23 secs, Wall_time = 0.11 secs
Mon Aug 24 16:03:08 2026: Image # 103, module MaskObjects # 9: CPU_time = 0.56 secs, Wall_time = 0.56 secs
Mon Aug 24 16:03:08 2026: Image # 103, module ExpandOrShrinkObjects # 10: CPU_time = 0.89 secs, Wall_time = 0.90 secs
Mon Aug 24 16:03:09 2026: Image # 103, module ExpandOrShrinkObjects # 11: CPU_time = 0.93 secs, Wall_time = 0.92 secs
Mon Aug 24 16:03:10 2026: Image # 103, module MaskObjects # 12: CPU_time = 0.61 secs, Wall_time = 0.61 secs
Mon Aug 24 16:03:11 2026: Image # 103, module EnhanceOrSuppressFeatures # 13: CPU_time = 1.09 secs, Wall_time = 1.09 secs
Mon Aug 24 16:03:12 2026: Image # 103, module IdentifyPrimaryObjects # 14: CPU_time = 4.13 secs, Wall_time = 4.25 secs
Mon Aug 24 16:03:16 2026: Image # 103, module MaskObjects # 15: CPU_time = 0.57 secs, Wall_time = 0.58 secs
Mon Aug 24 16:03:17 2026: Image # 103, module RelateObjects # 16: CPU_time = 1.40 secs, Wall_time = 1.40 secs
Mon Aug 24 16:03:18 2026: Image # 103, module RelateObjects # 17: CPU_time = 1.36 secs, Wall_time = 1.35 secs
Mon Aug 24 16:03:19 2026: Image # 103, module MeasureObjectIntensity # 18: CPU_time = 18.34 secs, Wall_time = 18.33 secs
Mon Aug 24 16:03:38 2026: Image # 103, module RelateObjects # 19: CPU_time = 0.33 secs, Wall_time = 0.34 secs
Mon Aug 24 16:03:38 2026: Image # 103, module ExportToSpreadsheet # 20: CPU_time = 0.00 secs, Wall_time = 0.00 secs
Mon Aug 24 16:03:38 2026: Image # 104, module Images # 1: CPU_time = 0.00 secs, Wall_time = 0.00 secs
Mon Aug 24 16:03:38 2026: Image # 104, module Metadata # 2: CPU_time = 0.00 secs, Wall_time = 0.00 secs
Mon Aug 24 16:03:38 2026: Image # 104, module NamesAndTypes # 3: CPU_time = 4.65 secs, Wall_time = 5.58 secs
Mon Aug 24 16:03:44 2026: Image # 104, module Groups # 4: CPU_time = 0.00 secs, Wall_time = 0.00 secs
Mon Aug 24 16:03:44 2026: Image # 104, module FilterObjects # 5: CPU_time = 1.71 secs, Wall_time = 1.70 secs
Mon Aug 24 16:03:45 2026: Image # 104, module FilterObjects # 6: CPU_time = 1.55 secs, Wall_time = 1.55 secs
Mon Aug 24 16:03:47 2026: Image # 104, module MaskImage # 7: CPU_time = 0.23 secs, Wall_time = 0.12 secs
Mon Aug 24 16:03:47 2026: Image # 104, module MaskImage # 8: CPU_time = 0.27 secs, Wall_time = 0.13 secs
Mon Aug 24 16:03:47 2026: Image # 104, module MaskObjects # 9: CPU_time = 0.56 secs, Wall_time = 0.56 secs
Mon Aug 24 16:03:48 2026: Image # 104, module ExpandOrShrinkObjects # 10: CPU_time = 0.92 secs, Wall_time = 0.91 secs
Mon Aug 24 16:03:49 2026: Image # 104, module ExpandOrShrinkObjects # 11: CPU_time = 1.01 secs, Wall_time = 1.01 secs
Mon Aug 24 16:03:50 2026: Image # 104, module MaskObjects # 12: CPU_time = 0.60 secs, Wall_time = 0.60 secs
Mon Aug 24 16:03:50 2026: Image # 104, module EnhanceOrSuppressFeatures # 13: CPU_time = 1.09 secs, Wall_time = 1.09 secs
Mon Aug 24 16:03:51 2026: Image # 104, module IdentifyPrimaryObjects # 14: CPU_time = 4.04 secs, Wall_time = 4.05 secs
Mon Aug 24 16:03:55 2026: Image # 104, module MaskObjects # 15: CPU_time = 0.56 secs, Wall_time = 0.56 secs
Mon Aug 24 16:03:56 2026: Image # 104, module RelateObjects # 16: CPU_time = 1.45 secs, Wall_time = 1.44 secs
Mon Aug 24 16:03:57 2026: Image # 104, module RelateObjects # 17: CPU_time = 1.39 secs, Wall_time = 1.40 secs
Mon Aug 24 16:03:59 2026: Image # 104, module MeasureObjectIntensity # 18: CPU_time = 19.54 secs, Wall_time = 19.51 secs
Mon Aug 24 16:04:18 2026: Image # 104, module RelateObjects # 19: CPU_time = 0.33 secs, Wall_time = 0.32 secs
Mon Aug 24 16:04:19 2026: Image # 104, module ExportToSpreadsheet # 20: CPU_time = 0.00 secs, Wall_time = 0.00 secs
Mon Aug 24 16:04:19 2026: Image # 105, module Images # 1: CPU_time = 0.00 secs, Wall_time = 0.00 secs
Mon Aug 24 16:04:19 2026: Image # 105, module Metadata # 2: CPU_time = 0.00 secs, Wall_time = 0.00 secs
Mon Aug 24 16:04:19 2026: Image # 105, module NamesAndTypes # 3: CPU_time = 4.71 secs, Wall_time = 5.18 secs
Mon Aug 24 16:04:24 2026: Image # 105, module Groups # 4: CPU_time = 0.00 secs, Wall_time = 0.00 secs
Mon Aug 24 16:04:24 2026: Image # 105, module FilterObjects # 5: CPU_time = 1.65 secs, Wall_time = 1.64 secs
Mon Aug 24 16:04:25 2026: Image # 105, module FilterObjects # 6: CPU_time = 1.54 secs, Wall_time = 1.54 secs
Mon Aug 24 16:04:27 2026: Image # 105, module MaskImage # 7: CPU_time = 0.24 secs, Wall_time = 0.12 secs
Mon Aug 24 16:04:27 2026: Image # 105, module MaskImage # 8: CPU_time = 0.20 secs, Wall_time = 0.10 secs
Mon Aug 24 16:04:27 2026: Image # 105, module MaskObjects # 9: CPU_time = 0.57 secs, Wall_time = 0.56 secs
Mon Aug 24 16:04:28 2026: Image # 105, module ExpandOrShrinkObjects # 10: CPU_time = 0.99 secs, Wall_time = 0.99 secs
Mon Aug 24 16:04:29 2026: Image # 105, module ExpandOrShrinkObjects # 11: CPU_time = 0.92 secs, Wall_time = 0.93 secs
Mon Aug 24 16:04:30 2026: Image # 105, module MaskObjects # 12: CPU_time = 0.59 secs, Wall_time = 0.60 secs
Mon Aug 24 16:04:30 2026: Image # 105, module EnhanceOrSuppressFeatures # 13: CPU_time = 1.09 secs, Wall_time = 1.09 secs
Mon Aug 24 16:04:31 2026: Image # 105, module IdentifyPrimaryObjects # 14: CPU_time = 4.19 secs, Wall_time = 4.19 secs
Mon Aug 24 16:04:36 2026: Image # 105, module MaskObjects # 15: CPU_time = 0.57 secs, Wall_time = 0.57 secs
Mon Aug 24 16:04:36 2026: Image # 105, module RelateObjects # 16: CPU_time = 1.50 secs, Wall_time = 1.50 secs
Mon Aug 24 16:04:38 2026: Image # 105, module RelateObjects # 17: CPU_time = 1.56 secs, Wall_time = 1.57 secs
Mon Aug 24 16:04:39 2026: Image # 105, module MeasureObjectIntensity # 18: CPU_time = 20.01 secs, Wall_time = 19.98 secs
Mon Aug 24 16:04:59 2026: Image # 105, module RelateObjects # 19: CPU_time = 0.40 secs, Wall_time = 0.41 secs
Mon Aug 24 16:05:00 2026: Image # 105, module ExportToSpreadsheet # 20: CPU_time = 0.01 secs, Wall_time = 0.00 secs
Mon Aug 24 16:05:00 2026: Image # 106, module Images # 1: CPU_time = 0.00 secs, Wall_time = 0.00 secs
Mon Aug 24 16:05:00 2026: Image # 106, module Metadata # 2: CPU_time = 0.00 secs, Wall_time = 0.00 secs
Mon Aug 24 16:05:00 2026: Image # 106, module NamesAndTypes # 3: CPU_time = 4.94 secs, Wall_time = 7.72 secs
Mon Aug 24 16:05:07 2026: Image # 106, module Groups # 4: CPU_time = 0.00 secs, Wall_time = 0.00 secs
Mon Aug 24 16:05:07 2026: Image # 106, module FilterObjects # 5: CPU_time = 1.59 secs, Wall_time = 1.59 secs
Mon Aug 24 16:05:09 2026: Image # 106, module FilterObjects # 6: CPU_time = 1.43 secs, Wall_time = 1.43 secs
Mon Aug 24 16:05:10 2026: Image # 106, module MaskImage # 7: CPU_time = 0.26 secs, Wall_time = 0.12 secs
Mon Aug 24 16:05:11 2026: Image # 106, module MaskImage # 8: CPU_time = 0.23 secs, Wall_time = 0.11 secs
Mon Aug 24 16:05:11 2026: Image # 106, module MaskObjects # 9: CPU_time = 0.54 secs, Wall_time = 0.54 secs
Mon Aug 24 16:05:11 2026: Image # 106, module ExpandOrShrinkObjects # 10: CPU_time = 0.88 secs, Wall_time = 0.88 secs
Mon Aug 24 16:05:12 2026: Image # 106, module ExpandOrShrinkObjects # 11: CPU_time = 1.00 secs, Wall_time = 1.01 secs
Mon Aug 24 16:05:13 2026: Image # 106, module MaskObjects # 12: CPU_time = 0.60 secs, Wall_time = 0.60 secs
Mon Aug 24 16:05:14 2026: Image # 106, module EnhanceOrSuppressFeatures # 13: CPU_time = 1.11 secs, Wall_time = 1.11 secs
Mon Aug 24 16:05:15 2026: Image # 106, module IdentifyPrimaryObjects # 14: CPU_time = 3.92 secs, Wall_time = 3.91 secs
Mon Aug 24 16:05:19 2026: Image # 106, module MaskObjects # 15: CPU_time = 0.57 secs, Wall_time = 0.56 secs
Mon Aug 24 16:05:19 2026: Image # 106, module RelateObjects # 16: CPU_time = 1.32 secs, Wall_time = 1.32 secs
Mon Aug 24 16:05:21 2026: Image # 106, module RelateObjects # 17: CPU_time = 1.29 secs, Wall_time = 1.29 secs
Mon Aug 24 16:05:22 2026: Image # 106, module MeasureObjectIntensity # 18: CPU_time = 18.10 secs, Wall_time = 18.08 secs
Mon Aug 24 16:05:40 2026: Image # 106, module RelateObjects # 19: CPU_time = 0.31 secs, Wall_time = 0.30 secs
Mon Aug 24 16:05:40 2026: Image # 106, module ExportToSpreadsheet # 20: CPU_time = 0.00 secs, Wall_time = 0.00 secs
Mon Aug 24 16:05:40 2026: Image # 107, module Images # 1: CPU_time = 0.00 secs, Wall_time = 0.00 secs
Mon Aug 24 16:05:40 2026: Image # 107, module Metadata # 2: CPU_time = 0.00 secs, Wall_time = 0.00 secs
Mon Aug 24 16:05:40 2026: Image # 107, module NamesAndTypes # 3: CPU_time = 4.83 secs, Wall_time = 4.82 secs
Mon Aug 24 16:05:45 2026: Image # 107, module Groups # 4: CPU_time = 0.00 secs, Wall_time = 0.00 secs
Mon Aug 24 16:05:45 2026: Image # 107, module FilterObjects # 5: CPU_time = 1.63 secs, Wall_time = 1.62 secs
Mon Aug 24 16:05:47 2026: Image # 107, module FilterObjects # 6: CPU_time = 1.48 secs, Wall_time = 1.48 secs
Mon Aug 24 16:05:48 2026: Image # 107, module MaskImage # 7: CPU_time = 0.26 secs, Wall_time = 0.11 secs
Mon Aug 24 16:05:48 2026: Image # 107, module MaskImage # 8: CPU_time = 0.32 secs, Wall_time = 0.15 secs
Mon Aug 24 16:05:49 2026: Image # 107, module MaskObjects # 9: CPU_time = 0.58 secs, Wall_time = 0.57 secs
Mon Aug 24 16:05:49 2026: Image # 107, module ExpandOrShrinkObjects # 10: CPU_time = 0.99 secs, Wall_time = 0.99 secs
Mon Aug 24 16:05:50 2026: Image # 107, module ExpandOrShrinkObjects # 11: CPU_time = 1.03 secs, Wall_time = 1.03 secs
Mon Aug 24 16:05:51 2026: Image # 107, module MaskObjects # 12: CPU_time = 0.59 secs, Wall_time = 0.59 secs
Mon Aug 24 16:05:52 2026: Image # 107, module EnhanceOrSuppressFeatures # 13: CPU_time = 1.10 secs, Wall_time = 1.09 secs
Mon Aug 24 16:05:53 2026: Image # 107, module IdentifyPrimaryObjects # 14: CPU_time = 4.03 secs, Wall_time = 4.03 secs
Mon Aug 24 16:05:57 2026: Image # 107, module MaskObjects # 15: CPU_time = 0.56 secs, Wall_time = 0.56 secs
Mon Aug 24 16:05:57 2026: Image # 107, module RelateObjects # 16: CPU_time = 1.34 secs, Wall_time = 1.34 secs
Mon Aug 24 16:05:59 2026: Image # 107, module RelateObjects # 17: CPU_time = 1.34 secs, Wall_time = 1.33 secs
Mon Aug 24 16:06:00 2026: Image # 107, module MeasureObjectIntensity # 18: CPU_time = 17.85 secs, Wall_time = 17.84 secs
Mon Aug 24 16:06:18 2026: Image # 107, module RelateObjects # 19: CPU_time = 0.30 secs, Wall_time = 0.31 secs
Mon Aug 24 16:06:18 2026: Image # 107, module ExportToSpreadsheet # 20: CPU_time = 0.00 secs, Wall_time = 0.00 secs
Mon Aug 24 16:06:18 2026: Image # 108, module Images # 1: CPU_time = 0.00 secs, Wall_time = 0.00 secs
Mon Aug 24 16:06:18 2026: Image # 108, module Metadata # 2: CPU_time = 0.00 secs, Wall_time = 0.00 secs
Mon Aug 24 16:06:18 2026: Image # 108, module NamesAndTypes # 3: CPU_time = 4.94 secs, Wall_time = 5.09 secs
Mon Aug 24 16:06:23 2026: Image # 108, module Groups # 4: CPU_time = 0.00 secs, Wall_time = 0.00 secs
Mon Aug 24 16:06:23 2026: Image # 108, module FilterObjects # 5: CPU_time = 1.63 secs, Wall_time = 1.63 secs
Mon Aug 24 16:06:25 2026: Image # 108, module FilterObjects # 6: CPU_time = 1.53 secs, Wall_time = 1.53 secs
Mon Aug 24 16:06:27 2026: Image # 108, module MaskImage # 7: CPU_time = 0.26 secs, Wall_time = 0.13 secs
Mon Aug 24 16:06:27 2026: Image # 108, module MaskImage # 8: CPU_time = 0.25 secs, Wall_time = 0.11 secs
Mon Aug 24 16:06:27 2026: Image # 108, module MaskObjects # 9: CPU_time = 0.59 secs, Wall_time = 0.56 secs
Mon Aug 24 16:06:27 2026: Image # 108, module ExpandOrShrinkObjects # 10: CPU_time = 0.91 secs, Wall_time = 0.91 secs
Mon Aug 24 16:06:28 2026: Image # 108, module ExpandOrShrinkObjects # 11: CPU_time = 1.04 secs, Wall_time = 1.04 secs
Mon Aug 24 16:06:29 2026: Image # 108, module MaskObjects # 12: CPU_time = 0.59 secs, Wall_time = 0.59 secs
Mon Aug 24 16:06:30 2026: Image # 108, module EnhanceOrSuppressFeatures # 13: CPU_time = 1.11 secs, Wall_time = 1.11 secs
Mon Aug 24 16:06:31 2026: Image # 108, module IdentifyPrimaryObjects # 14: CPU_time = 4.08 secs, Wall_time = 4.08 secs
Mon Aug 24 16:06:35 2026: Image # 108, module MaskObjects # 15: CPU_time = 0.58 secs, Wall_time = 0.57 secs
Mon Aug 24 16:06:36 2026: Image # 108, module RelateObjects # 16: CPU_time = 1.41 secs, Wall_time = 1.42 secs
Mon Aug 24 16:06:37 2026: Image # 108, module RelateObjects # 17: CPU_time = 1.40 secs, Wall_time = 1.39 secs
Mon Aug 24 16:06:39 2026: Image # 108, module MeasureObjectIntensity # 18: CPU_time = 19.06 secs, Wall_time = 19.07 secs
Mon Aug 24 16:06:58 2026: Image # 108, module RelateObjects # 19: CPU_time = 0.32 secs, Wall_time = 0.32 secs
Mon Aug 24 16:06:58 2026: Image # 108, module ExportToSpreadsheet # 20: CPU_time = 0.01 secs, Wall_time = 0.00 secs
Mon Aug 24 16:06:58 2026: Image # 109, module Images # 1: CPU_time = 0.00 secs, Wall_time = 0.00 secs
Mon Aug 24 16:06:58 2026: Image # 109, module Metadata # 2: CPU_time = 0.00 secs, Wall_time = 0.00 secs
Mon Aug 24 16:06:58 2026: Image # 109, module NamesAndTypes # 3: CPU_time = 4.90 secs, Wall_time = 5.74 secs
Mon Aug 24 16:07:04 2026: Image # 109, module Groups # 4: CPU_time = 0.00 secs, Wall_time = 0.00 secs
Mon Aug 24 16:07:04 2026: Image # 109, module FilterObjects # 5: CPU_time = 1.56 secs, Wall_time = 1.55 secs
Mon Aug 24 16:07:05 2026: Image # 109, module FilterObjects # 6: CPU_time = 1.43 secs, Wall_time = 1.43 secs
Mon Aug 24 16:07:07 2026: Image # 109, module MaskImage # 7: CPU_time = 0.27 secs, Wall_time = 0.13 secs
Mon Aug 24 16:07:07 2026: Image # 109, module MaskImage # 8: CPU_time = 0.26 secs, Wall_time = 0.12 secs
Mon Aug 24 16:07:07 2026: Image # 109, module MaskObjects # 9: CPU_time = 0.56 secs, Wall_time = 0.55 secs
Mon Aug 24 16:07:07 2026: Image # 109, module ExpandOrShrinkObjects # 10: CPU_time = 0.88 secs, Wall_time = 0.88 secs
Mon Aug 24 16:07:08 2026: Image # 109, module ExpandOrShrinkObjects # 11: CPU_time = 1.00 secs, Wall_time = 1.00 secs
Mon Aug 24 16:07:09 2026: Image # 109, module MaskObjects # 12: CPU_time = 0.59 secs, Wall_time = 0.59 secs
Mon Aug 24 16:07:10 2026: Image # 109, module EnhanceOrSuppressFeatures # 13: CPU_time = 1.11 secs, Wall_time = 1.10 secs
Mon Aug 24 16:07:11 2026: Image # 109, module IdentifyPrimaryObjects # 14: CPU_time = 3.90 secs, Wall_time = 3.90 secs
Mon Aug 24 16:07:15 2026: Image # 109, module MaskObjects # 15: CPU_time = 0.55 secs, Wall_time = 0.55 secs
Mon Aug 24 16:07:16 2026: Image # 109, module RelateObjects # 16: CPU_time = 1.27 secs, Wall_time = 1.26 secs
Mon Aug 24 16:07:17 2026: Image # 109, module RelateObjects # 17: CPU_time = 1.24 secs, Wall_time = 1.24 secs
Mon Aug 24 16:07:18 2026: Image # 109, module MeasureObjectIntensity # 18: CPU_time = 17.87 secs, Wall_time = 17.84 secs
Mon Aug 24 16:07:36 2026: Image # 109, module RelateObjects # 19: CPU_time = 0.29 secs, Wall_time = 0.30 secs
Mon Aug 24 16:07:36 2026: Image # 109, module ExportToSpreadsheet # 20: CPU_time = 0.00 secs, Wall_time = 0.00 secs
Mon Aug 24 16:07:36 2026: Image # 110, module Images # 1: CPU_time = 0.00 secs, Wall_time = 0.00 secs
Mon Aug 24 16:07:36 2026: Image # 110, module Metadata # 2: CPU_time = 0.00 secs, Wall_time = 0.00 secs
Mon Aug 24 16:07:36 2026: Image # 110, module NamesAndTypes # 3: CPU_time = 4.95 secs, Wall_time = 4.72 secs
Mon Aug 24 16:07:41 2026: Image # 110, module Groups # 4: CPU_time = 0.00 secs, Wall_time = 0.00 secs
Mon Aug 24 16:07:41 2026: Image # 110, module FilterObjects # 5: CPU_time = 1.48 secs, Wall_time = 1.48 secs
Mon Aug 24 16:07:42 2026: Image # 110, module FilterObjects # 6: CPU_time = 1.39 secs, Wall_time = 1.39 secs
Mon Aug 24 16:07:44 2026: Image # 110, module MaskImage # 7: CPU_time = 0.23 secs, Wall_time = 0.11 secs
Mon Aug 24 16:07:44 2026: Image # 110, module MaskImage # 8: CPU_time = 0.24 secs, Wall_time = 0.11 secs
Mon Aug 24 16:07:44 2026: Image # 110, module MaskObjects # 9: CPU_time = 0.53 secs, Wall_time = 0.53 secs
Mon Aug 24 16:07:45 2026: Image # 110, module ExpandOrShrinkObjects # 10: CPU_time = 0.92 secs, Wall_time = 0.91 secs
Mon Aug 24 16:07:45 2026: Image # 110, module ExpandOrShrinkObjects # 11: CPU_time = 0.91 secs, Wall_time = 0.91 secs
Mon Aug 24 16:07:46 2026: Image # 110, module MaskObjects # 12: CPU_time = 0.61 secs, Wall_time = 0.61 secs
Mon Aug 24 16:07:47 2026: Image # 110, module EnhanceOrSuppressFeatures # 13: CPU_time = 1.10 secs, Wall_time = 1.09 secs
Mon Aug 24 16:07:48 2026: Image # 110, module IdentifyPrimaryObjects # 14: CPU_time = 3.58 secs, Wall_time = 3.57 secs
Mon Aug 24 16:07:52 2026: Image # 110, module MaskObjects # 15: CPU_time = 0.55 secs, Wall_time = 0.55 secs
Mon Aug 24 16:07:52 2026: Image # 110, module RelateObjects # 16: CPU_time = 1.25 secs, Wall_time = 1.25 secs
Mon Aug 24 16:07:54 2026: Image # 110, module RelateObjects # 17: CPU_time = 1.26 secs, Wall_time = 1.26 secs
Mon Aug 24 16:07:55 2026: Image # 110, module MeasureObjectIntensity # 18: CPU_time = 17.43 secs, Wall_time = 17.40 secs
Mon Aug 24 16:08:12 2026: Image # 110, module RelateObjects # 19: CPU_time = 0.29 secs, Wall_time = 0.28 secs
Mon Aug 24 16:08:12 2026: Image # 110, module ExportToSpreadsheet # 20: CPU_time = 0.00 secs, Wall_time = 0.00 secs
Mon Aug 24 16:08:12 2026: Image # 111, module Images # 1: CPU_time = 0.00 secs, Wall_time = 0.00 secs
Mon Aug 24 16:08:12 2026: Image # 111, module Metadata # 2: CPU_time = 0.00 secs, Wall_time = 0.00 secs
Mon Aug 24 16:08:12 2026: Image # 111, module NamesAndTypes # 3: CPU_time = 4.56 secs, Wall_time = 5.87 secs
Mon Aug 24 16:08:18 2026: Image # 111, module Groups # 4: CPU_time = 0.00 secs, Wall_time = 0.00 secs
Mon Aug 24 16:08:18 2026: Image # 111, module FilterObjects # 5: CPU_time = 1.39 secs, Wall_time = 1.38 secs
Mon Aug 24 16:08:20 2026: Image # 111, module FilterObjects # 6: CPU_time = 1.30 secs, Wall_time = 1.30 secs
Mon Aug 24 16:08:21 2026: Image # 111, module MaskImage # 7: CPU_time = 0.22 secs, Wall_time = 0.10 secs
Mon Aug 24 16:08:21 2026: Image # 111, module MaskImage # 8: CPU_time = 0.31 secs, Wall_time = 0.14 secs
Mon Aug 24 16:08:21 2026: Image # 111, module MaskObjects # 9: CPU_time = 0.53 secs, Wall_time = 0.53 secs
Mon Aug 24 16:08:22 2026: Image # 111, module ExpandOrShrinkObjects # 10: CPU_time = 0.83 secs, Wall_time = 0.82 secs
Mon Aug 24 16:08:23 2026: Image # 111, module ExpandOrShrinkObjects # 11: CPU_time = 0.88 secs, Wall_time = 0.88 secs
Mon Aug 24 16:08:24 2026: Image # 111, module MaskObjects # 12: CPU_time = 0.61 secs, Wall_time = 0.61 secs
Mon Aug 24 16:08:24 2026: Image # 111, module EnhanceOrSuppressFeatures # 13: CPU_time = 1.09 secs, Wall_time = 1.09 secs
Mon Aug 24 16:08:25 2026: Image # 111, module IdentifyPrimaryObjects # 14: CPU_time = 3.48 secs, Wall_time = 3.47 secs
Mon Aug 24 16:08:29 2026: Image # 111, module MaskObjects # 15: CPU_time = 0.55 secs, Wall_time = 0.55 secs
Mon Aug 24 16:08:29 2026: Image # 111, module RelateObjects # 16: CPU_time = 1.05 secs, Wall_time = 1.05 secs
Mon Aug 24 16:08:30 2026: Image # 111, module RelateObjects # 17: CPU_time = 1.07 secs, Wall_time = 1.06 secs
Mon Aug 24 16:08:31 2026: Image # 111, module MeasureObjectIntensity # 18: CPU_time = 16.44 secs, Wall_time = 16.43 secs
Mon Aug 24 16:08:48 2026: Image # 111, module RelateObjects # 19: CPU_time = 0.22 secs, Wall_time = 0.23 secs
Mon Aug 24 16:08:48 2026: Image # 111, module ExportToSpreadsheet # 20: CPU_time = 0.00 secs, Wall_time = 0.00 secs
Mon Aug 24 16:08:48 2026: Image # 112, module Images # 1: CPU_time = 0.00 secs, Wall_time = 0.00 secs
Mon Aug 24 16:08:48 2026: Image # 112, module Metadata # 2: CPU_time = 0.00 secs, Wall_time = 0.00 secs
Mon Aug 24 16:08:48 2026: Image # 112, module NamesAndTypes # 3: CPU_time = 4.96 secs, Wall_time = 6.78 secs
Mon Aug 24 16:08:55 2026: Image # 112, module Groups # 4: CPU_time = 0.00 secs, Wall_time = 0.00 secs
Mon Aug 24 16:08:55 2026: Image # 112, module FilterObjects # 5: CPU_time = 1.58 secs, Wall_time = 1.58 secs
Mon Aug 24 16:08:56 2026: Image # 112, module FilterObjects # 6: CPU_time = 1.42 secs, Wall_time = 1.42 secs
Mon Aug 24 16:08:58 2026: Image # 112, module MaskImage # 7: CPU_time = 0.22 secs, Wall_time = 0.11 secs
Mon Aug 24 16:08:58 2026: Image # 112, module MaskImage # 8: CPU_time = 0.24 secs, Wall_time = 0.11 secs
Mon Aug 24 16:08:58 2026: Image # 112, module MaskObjects # 9: CPU_time = 0.55 secs, Wall_time = 0.56 secs
Mon Aug 24 16:08:59 2026: Image # 112, module ExpandOrShrinkObjects # 10: CPU_time = 0.89 secs, Wall_time = 0.90 secs
Mon Aug 24 16:09:00 2026: Image # 112, module ExpandOrShrinkObjects # 11: CPU_time = 0.94 secs, Wall_time = 0.93 secs
Mon Aug 24 16:09:00 2026: Image # 112, module MaskObjects # 12: CPU_time = 0.61 secs, Wall_time = 0.61 secs
Mon Aug 24 16:09:01 2026: Image # 112, module EnhanceOrSuppressFeatures # 13: CPU_time = 1.10 secs, Wall_time = 1.09 secs
Mon Aug 24 16:09:02 2026: Image # 112, module IdentifyPrimaryObjects # 14: CPU_time = 4.17 secs, Wall_time = 4.17 secs
Mon Aug 24 16:09:06 2026: Image # 112, module MaskObjects # 15: CPU_time = 0.59 secs, Wall_time = 0.58 secs
Mon Aug 24 16:09:07 2026: Image # 112, module RelateObjects # 16: CPU_time = 1.39 secs, Wall_time = 1.38 secs
Mon Aug 24 16:09:08 2026: Image # 112, module RelateObjects # 17: CPU_time = 1.37 secs, Wall_time = 1.38 secs
Mon Aug 24 16:09:10 2026: Image # 112, module MeasureObjectIntensity # 18: CPU_time = 18.16 secs, Wall_time = 18.13 secs
Mon Aug 24 16:09:28 2026: Image # 112, module RelateObjects # 19: CPU_time = 0.32 secs, Wall_time = 0.32 secs
Mon Aug 24 16:09:28 2026: Image # 112, module ExportToSpreadsheet # 20: CPU_time = 0.00 secs, Wall_time = 0.00 secs
Mon Aug 24 16:09:28 2026: Image # 113, module Images # 1: CPU_time = 0.00 secs, Wall_time = 0.00 secs
Mon Aug 24 16:09:28 2026: Image # 113, module Metadata # 2: CPU_time = 0.00 secs, Wall_time = 0.00 secs
Mon Aug 24 16:09:28 2026: Image # 113, module NamesAndTypes # 3: CPU_time = 4.83 secs, Wall_time = 5.23 secs
Mon Aug 24 16:09:33 2026: Image # 113, module Groups # 4: CPU_time = 0.00 secs, Wall_time = 0.00 secs
Mon Aug 24 16:09:33 2026: Image # 113, module FilterObjects # 5: CPU_time = 1.56 secs, Wall_time = 1.55 secs
Mon Aug 24 16:09:35 2026: Image # 113, module FilterObjects # 6: CPU_time = 1.45 secs, Wall_time = 1.45 secs
Mon Aug 24 16:09:36 2026: Image # 113, module MaskImage # 7: CPU_time = 0.27 secs, Wall_time = 0.13 secs
Mon Aug 24 16:09:37 2026: Image # 113, module MaskImage # 8: CPU_time = 0.25 secs, Wall_time = 0.11 secs
Mon Aug 24 16:09:37 2026: Image # 113, module MaskObjects # 9: CPU_time = 0.56 secs, Wall_time = 0.54 secs
Mon Aug 24 16:09:37 2026: Image # 113, module ExpandOrShrinkObjects # 10: CPU_time = 0.98 secs, Wall_time = 0.98 secs
Mon Aug 24 16:09:38 2026: Image # 113, module ExpandOrShrinkObjects # 11: CPU_time = 1.01 secs, Wall_time = 1.01 secs
Mon Aug 24 16:09:39 2026: Image # 113, module MaskObjects # 12: CPU_time = 0.58 secs, Wall_time = 0.58 secs
Mon Aug 24 16:09:40 2026: Image # 113, module EnhanceOrSuppressFeatures # 13: CPU_time = 1.11 secs, Wall_time = 1.11 secs
Mon Aug 24 16:09:41 2026: Image # 113, module IdentifyPrimaryObjects # 14: CPU_time = 4.04 secs, Wall_time = 4.04 secs
Mon Aug 24 16:09:45 2026: Image # 113, module MaskObjects # 15: CPU_time = 0.54 secs, Wall_time = 0.54 secs
Mon Aug 24 16:09:45 2026: Image # 113, module RelateObjects # 16: CPU_time = 1.31 secs, Wall_time = 1.31 secs
Mon Aug 24 16:09:47 2026: Image # 113, module RelateObjects # 17: CPU_time = 1.30 secs, Wall_time = 1.29 secs
Mon Aug 24 16:09:48 2026: Image # 113, module MeasureObjectIntensity # 18: CPU_time = 18.17 secs, Wall_time = 18.15 secs
Mon Aug 24 16:10:06 2026: Image # 113, module RelateObjects # 19: CPU_time = 0.31 secs, Wall_time = 0.30 secs
Mon Aug 24 16:10:07 2026: Image # 113, module ExportToSpreadsheet # 20: CPU_time = 0.00 secs, Wall_time = 0.00 secs
Mon Aug 24 16:10:07 2026: Image # 114, module Images # 1: CPU_time = 0.00 secs, Wall_time = 0.00 secs
Mon Aug 24 16:10:07 2026: Image # 114, module Metadata # 2: CPU_time = 0.00 secs, Wall_time = 0.00 secs
Mon Aug 24 16:10:07 2026: Image # 114, module NamesAndTypes # 3: CPU_time = 4.96 secs, Wall_time = 5.95 secs
Mon Aug 24 16:10:13 2026: Image # 114, module Groups # 4: CPU_time = 0.00 secs, Wall_time = 0.00 secs
Mon Aug 24 16:10:13 2026: Image # 114, module FilterObjects # 5: CPU_time = 1.67 secs, Wall_time = 1.67 secs
Mon Aug 24 16:10:14 2026: Image # 114, module FilterObjects # 6: CPU_time = 1.51 secs, Wall_time = 1.52 secs
Mon Aug 24 16:10:16 2026: Image # 114, module MaskImage # 7: CPU_time = 0.12 secs, Wall_time = 0.10 secs
Mon Aug 24 16:10:16 2026: Image # 114, module MaskImage # 8: CPU_time = 0.23 secs, Wall_time = 0.11 secs
Mon Aug 24 16:10:16 2026: Image # 114, module MaskObjects # 9: CPU_time = 0.51 secs, Wall_time = 0.52 secs
Mon Aug 24 16:10:16 2026: Image # 114, module ExpandOrShrinkObjects # 10: CPU_time = 0.88 secs, Wall_time = 0.88 secs
Mon Aug 24 16:10:17 2026: Image # 114, module ExpandOrShrinkObjects # 11: CPU_time = 0.91 secs, Wall_time = 0.91 secs
Mon Aug 24 16:10:18 2026: Image # 114, module MaskObjects # 12: CPU_time = 0.56 secs, Wall_time = 0.56 secs
Mon Aug 24 16:10:19 2026: Image # 114, module EnhanceOrSuppressFeatures # 13: CPU_time = 1.09 secs, Wall_time = 1.10 secs
Mon Aug 24 16:10:20 2026: Image # 114, module IdentifyPrimaryObjects # 14: CPU_time = 4.17 secs, Wall_time = 4.17 secs
Mon Aug 24 16:10:24 2026: Image # 114, module MaskObjects # 15: CPU_time = 0.53 secs, Wall_time = 0.54 secs
Mon Aug 24 16:10:25 2026: Image # 114, module RelateObjects # 16: CPU_time = 1.48 secs, Wall_time = 1.48 secs
Mon Aug 24 16:10:26 2026: Image # 114, module RelateObjects # 17: CPU_time = 1.50 secs, Wall_time = 1.50 secs
Mon Aug 24 16:10:28 2026: Image # 114, module MeasureObjectIntensity # 18: CPU_time = 18.96 secs, Wall_time = 18.93 secs
Mon Aug 24 16:10:47 2026: Image # 114, module RelateObjects # 19: CPU_time = 0.39 secs, Wall_time = 0.39 secs
Mon Aug 24 16:10:47 2026: Image # 114, module ExportToSpreadsheet # 20: CPU_time = 0.00 secs, Wall_time = 0.00 secs
Mon Aug 24 16:10:47 2026: Image # 115, module Images # 1: CPU_time = 0.00 secs, Wall_time = 0.00 secs
Mon Aug 24 16:10:47 2026: Image # 115, module Metadata # 2: CPU_time = 0.00 secs, Wall_time = 0.00 secs
Mon Aug 24 16:10:47 2026: Image # 115, module NamesAndTypes # 3: CPU_time = 4.56 secs, Wall_time = 6.14 secs
Mon Aug 24 16:10:53 2026: Image # 115, module Groups # 4: CPU_time = 0.00 secs, Wall_time = 0.00 secs
Mon Aug 24 16:10:53 2026: Image # 115, module FilterObjects # 5: CPU_time = 1.44 secs, Wall_time = 1.44 secs
Mon Aug 24 16:10:55 2026: Image # 115, module FilterObjects # 6: CPU_time = 1.35 secs, Wall_time = 1.35 secs
Mon Aug 24 16:10:56 2026: Image # 115, module MaskImage # 7: CPU_time = 0.29 secs, Wall_time = 0.14 secs
Mon Aug 24 16:10:56 2026: Image # 115, module MaskImage # 8: CPU_time = 0.21 secs, Wall_time = 0.10 secs
Mon Aug 24 16:10:56 2026: Image # 115, module MaskObjects # 9: CPU_time = 0.54 secs, Wall_time = 0.53 secs
Mon Aug 24 16:10:57 2026: Image # 115, module ExpandOrShrinkObjects # 10: CPU_time = 0.89 secs, Wall_time = 0.89 secs
Mon Aug 24 16:10:58 2026: Image # 115, module ExpandOrShrinkObjects # 11: CPU_time = 0.89 secs, Wall_time = 0.89 secs
Mon Aug 24 16:10:59 2026: Image # 115, module MaskObjects # 12: CPU_time = 0.60 secs, Wall_time = 0.59 secs
Mon Aug 24 16:10:59 2026: Image # 115, module EnhanceOrSuppressFeatures # 13: CPU_time = 1.11 secs, Wall_time = 1.10 secs
Mon Aug 24 16:11:00 2026: Image # 115, module IdentifyPrimaryObjects # 14: CPU_time = 3.73 secs, Wall_time = 3.73 secs
Mon Aug 24 16:11:04 2026: Image # 115, module MaskObjects # 15: CPU_time = 0.53 secs, Wall_time = 0.52 secs
Mon Aug 24 16:11:04 2026: Image # 115, module RelateObjects # 16: CPU_time = 1.24 secs, Wall_time = 1.25 secs
Mon Aug 24 16:11:06 2026: Image # 115, module RelateObjects # 17: CPU_time = 1.24 secs, Wall_time = 1.25 secs
Mon Aug 24 16:11:07 2026: Image # 115, module MeasureObjectIntensity # 18: CPU_time = 17.23 secs, Wall_time = 17.21 secs
Mon Aug 24 16:11:24 2026: Image # 115, module RelateObjects # 19: CPU_time = 0.28 secs, Wall_time = 0.28 secs
Mon Aug 24 16:11:24 2026: Image # 115, module ExportToSpreadsheet # 20: CPU_time = 0.00 secs, Wall_time = 0.00 secs
Mon Aug 24 16:11:24 2026: Image # 116, module Images # 1: CPU_time = 0.00 secs, Wall_time = 0.00 secs
Mon Aug 24 16:11:24 2026: Image # 116, module Metadata # 2: CPU_time = 0.00 secs, Wall_time = 0.00 secs
Mon Aug 24 16:11:24 2026: Image # 116, module NamesAndTypes # 3: CPU_time = 3.97 secs, Wall_time = 5.68 secs
Mon Aug 24 16:11:30 2026: Image # 116, module Groups # 4: CPU_time = 0.00 secs, Wall_time = 0.00 secs
Mon Aug 24 16:11:30 2026: Image # 116, module FilterObjects # 5: CPU_time = 1.58 secs, Wall_time = 1.59 secs
Mon Aug 24 16:11:32 2026: Image # 116, module FilterObjects # 6: CPU_time = 1.45 secs, Wall_time = 1.44 secs
Mon Aug 24 16:11:33 2026: Image # 116, module MaskImage # 7: CPU_time = 0.10 secs, Wall_time = 0.11 secs
Mon Aug 24 16:11:33 2026: Image # 116, module MaskImage # 8: CPU_time = 0.22 secs, Wall_time = 0.11 secs
Mon Aug 24 16:11:33 2026: Image # 116, module MaskObjects # 9: CPU_time = 0.58 secs, Wall_time = 0.58 secs
Mon Aug 24 16:11:34 2026: Image # 116, module ExpandOrShrinkObjects # 10: CPU_time = 0.91 secs, Wall_time = 0.92 secs
Mon Aug 24 16:11:35 2026: Image # 116, module ExpandOrShrinkObjects # 11: CPU_time = 0.93 secs, Wall_time = 0.93 secs
Mon Aug 24 16:11:36 2026: Image # 116, module MaskObjects # 12: CPU_time = 0.60 secs, Wall_time = 0.59 secs
Mon Aug 24 16:11:36 2026: Image # 116, module EnhanceOrSuppressFeatures # 13: CPU_time = 1.09 secs, Wall_time = 1.09 secs
Mon Aug 24 16:11:38 2026: Image # 116, module IdentifyPrimaryObjects # 14: CPU_time = 4.18 secs, Wall_time = 4.17 secs
Mon Aug 24 16:11:42 2026: Image # 116, module MaskObjects # 15: CPU_time = 0.57 secs, Wall_time = 0.57 secs
Mon Aug 24 16:11:42 2026: Image # 116, module RelateObjects # 16: CPU_time = 1.36 secs, Wall_time = 1.36 secs
Mon Aug 24 16:11:44 2026: Image # 116, module RelateObjects # 17: CPU_time = 1.34 secs, Wall_time = 1.34 secs
Mon Aug 24 16:11:45 2026: Image # 116, module MeasureObjectIntensity # 18: CPU_time = 19.18 secs, Wall_time = 19.17 secs
Mon Aug 24 16:12:04 2026: Image # 116, module RelateObjects # 19: CPU_time = 0.33 secs, Wall_time = 0.33 secs
Mon Aug 24 16:12:05 2026: Image # 116, module ExportToSpreadsheet # 20: CPU_time = 0.00 secs, Wall_time = 0.00 secs
Mon Aug 24 16:12:05 2026: Image # 117, module Images # 1: CPU_time = 0.00 secs, Wall_time = 0.00 secs
Mon Aug 24 16:12:05 2026: Image # 117, module Metadata # 2: CPU_time = 0.00 secs, Wall_time = 0.00 secs
Mon Aug 24 16:12:05 2026: Image # 117, module NamesAndTypes # 3: CPU_time = 4.38 secs, Wall_time = 6.04 secs
Mon Aug 24 16:12:11 2026: Image # 117, module Groups # 4: CPU_time = 0.00 secs, Wall_time = 0.00 secs
Mon Aug 24 16:12:11 2026: Image # 117, module FilterObjects # 5: CPU_time = 1.39 secs, Wall_time = 1.40 secs
Mon Aug 24 16:12:12 2026: Image # 117, module FilterObjects # 6: CPU_time = 1.31 secs, Wall_time = 1.32 secs
Mon Aug 24 16:12:13 2026: Image # 117, module MaskImage # 7: CPU_time = 0.25 secs, Wall_time = 0.11 secs
Mon Aug 24 16:12:13 2026: Image # 117, module MaskImage # 8: CPU_time = 0.26 secs, Wall_time = 0.12 secs
Mon Aug 24 16:12:14 2026: Image # 117, module MaskObjects # 9: CPU_time = 0.54 secs, Wall_time = 0.53 secs
Mon Aug 24 16:12:14 2026: Image # 117, module ExpandOrShrinkObjects # 10: CPU_time = 0.89 secs, Wall_time = 0.88 secs
Mon Aug 24 16:12:15 2026: Image # 117, module ExpandOrShrinkObjects # 11: CPU_time = 0.94 secs, Wall_time = 0.94 secs
Mon Aug 24 16:12:16 2026: Image # 117, module MaskObjects # 12: CPU_time = 0.60 secs, Wall_time = 0.60 secs
Mon Aug 24 16:12:17 2026: Image # 117, module EnhanceOrSuppressFeatures # 13: CPU_time = 1.11 secs, Wall_time = 1.11 secs
Mon Aug 24 16:12:18 2026: Image # 117, module IdentifyPrimaryObjects # 14: CPU_time = 4.08 secs, Wall_time = 4.07 secs
Mon Aug 24 16:12:22 2026: Image # 117, module MaskObjects # 15: CPU_time = 0.55 secs, Wall_time = 0.55 secs
Mon Aug 24 16:12:22 2026: Image # 117, module RelateObjects # 16: CPU_time = 1.13 secs, Wall_time = 1.12 secs
Mon Aug 24 16:12:23 2026: Image # 117, module RelateObjects # 17: CPU_time = 1.10 secs, Wall_time = 1.10 secs
Mon Aug 24 16:12:24 2026: Image # 117, module MeasureObjectIntensity # 18: CPU_time = 16.99 secs, Wall_time = 16.98 secs
Mon Aug 24 16:12:41 2026: Image # 117, module RelateObjects # 19: CPU_time = 0.25 secs, Wall_time = 0.27 secs
Mon Aug 24 16:12:42 2026: Image # 117, module ExportToSpreadsheet # 20: CPU_time = 0.00 secs, Wall_time = 0.00 secs
Mon Aug 24 16:12:42 2026: Image # 118, module Images # 1: CPU_time = 0.00 secs, Wall_time = 0.00 secs
Mon Aug 24 16:12:42 2026: Image # 118, module Metadata # 2: CPU_time = 0.00 secs, Wall_time = 0.00 secs
Mon Aug 24 16:12:42 2026: Image # 118, module NamesAndTypes # 3: CPU_time = 4.70 secs, Wall_time = 6.35 secs
Mon Aug 24 16:12:48 2026: Image # 118, module Groups # 4: CPU_time = 0.00 secs, Wall_time = 0.00 secs
Mon Aug 24 16:12:48 2026: Image # 118, module FilterObjects # 5: CPU_time = 1.53 secs, Wall_time = 1.54 secs
Mon Aug 24 16:12:50 2026: Image # 118, module FilterObjects # 6: CPU_time = 1.43 secs, Wall_time = 1.43 secs
Mon Aug 24 16:12:51 2026: Image # 118, module MaskImage # 7: CPU_time = 0.22 secs, Wall_time = 0.10 secs
Mon Aug 24 16:12:51 2026: Image # 118, module MaskImage # 8: CPU_time = 0.25 secs, Wall_time = 0.12 secs
Mon Aug 24 16:12:51 2026: Image # 118, module MaskObjects # 9: CPU_time = 0.58 secs, Wall_time = 0.58 secs
Mon Aug 24 16:12:52 2026: Image # 118, module ExpandOrShrinkObjects # 10: CPU_time = 0.91 secs, Wall_time = 0.90 secs
Mon Aug 24 16:12:53 2026: Image # 118, module ExpandOrShrinkObjects # 11: CPU_time = 0.92 secs, Wall_time = 0.93 secs
Mon Aug 24 16:12:54 2026: Image # 118, module MaskObjects # 12: CPU_time = 0.62 secs, Wall_time = 0.62 secs
Mon Aug 24 16:12:54 2026: Image # 118, module EnhanceOrSuppressFeatures # 13: CPU_time = 1.10 secs, Wall_time = 1.10 secs
Mon Aug 24 16:12:55 2026: Image # 118, module IdentifyPrimaryObjects # 14: CPU_time = 4.29 secs, Wall_time = 4.29 secs
Mon Aug 24 16:13:00 2026: Image # 118, module MaskObjects # 15: CPU_time = 0.57 secs, Wall_time = 0.57 secs
Mon Aug 24 16:13:00 2026: Image # 118, module RelateObjects # 16: CPU_time = 1.24 secs, Wall_time = 1.25 secs
Mon Aug 24 16:13:02 2026: Image # 118, module RelateObjects # 17: CPU_time = 1.22 secs, Wall_time = 1.22 secs
Mon Aug 24 16:13:03 2026: Image # 118, module MeasureObjectIntensity # 18: CPU_time = 17.75 secs, Wall_time = 17.73 secs
Mon Aug 24 16:13:21 2026: Image # 118, module RelateObjects # 19: CPU_time = 0.28 secs, Wall_time = 0.29 secs
Mon Aug 24 16:13:21 2026: Image # 118, module ExportToSpreadsheet # 20: CPU_time = 0.01 secs, Wall_time = 0.00 secs
Mon Aug 24 16:13:21 2026: Image # 119, module Images # 1: CPU_time = 0.00 secs, Wall_time = 0.00 secs
Mon Aug 24 16:13:21 2026: Image # 119, module Metadata # 2: CPU_time = 0.00 secs, Wall_time = 0.00 secs
Mon Aug 24 16:13:21 2026: Image # 119, module NamesAndTypes # 3: CPU_time = 4.76 secs, Wall_time = 4.87 secs
Mon Aug 24 16:13:26 2026: Image # 119, module Groups # 4: CPU_time = 0.00 secs, Wall_time = 0.00 secs
Mon Aug 24 16:13:26 2026: Image # 119, module FilterObjects # 5: CPU_time = 1.63 secs, Wall_time = 1.62 secs
Mon Aug 24 16:13:27 2026: Image # 119, module FilterObjects # 6: CPU_time = 1.49 secs, Wall_time = 1.49 secs
Mon Aug 24 16:13:29 2026: Image # 119, module MaskImage # 7: CPU_time = 0.24 secs, Wall_time = 0.11 secs
Mon Aug 24 16:13:29 2026: Image # 119, module MaskImage # 8: CPU_time = 0.24 secs, Wall_time = 0.11 secs
Mon Aug 24 16:13:29 2026: Image # 119, module MaskObjects # 9: CPU_time = 0.57 secs, Wall_time = 0.57 secs
Mon Aug 24 16:13:30 2026: Image # 119, module ExpandOrShrinkObjects # 10: CPU_time = 1.06 secs, Wall_time = 1.05 secs
Mon Aug 24 16:13:31 2026: Image # 119, module ExpandOrShrinkObjects # 11: CPU_time = 1.05 secs, Wall_time = 1.05 secs
Mon Aug 24 16:13:32 2026: Image # 119, module MaskObjects # 12: CPU_time = 0.63 secs, Wall_time = 0.63 secs
Mon Aug 24 16:13:32 2026: Image # 119, module EnhanceOrSuppressFeatures # 13: CPU_time = 1.11 secs, Wall_time = 1.11 secs
Mon Aug 24 16:13:33 2026: Image # 119, module IdentifyPrimaryObjects # 14: CPU_time = 4.25 secs, Wall_time = 4.25 secs
Mon Aug 24 16:13:38 2026: Image # 119, module MaskObjects # 15: CPU_time = 0.59 secs, Wall_time = 0.59 secs
Mon Aug 24 16:13:38 2026: Image # 119, module RelateObjects # 16: CPU_time = 1.44 secs, Wall_time = 1.44 secs
Mon Aug 24 16:13:40 2026: Image # 119, module RelateObjects # 17: CPU_time = 1.46 secs, Wall_time = 1.46 secs
Mon Aug 24 16:13:41 2026: Image # 119, module MeasureObjectIntensity # 18: CPU_time = 19.38 secs, Wall_time = 19.37 secs
Mon Aug 24 16:14:01 2026: Image # 119, module RelateObjects # 19: CPU_time = 0.35 secs, Wall_time = 0.35 secs
Mon Aug 24 16:14:01 2026: Image # 119, module ExportToSpreadsheet # 20: CPU_time = 0.00 secs, Wall_time = 0.00 secs
Mon Aug 24 16:14:01 2026: Image # 120, module Images # 1: CPU_time = 0.00 secs, Wall_time = 0.00 secs
Mon Aug 24 16:14:01 2026: Image # 120, module Metadata # 2: CPU_time = 0.00 secs, Wall_time = 0.00 secs
Mon Aug 24 16:14:01 2026: Image # 120, module NamesAndTypes # 3: CPU_time = 4.59 secs, Wall_time = 6.30 secs
Mon Aug 24 16:14:07 2026: Image # 120, module Groups # 4: CPU_time = 0.00 secs, Wall_time = 0.00 secs
Mon Aug 24 16:14:07 2026: Image # 120, module FilterObjects # 5: CPU_time = 1.40 secs, Wall_time = 1.39 secs
Mon Aug 24 16:14:09 2026: Image # 120, module FilterObjects # 6: CPU_time = 1.33 secs, Wall_time = 1.33 secs
Mon Aug 24 16:14:10 2026: Image # 120, module MaskImage # 7: CPU_time = 0.25 secs, Wall_time = 0.13 secs
Mon Aug 24 16:14:10 2026: Image # 120, module MaskImage # 8: CPU_time = 0.23 secs, Wall_time = 0.12 secs
Mon Aug 24 16:14:10 2026: Image # 120, module MaskObjects # 9: CPU_time = 0.54 secs, Wall_time = 0.54 secs
Mon Aug 24 16:14:11 2026: Image # 120, module ExpandOrShrinkObjects # 10: CPU_time = 1.02 secs, Wall_time = 1.02 secs
Mon Aug 24 16:14:12 2026: Image # 120, module ExpandOrShrinkObjects # 11: CPU_time = 1.00 secs, Wall_time = 1.00 secs
Mon Aug 24 16:14:13 2026: Image # 120, module MaskObjects # 12: CPU_time = 0.60 secs, Wall_time = 0.61 secs
Mon Aug 24 16:14:13 2026: Image # 120, module EnhanceOrSuppressFeatures # 13: CPU_time = 1.09 secs, Wall_time = 1.09 secs
Mon Aug 24 16:14:15 2026: Image # 120, module IdentifyPrimaryObjects # 14: CPU_time = 3.75 secs, Wall_time = 3.75 secs
Mon Aug 24 16:14:18 2026: Image # 120, module MaskObjects # 15: CPU_time = 0.54 secs, Wall_time = 0.54 secs
Mon Aug 24 16:14:19 2026: Image # 120, module RelateObjects # 16: CPU_time = 1.08 secs, Wall_time = 1.08 secs
Mon Aug 24 16:14:20 2026: Image # 120, module RelateObjects # 17: CPU_time = 1.08 secs, Wall_time = 1.08 secs
Mon Aug 24 16:14:21 2026: Image # 120, module MeasureObjectIntensity # 18: CPU_time = 16.55 secs, Wall_time = 16.53 secs
Mon Aug 24 16:14:38 2026: Image # 120, module RelateObjects # 19: CPU_time = 0.23 secs, Wall_time = 0.24 secs
Mon Aug 24 16:14:38 2026: Image # 120, module ExportToSpreadsheet # 20: CPU_time = 0.00 secs, Wall_time = 0.00 secs
Mon Aug 24 16:14:38 2026: Image # 121, module Images # 1: CPU_time = 0.00 secs, Wall_time = 0.00 secs
Mon Aug 24 16:14:38 2026: Image # 121, module Metadata # 2: CPU_time = 0.00 secs, Wall_time = 0.00 secs
Mon Aug 24 16:14:38 2026: Image # 121, module NamesAndTypes # 3: CPU_time = 4.78 secs, Wall_time = 6.07 secs
Mon Aug 24 16:14:44 2026: Image # 121, module Groups # 4: CPU_time = 0.00 secs, Wall_time = 0.00 secs
Mon Aug 24 16:14:44 2026: Image # 121, module FilterObjects # 5: CPU_time = 1.49 secs, Wall_time = 1.48 secs
Mon Aug 24 16:14:45 2026: Image # 121, module FilterObjects # 6: CPU_time = 1.36 secs, Wall_time = 1.36 secs
Mon Aug 24 16:14:47 2026: Image # 121, module MaskImage # 7: CPU_time = 0.28 secs, Wall_time = 0.14 secs
Mon Aug 24 16:14:47 2026: Image # 121, module MaskImage # 8: CPU_time = 0.33 secs, Wall_time = 0.16 secs
Mon Aug 24 16:14:47 2026: Image # 121, module MaskObjects # 9: CPU_time = 0.55 secs, Wall_time = 0.53 secs
Mon Aug 24 16:14:48 2026: Image # 121, module ExpandOrShrinkObjects # 10: CPU_time = 0.89 secs, Wall_time = 0.89 secs
Mon Aug 24 16:14:48 2026: Image # 121, module ExpandOrShrinkObjects # 11: CPU_time = 0.95 secs, Wall_time = 0.94 secs
Mon Aug 24 16:14:49 2026: Image # 121, module MaskObjects # 12: CPU_time = 0.62 secs, Wall_time = 0.62 secs
Mon Aug 24 16:14:50 2026: Image # 121, module EnhanceOrSuppressFeatures # 13: CPU_time = 1.10 secs, Wall_time = 1.11 secs
Mon Aug 24 16:14:51 2026: Image # 121, module IdentifyPrimaryObjects # 14: CPU_time = 3.92 secs, Wall_time = 3.92 secs
Mon Aug 24 16:14:55 2026: Image # 121, module MaskObjects # 15: CPU_time = 0.57 secs, Wall_time = 0.58 secs
Mon Aug 24 16:14:56 2026: Image # 121, module RelateObjects # 16: CPU_time = 1.25 secs, Wall_time = 1.25 secs
Mon Aug 24 16:14:57 2026: Image # 121, module RelateObjects # 17: CPU_time = 1.25 secs, Wall_time = 1.25 secs
Mon Aug 24 16:14:58 2026: Image # 121, module MeasureObjectIntensity # 18: CPU_time = 17.81 secs, Wall_time = 17.80 secs
Mon Aug 24 16:15:16 2026: Image # 121, module RelateObjects # 19: CPU_time = 0.26 secs, Wall_time = 0.27 secs
Mon Aug 24 16:15:16 2026: Image # 121, module ExportToSpreadsheet # 20: CPU_time = 0.00 secs, Wall_time = 0.00 secs
Mon Aug 24 16:15:16 2026: Image # 122, module Images # 1: CPU_time = 0.00 secs, Wall_time = 0.00 secs
Mon Aug 24 16:15:16 2026: Image # 122, module Metadata # 2: CPU_time = 0.00 secs, Wall_time = 0.00 secs
Mon Aug 24 16:15:16 2026: Image # 122, module NamesAndTypes # 3: CPU_time = 4.87 secs, Wall_time = 5.23 secs
Mon Aug 24 16:15:21 2026: Image # 122, module Groups # 4: CPU_time = 0.00 secs, Wall_time = 0.00 secs
Mon Aug 24 16:15:21 2026: Image # 122, module FilterObjects # 5: CPU_time = 1.57 secs, Wall_time = 1.57 secs
Mon Aug 24 16:15:23 2026: Image # 122, module FilterObjects # 6: CPU_time = 1.38 secs, Wall_time = 1.38 secs
Mon Aug 24 16:15:24 2026: Image # 122, module MaskImage # 7: CPU_time = 0.22 secs, Wall_time = 0.11 secs
Mon Aug 24 16:15:25 2026: Image # 122, module MaskImage # 8: CPU_time = 0.26 secs, Wall_time = 0.12 secs
Mon Aug 24 16:15:25 2026: Image # 122, module MaskObjects # 9: CPU_time = 0.58 secs, Wall_time = 0.57 secs
Mon Aug 24 16:15:25 2026: Image # 122, module ExpandOrShrinkObjects # 10: CPU_time = 1.02 secs, Wall_time = 1.02 secs
Mon Aug 24 16:15:26 2026: Image # 122, module ExpandOrShrinkObjects # 11: CPU_time = 1.04 secs, Wall_time = 1.03 secs
Mon Aug 24 16:15:27 2026: Image # 122, module MaskObjects # 12: CPU_time = 0.61 secs, Wall_time = 0.61 secs
Mon Aug 24 16:15:28 2026: Image # 122, module EnhanceOrSuppressFeatures # 13: CPU_time = 1.11 secs, Wall_time = 1.11 secs
Mon Aug 24 16:15:29 2026: Image # 122, module IdentifyPrimaryObjects # 14: CPU_time = 4.04 secs, Wall_time = 4.04 secs
Mon Aug 24 16:15:33 2026: Image # 122, module MaskObjects # 15: CPU_time = 0.56 secs, Wall_time = 0.57 secs
Mon Aug 24 16:15:34 2026: Image # 122, module RelateObjects # 16: CPU_time = 1.24 secs, Wall_time = 1.24 secs
Mon Aug 24 16:15:35 2026: Image # 122, module RelateObjects # 17: CPU_time = 1.24 secs, Wall_time = 1.24 secs
Mon Aug 24 16:15:36 2026: Image # 122, module MeasureObjectIntensity # 18: CPU_time = 18.19 secs, Wall_time = 18.18 secs
Mon Aug 24 16:15:54 2026: Image # 122, module RelateObjects # 19: CPU_time = 0.27 secs, Wall_time = 0.27 secs
Mon Aug 24 16:15:55 2026: Image # 122, module ExportToSpreadsheet # 20: CPU_time = 0.00 secs, Wall_time = 0.00 secs
Mon Aug 24 16:15:55 2026: Image # 123, module Images # 1: CPU_time = 0.00 secs, Wall_time = 0.00 secs
Mon Aug 24 16:15:55 2026: Image # 123, module Metadata # 2: CPU_time = 0.00 secs, Wall_time = 0.00 secs
Mon Aug 24 16:15:55 2026: Image # 123, module NamesAndTypes # 3: CPU_time = 5.00 secs, Wall_time = 5.67 secs
Mon Aug 24 16:16:00 2026: Image # 123, module Groups # 4: CPU_time = 0.00 secs, Wall_time = 0.00 secs
Mon Aug 24 16:16:00 2026: Image # 123, module FilterObjects # 5: CPU_time = 1.60 secs, Wall_time = 1.60 secs
Mon Aug 24 16:16:02 2026: Image # 123, module FilterObjects # 6: CPU_time = 1.48 secs, Wall_time = 1.48 secs
Mon Aug 24 16:16:03 2026: Image # 123, module MaskImage # 7: CPU_time = 0.25 secs, Wall_time = 0.12 secs
Mon Aug 24 16:16:03 2026: Image # 123, module MaskImage # 8: CPU_time = 0.24 secs, Wall_time = 0.13 secs
Mon Aug 24 16:16:04 2026: Image # 123, module MaskObjects # 9: CPU_time = 0.54 secs, Wall_time = 0.55 secs
Mon Aug 24 16:16:04 2026: Image # 123, module ExpandOrShrinkObjects # 10: CPU_time = 1.09 secs, Wall_time = 1.08 secs
Mon Aug 24 16:16:05 2026: Image # 123, module ExpandOrShrinkObjects # 11: CPU_time = 1.10 secs, Wall_time = 1.10 secs
Mon Aug 24 16:16:06 2026: Image # 123, module MaskObjects # 12: CPU_time = 0.61 secs, Wall_time = 0.60 secs
Mon Aug 24 16:16:07 2026: Image # 123, module EnhanceOrSuppressFeatures # 13: CPU_time = 1.10 secs, Wall_time = 1.10 secs
Mon Aug 24 16:16:08 2026: Image # 123, module IdentifyPrimaryObjects # 14: CPU_time = 4.16 secs, Wall_time = 4.16 secs
Mon Aug 24 16:16:12 2026: Image # 123, module MaskObjects # 15: CPU_time = 0.57 secs, Wall_time = 0.58 secs
Mon Aug 24 16:16:13 2026: Image # 123, module RelateObjects # 16: CPU_time = 1.43 secs, Wall_time = 1.42 secs
Mon Aug 24 16:16:14 2026: Image # 123, module RelateObjects # 17: CPU_time = 1.36 secs, Wall_time = 1.36 secs
Mon Aug 24 16:16:16 2026: Image # 123, module MeasureObjectIntensity # 18: CPU_time = 18.91 secs, Wall_time = 18.90 secs
Mon Aug 24 16:16:34 2026: Image # 123, module RelateObjects # 19: CPU_time = 0.31 secs, Wall_time = 0.31 secs
Mon Aug 24 16:16:35 2026: Image # 123, module ExportToSpreadsheet # 20: CPU_time = 0.00 secs, Wall_time = 0.00 secs
Mon Aug 24 16:16:35 2026: Image # 124, module Images # 1: CPU_time = 0.00 secs, Wall_time = 0.00 secs
Mon Aug 24 16:16:35 2026: Image # 124, module Metadata # 2: CPU_time = 0.00 secs, Wall_time = 0.00 secs
Mon Aug 24 16:16:35 2026: Image # 124, module NamesAndTypes # 3: CPU_time = 4.81 secs, Wall_time = 5.55 secs
Mon Aug 24 16:16:40 2026: Image # 124, module Groups # 4: CPU_time = 0.00 secs, Wall_time = 0.00 secs
Mon Aug 24 16:16:40 2026: Image # 124, module FilterObjects # 5: CPU_time = 1.42 secs, Wall_time = 1.42 secs
Mon Aug 24 16:16:42 2026: Image # 124, module FilterObjects # 6: CPU_time = 1.31 secs, Wall_time = 1.30 secs
Mon Aug 24 16:16:43 2026: Image # 124, module MaskImage # 7: CPU_time = 0.29 secs, Wall_time = 0.13 secs
Mon Aug 24 16:16:43 2026: Image # 124, module MaskImage # 8: CPU_time = 0.12 secs, Wall_time = 0.11 secs
Mon Aug 24 16:16:43 2026: Image # 124, module MaskObjects # 9: CPU_time = 0.56 secs, Wall_time = 0.57 secs
Mon Aug 24 16:16:44 2026: Image # 124, module ExpandOrShrinkObjects # 10: CPU_time = 0.89 secs, Wall_time = 0.89 secs
Mon Aug 24 16:16:45 2026: Image # 124, module ExpandOrShrinkObjects # 11: CPU_time = 0.92 secs, Wall_time = 0.92 secs
Mon Aug 24 16:16:46 2026: Image # 124, module MaskObjects # 12: CPU_time = 0.61 secs, Wall_time = 0.61 secs
Mon Aug 24 16:16:46 2026: Image # 124, module EnhanceOrSuppressFeatures # 13: CPU_time = 1.10 secs, Wall_time = 1.10 secs
Mon Aug 24 16:16:47 2026: Image # 124, module IdentifyPrimaryObjects # 14: CPU_time = 3.89 secs, Wall_time = 3.89 secs
Mon Aug 24 16:16:51 2026: Image # 124, module MaskObjects # 15: CPU_time = 0.58 secs, Wall_time = 0.58 secs
Mon Aug 24 16:16:52 2026: Image # 124, module RelateObjects # 16: CPU_time = 1.12 secs, Wall_time = 1.12 secs
Mon Aug 24 16:16:53 2026: Image # 124, module RelateObjects # 17: CPU_time = 1.13 secs, Wall_time = 1.13 secs
Mon Aug 24 16:16:54 2026: Image # 124, module MeasureObjectIntensity # 18: CPU_time = 16.90 secs, Wall_time = 16.88 secs
Mon Aug 24 16:17:11 2026: Image # 124, module RelateObjects # 19: CPU_time = 0.22 secs, Wall_time = 0.23 secs
Mon Aug 24 16:17:11 2026: Image # 124, module ExportToSpreadsheet # 20: CPU_time = 0.00 secs, Wall_time = 0.00 secs
Mon Aug 24 16:17:11 2026: Image # 125, module Images # 1: CPU_time = 0.00 secs, Wall_time = 0.00 secs
Mon Aug 24 16:17:11 2026: Image # 125, module Metadata # 2: CPU_time = 0.00 secs, Wall_time = 0.00 secs
Mon Aug 24 16:17:11 2026: Image # 125, module NamesAndTypes # 3: CPU_time = 5.19 secs, Wall_time = 5.85 secs
Mon Aug 24 16:17:17 2026: Image # 125, module Groups # 4: CPU_time = 0.00 secs, Wall_time = 0.00 secs
Mon Aug 24 16:17:17 2026: Image # 125, module FilterObjects # 5: CPU_time = 1.65 secs, Wall_time = 1.64 secs
Mon Aug 24 16:17:19 2026: Image # 125, module FilterObjects # 6: CPU_time = 1.50 secs, Wall_time = 1.49 secs
Mon Aug 24 16:17:20 2026: Image # 125, module MaskImage # 7: CPU_time = 0.27 secs, Wall_time = 0.13 secs
Mon Aug 24 16:17:20 2026: Image # 125, module MaskImage # 8: CPU_time = 0.29 secs, Wall_time = 0.14 secs
Mon Aug 24 16:17:21 2026: Image # 125, module MaskObjects # 9: CPU_time = 0.59 secs, Wall_time = 0.58 secs
Mon Aug 24 16:17:21 2026: Image # 125, module ExpandOrShrinkObjects # 10: CPU_time = 0.93 secs, Wall_time = 0.93 secs
Mon Aug 24 16:17:22 2026: Image # 125, module ExpandOrShrinkObjects # 11: CPU_time = 1.04 secs, Wall_time = 1.04 secs
Mon Aug 24 16:17:23 2026: Image # 125, module MaskObjects # 12: CPU_time = 0.63 secs, Wall_time = 0.63 secs
Mon Aug 24 16:17:24 2026: Image # 125, module EnhanceOrSuppressFeatures # 13: CPU_time = 1.10 secs, Wall_time = 1.11 secs
Mon Aug 24 16:17:25 2026: Image # 125, module IdentifyPrimaryObjects # 14: CPU_time = 3.90 secs, Wall_time = 3.89 secs
Mon Aug 24 16:17:29 2026: Image # 125, module MaskObjects # 15: CPU_time = 0.57 secs, Wall_time = 0.57 secs
Mon Aug 24 16:17:29 2026: Image # 125, module RelateObjects # 16: CPU_time = 1.30 secs, Wall_time = 1.30 secs
Mon Aug 24 16:17:31 2026: Image # 125, module RelateObjects # 17: CPU_time = 1.29 secs, Wall_time = 1.29 secs
Mon Aug 24 16:17:32 2026: Image # 125, module MeasureObjectIntensity # 18: CPU_time = 18.01 secs, Wall_time = 17.99 secs
Mon Aug 24 16:17:50 2026: Image # 125, module RelateObjects # 19: CPU_time = 0.29 secs, Wall_time = 0.29 secs
Mon Aug 24 16:17:50 2026: Image # 125, module ExportToSpreadsheet # 20: CPU_time = 0.00 secs, Wall_time = 0.00 secs
Mon Aug 24 16:17:50 2026: Image # 126, module Images # 1: CPU_time = 0.00 secs, Wall_time = 0.00 secs
Mon Aug 24 16:17:50 2026: Image # 126, module Metadata # 2: CPU_time = 0.00 secs, Wall_time = 0.00 secs
Mon Aug 24 16:17:50 2026: Image # 126, module NamesAndTypes # 3: CPU_time = 4.97 secs, Wall_time = 5.15 secs
Mon Aug 24 16:17:55 2026: Image # 126, module Groups # 4: CPU_time = 0.00 secs, Wall_time = 0.00 secs
Mon Aug 24 16:17:55 2026: Image # 126, module FilterObjects # 5: CPU_time = 1.63 secs, Wall_time = 1.63 secs
Mon Aug 24 16:17:57 2026: Image # 126, module FilterObjects # 6: CPU_time = 1.49 secs, Wall_time = 1.49 secs
Mon Aug 24 16:17:59 2026: Image # 126, module MaskImage # 7: CPU_time = 0.26 secs, Wall_time = 0.12 secs
Mon Aug 24 16:17:59 2026: Image # 126, module MaskImage # 8: CPU_time = 0.11 secs, Wall_time = 0.11 secs
Mon Aug 24 16:17:59 2026: Image # 126, module MaskObjects # 9: CPU_time = 0.55 secs, Wall_time = 0.56 secs
Mon Aug 24 16:17:59 2026: Image # 126, module ExpandOrShrinkObjects # 10: CPU_time = 1.07 secs, Wall_time = 1.06 secs
Mon Aug 24 16:18:00 2026: Image # 126, module ExpandOrShrinkObjects # 11: CPU_time = 1.11 secs, Wall_time = 1.11 secs
Mon Aug 24 16:18:02 2026: Image # 126, module MaskObjects # 12: CPU_time = 0.58 secs, Wall_time = 0.58 secs
Mon Aug 24 16:18:02 2026: Image # 126, module EnhanceOrSuppressFeatures # 13: CPU_time = 1.10 secs, Wall_time = 1.10 secs
Mon Aug 24 16:18:03 2026: Image # 126, module IdentifyPrimaryObjects # 14: CPU_time = 4.06 secs, Wall_time = 4.06 secs
Mon Aug 24 16:18:07 2026: Image # 126, module MaskObjects # 15: CPU_time = 0.57 secs, Wall_time = 0.57 secs
Mon Aug 24 16:18:08 2026: Image # 126, module RelateObjects # 16: CPU_time = 1.47 secs, Wall_time = 1.47 secs
Mon Aug 24 16:18:09 2026: Image # 126, module RelateObjects # 17: CPU_time = 1.45 secs, Wall_time = 1.45 secs
Mon Aug 24 16:18:11 2026: Image # 126, module MeasureObjectIntensity # 18: CPU_time = 19.51 secs, Wall_time = 19.49 secs
Mon Aug 24 16:18:30 2026: Image # 126, module RelateObjects # 19: CPU_time = 0.35 secs, Wall_time = 0.35 secs
Mon Aug 24 16:18:31 2026: Image # 126, module ExportToSpreadsheet # 20: CPU_time = 0.00 secs, Wall_time = 0.00 secs
Mon Aug 24 16:18:31 2026: Image # 127, module Images # 1: CPU_time = 0.01 secs, Wall_time = 0.00 secs
Mon Aug 24 16:18:31 2026: Image # 127, module Metadata # 2: CPU_time = 0.00 secs, Wall_time = 0.00 secs
Mon Aug 24 16:18:31 2026: Image # 127, module NamesAndTypes # 3: CPU_time = 4.41 secs, Wall_time = 5.53 secs
Mon Aug 24 16:18:36 2026: Image # 127, module Groups # 4: CPU_time = 0.00 secs, Wall_time = 0.00 secs
Mon Aug 24 16:18:36 2026: Image # 127, module FilterObjects # 5: CPU_time = 1.43 secs, Wall_time = 1.43 secs
Mon Aug 24 16:18:38 2026: Image # 127, module FilterObjects # 6: CPU_time = 1.33 secs, Wall_time = 1.33 secs
Mon Aug 24 16:18:39 2026: Image # 127, module MaskImage # 7: CPU_time = 0.28 secs, Wall_time = 0.12 secs
Mon Aug 24 16:18:39 2026: Image # 127, module MaskImage # 8: CPU_time = 0.12 secs, Wall_time = 0.11 secs
Mon Aug 24 16:18:39 2026: Image # 127, module MaskObjects # 9: CPU_time = 0.56 secs, Wall_time = 0.56 secs
Mon Aug 24 16:18:40 2026: Image # 127, module ExpandOrShrinkObjects # 10: CPU_time = 0.87 secs, Wall_time = 0.86 secs
Mon Aug 24 16:18:41 2026: Image # 127, module ExpandOrShrinkObjects # 11: CPU_time = 0.90 secs, Wall_time = 0.90 secs
Mon Aug 24 16:18:42 2026: Image # 127, module MaskObjects # 12: CPU_time = 0.63 secs, Wall_time = 0.62 secs
Mon Aug 24 16:18:42 2026: Image # 127, module EnhanceOrSuppressFeatures # 13: CPU_time = 1.09 secs, Wall_time = 1.09 secs
Mon Aug 24 16:18:43 2026: Image # 127, module IdentifyPrimaryObjects # 14: CPU_time = 3.55 secs, Wall_time = 3.55 secs
Mon Aug 24 16:18:47 2026: Image # 127, module MaskObjects # 15: CPU_time = 0.55 secs, Wall_time = 0.54 secs
Mon Aug 24 16:18:47 2026: Image # 127, module RelateObjects # 16: CPU_time = 1.10 secs, Wall_time = 1.10 secs
Mon Aug 24 16:18:48 2026: Image # 127, module RelateObjects # 17: CPU_time = 1.12 secs, Wall_time = 1.12 secs
Mon Aug 24 16:18:50 2026: Image # 127, module MeasureObjectIntensity # 18: CPU_time = 16.53 secs, Wall_time = 16.52 secs
Mon Aug 24 16:19:06 2026: Image # 127, module RelateObjects # 19: CPU_time = 0.25 secs, Wall_time = 0.25 secs
Mon Aug 24 16:19:06 2026: Image # 127, module ExportToSpreadsheet # 20: CPU_time = 0.00 secs, Wall_time = 0.00 secs
Mon Aug 24 16:19:06 2026: Image # 128, module Images # 1: CPU_time = 0.00 secs, Wall_time = 0.00 secs
Mon Aug 24 16:19:06 2026: Image # 128, module Metadata # 2: CPU_time = 0.00 secs, Wall_time = 0.00 secs
Mon Aug 24 16:19:06 2026: Image # 128, module NamesAndTypes # 3: CPU_time = 4.65 secs, Wall_time = 5.81 secs
Mon Aug 24 16:19:12 2026: Image # 128, module Groups # 4: CPU_time = 0.00 secs, Wall_time = 0.00 secs
Mon Aug 24 16:19:12 2026: Image # 128, module FilterObjects # 5: CPU_time = 1.63 secs, Wall_time = 1.63 secs
Mon Aug 24 16:19:14 2026: Image # 128, module FilterObjects # 6: CPU_time = 1.53 secs, Wall_time = 1.53 secs
Mon Aug 24 16:19:15 2026: Image # 128, module MaskImage # 7: CPU_time = 0.23 secs, Wall_time = 0.10 secs
Mon Aug 24 16:19:15 2026: Image # 128, module MaskImage # 8: CPU_time = 0.12 secs, Wall_time = 0.11 secs
Mon Aug 24 16:19:16 2026: Image # 128, module MaskObjects # 9: CPU_time = 0.55 secs, Wall_time = 0.55 secs
Mon Aug 24 16:19:16 2026: Image # 128, module ExpandOrShrinkObjects # 10: CPU_time = 0.97 secs, Wall_time = 0.98 secs
Mon Aug 24 16:19:17 2026: Image # 128, module ExpandOrShrinkObjects # 11: CPU_time = 1.02 secs, Wall_time = 1.02 secs
Mon Aug 24 16:19:18 2026: Image # 128, module MaskObjects # 12: CPU_time = 0.60 secs, Wall_time = 0.60 secs
Mon Aug 24 16:19:19 2026: Image # 128, module EnhanceOrSuppressFeatures # 13: CPU_time = 1.10 secs, Wall_time = 1.10 secs
Mon Aug 24 16:19:20 2026: Image # 128, module IdentifyPrimaryObjects # 14: CPU_time = 3.91 secs, Wall_time = 3.91 secs
Mon Aug 24 16:19:24 2026: Image # 128, module MaskObjects # 15: CPU_time = 0.55 secs, Wall_time = 0.54 secs
Mon Aug 24 16:19:24 2026: Image # 128, module RelateObjects # 16: CPU_time = 1.46 secs, Wall_time = 1.46 secs
Mon Aug 24 16:19:26 2026: Image # 128, module RelateObjects # 17: CPU_time = 1.46 secs, Wall_time = 1.46 secs
Mon Aug 24 16:19:27 2026: Image # 128, module MeasureObjectIntensity # 18: CPU_time = 18.85 secs, Wall_time = 18.82 secs
Mon Aug 24 16:19:46 2026: Image # 128, module RelateObjects # 19: CPU_time = 0.33 secs, Wall_time = 0.34 secs
Mon Aug 24 16:19:46 2026: Image # 128, module ExportToSpreadsheet # 20: CPU_time = 0.00 secs, Wall_time = 0.00 secs
Mon Aug 24 16:19:46 2026: Image # 129, module Images # 1: CPU_time = 0.00 secs, Wall_time = 0.00 secs
Mon Aug 24 16:19:46 2026: Image # 129, module Metadata # 2: CPU_time = 0.00 secs, Wall_time = 0.00 secs
Mon Aug 24 16:19:46 2026: Image # 129, module NamesAndTypes # 3: CPU_time = 4.65 secs, Wall_time = 6.01 secs
Mon Aug 24 16:19:52 2026: Image # 129, module Groups # 4: CPU_time = 0.00 secs, Wall_time = 0.00 secs
Mon Aug 24 16:19:52 2026: Image # 129, module FilterObjects # 5: CPU_time = 1.60 secs, Wall_time = 1.61 secs
Mon Aug 24 16:19:54 2026: Image # 129, module FilterObjects # 6: CPU_time = 1.45 secs, Wall_time = 1.44 secs
Mon Aug 24 16:19:55 2026: Image # 129, module MaskImage # 7: CPU_time = 0.30 secs, Wall_time = 0.14 secs
Mon Aug 24 16:19:56 2026: Image # 129, module MaskImage # 8: CPU_time = 0.24 secs, Wall_time = 0.11 secs
Mon Aug 24 16:19:56 2026: Image # 129, module MaskObjects # 9: CPU_time = 0.54 secs, Wall_time = 0.54 secs
Mon Aug 24 16:19:56 2026: Image # 129, module ExpandOrShrinkObjects # 10: CPU_time = 0.98 secs, Wall_time = 0.97 secs
Mon Aug 24 16:19:57 2026: Image # 129, module ExpandOrShrinkObjects # 11: CPU_time = 1.05 secs, Wall_time = 1.04 secs
Mon Aug 24 16:19:58 2026: Image # 129, module MaskObjects # 12: CPU_time = 0.58 secs, Wall_time = 0.57 secs
Mon Aug 24 16:19:59 2026: Image # 129, module EnhanceOrSuppressFeatures # 13: CPU_time = 1.09 secs, Wall_time = 1.09 secs
Mon Aug 24 16:20:00 2026: Image # 129, module IdentifyPrimaryObjects # 14: CPU_time = 4.02 secs, Wall_time = 4.03 secs
Mon Aug 24 16:20:04 2026: Image # 129, module MaskObjects # 15: CPU_time = 0.55 secs, Wall_time = 0.55 secs
Mon Aug 24 16:20:05 2026: Image # 129, module RelateObjects # 16: CPU_time = 1.40 secs, Wall_time = 1.39 secs
Mon Aug 24 16:20:06 2026: Image # 129, module RelateObjects # 17: CPU_time = 1.38 secs, Wall_time = 1.37 secs
Mon Aug 24 16:20:07 2026: Image # 129, module MeasureObjectIntensity # 18: CPU_time = 18.27 secs, Wall_time = 18.26 secs
Mon Aug 24 16:20:26 2026: Image # 129, module RelateObjects # 19: CPU_time = 0.33 secs, Wall_time = 0.32 secs
Mon Aug 24 16:20:26 2026: Image # 129, module ExportToSpreadsheet # 20: CPU_time = 0.00 secs, Wall_time = 0.00 secs
Mon Aug 24 16:20:26 2026: Image # 130, module Images # 1: CPU_time = 0.00 secs, Wall_time = 0.00 secs
Mon Aug 24 16:20:26 2026: Image # 130, module Metadata # 2: CPU_time = 0.00 secs, Wall_time = 0.00 secs
Mon Aug 24 16:20:26 2026: Image # 130, module NamesAndTypes # 3: CPU_time = 4.72 secs, Wall_time = 6.17 secs
Mon Aug 24 16:20:32 2026: Image # 130, module Groups # 4: CPU_time = 0.00 secs, Wall_time = 0.00 secs
Mon Aug 24 16:20:32 2026: Image # 130, module FilterObjects # 5: CPU_time = 1.68 secs, Wall_time = 1.68 secs
Mon Aug 24 16:20:34 2026: Image # 130, module FilterObjects # 6: CPU_time = 1.53 secs, Wall_time = 1.52 secs
Mon Aug 24 16:20:35 2026: Image # 130, module MaskImage # 7: CPU_time = 0.23 secs, Wall_time = 0.11 secs
Mon Aug 24 16:20:35 2026: Image # 130, module MaskImage # 8: CPU_time = 0.11 secs, Wall_time = 0.10 secs
Mon Aug 24 16:20:36 2026: Image # 130, module MaskObjects # 9: CPU_time = 0.57 secs, Wall_time = 0.57 secs
Mon Aug 24 16:20:36 2026: Image # 130, module ExpandOrShrinkObjects # 10: CPU_time = 0.94 secs, Wall_time = 0.94 secs
Mon Aug 24 16:20:37 2026: Image # 130, module ExpandOrShrinkObjects # 11: CPU_time = 0.96 secs, Wall_time = 0.95 secs
Mon Aug 24 16:20:38 2026: Image # 130, module MaskObjects # 12: CPU_time = 0.61 secs, Wall_time = 0.60 secs
Mon Aug 24 16:20:39 2026: Image # 130, module EnhanceOrSuppressFeatures # 13: CPU_time = 1.11 secs, Wall_time = 1.11 secs
Mon Aug 24 16:20:40 2026: Image # 130, module IdentifyPrimaryObjects # 14: CPU_time = 3.85 secs, Wall_time = 3.85 secs
Mon Aug 24 16:20:44 2026: Image # 130, module MaskObjects # 15: CPU_time = 0.58 secs, Wall_time = 0.58 secs
Mon Aug 24 16:20:44 2026: Image # 130, module RelateObjects # 16: CPU_time = 1.53 secs, Wall_time = 1.53 secs
Mon Aug 24 16:20:46 2026: Image # 130, module RelateObjects # 17: CPU_time = 1.53 secs, Wall_time = 1.53 secs
Mon Aug 24 16:20:47 2026: Image # 130, module MeasureObjectIntensity # 18: CPU_time = 19.84 secs, Wall_time = 19.82 secs
Mon Aug 24 16:21:07 2026: Image # 130, module RelateObjects # 19: CPU_time = 0.36 secs, Wall_time = 0.36 secs
Mon Aug 24 16:21:07 2026: Image # 130, module ExportToSpreadsheet # 20: CPU_time = 0.00 secs, Wall_time = 0.00 secs
Mon Aug 24 16:21:07 2026: Image # 131, module Images # 1: CPU_time = 0.00 secs, Wall_time = 0.00 secs
Mon Aug 24 16:21:07 2026: Image # 131, module Metadata # 2: CPU_time = 0.00 secs, Wall_time = 0.00 secs
Mon Aug 24 16:21:07 2026: Image # 131, module NamesAndTypes # 3: CPU_time = 4.54 secs, Wall_time = 5.72 secs
Mon Aug 24 16:21:13 2026: Image # 131, module Groups # 4: CPU_time = 0.00 secs, Wall_time = 0.00 secs
Mon Aug 24 16:21:13 2026: Image # 131, module FilterObjects # 5: CPU_time = 1.50 secs, Wall_time = 1.50 secs
Mon Aug 24 16:21:15 2026: Image # 131, module FilterObjects # 6: CPU_time = 1.39 secs, Wall_time = 1.38 secs
Mon Aug 24 16:21:16 2026: Image # 131, module MaskImage # 7: CPU_time = 0.32 secs, Wall_time = 0.15 secs
Mon Aug 24 16:21:16 2026: Image # 131, module MaskImage # 8: CPU_time = 0.23 secs, Wall_time = 0.12 secs
Mon Aug 24 16:21:16 2026: Image # 131, module MaskObjects # 9: CPU_time = 0.54 secs, Wall_time = 0.53 secs
Mon Aug 24 16:21:17 2026: Image # 131, module ExpandOrShrinkObjects # 10: CPU_time = 0.86 secs, Wall_time = 0.86 secs
Mon Aug 24 16:21:18 2026: Image # 131, module ExpandOrShrinkObjects # 11: CPU_time = 0.90 secs, Wall_time = 0.90 secs
Mon Aug 24 16:21:19 2026: Image # 131, module MaskObjects # 12: CPU_time = 0.58 secs, Wall_time = 0.58 secs
Mon Aug 24 16:21:19 2026: Image # 131, module EnhanceOrSuppressFeatures # 13: CPU_time = 1.09 secs, Wall_time = 1.09 secs
Mon Aug 24 16:21:20 2026: Image # 131, module IdentifyPrimaryObjects # 14: CPU_time = 3.73 secs, Wall_time = 3.72 secs
Mon Aug 24 16:21:24 2026: Image # 131, module MaskObjects # 15: CPU_time = 0.54 secs, Wall_time = 0.53 secs
Mon Aug 24 16:21:25 2026: Image # 131, module RelateObjects # 16: CPU_time = 1.18 secs, Wall_time = 1.18 secs
Mon Aug 24 16:21:26 2026: Image # 131, module RelateObjects # 17: CPU_time = 1.17 secs, Wall_time = 1.17 secs
Mon Aug 24 16:21:27 2026: Image # 131, module MeasureObjectIntensity # 18: CPU_time = 16.96 secs, Wall_time = 16.93 secs
Mon Aug 24 16:21:44 2026: Image # 131, module RelateObjects # 19: CPU_time = 0.27 secs, Wall_time = 0.27 secs
Mon Aug 24 16:21:44 2026: Image # 131, module ExportToSpreadsheet # 20: CPU_time = 0.00 secs, Wall_time = 0.00 secs
Mon Aug 24 16:21:44 2026: Image # 132, module Images # 1: CPU_time = 0.00 secs, Wall_time = 0.00 secs
Mon Aug 24 16:21:44 2026: Image # 132, module Metadata # 2: CPU_time = 0.00 secs, Wall_time = 0.00 secs
Mon Aug 24 16:21:44 2026: Image # 132, module NamesAndTypes # 3: CPU_time = 4.41 secs, Wall_time = 5.99 secs
Mon Aug 24 16:21:50 2026: Image # 132, module Groups # 4: CPU_time = 0.00 secs, Wall_time = 0.00 secs
Mon Aug 24 16:21:50 2026: Image # 132, module FilterObjects # 5: CPU_time = 1.42 secs, Wall_time = 1.41 secs
Mon Aug 24 16:21:52 2026: Image # 132, module FilterObjects # 6: CPU_time = 1.32 secs, Wall_time = 1.32 secs
Mon Aug 24 16:21:53 2026: Image # 132, module MaskImage # 7: CPU_time = 0.23 secs, Wall_time = 0.11 secs
Mon Aug 24 16:21:53 2026: Image # 132, module MaskImage # 8: CPU_time = 0.23 secs, Wall_time = 0.11 secs
Mon Aug 24 16:21:53 2026: Image # 132, module MaskObjects # 9: CPU_time = 0.55 secs, Wall_time = 0.56 secs
Mon Aug 24 16:21:54 2026: Image # 132, module ExpandOrShrinkObjects # 10: CPU_time = 0.89 secs, Wall_time = 0.90 secs
Mon Aug 24 16:21:55 2026: Image # 132, module ExpandOrShrinkObjects # 11: CPU_time = 0.96 secs, Wall_time = 0.95 secs
Mon Aug 24 16:21:56 2026: Image # 132, module MaskObjects # 12: CPU_time = 0.61 secs, Wall_time = 0.61 secs
Mon Aug 24 16:21:56 2026: Image # 132, module EnhanceOrSuppressFeatures # 13: CPU_time = 1.10 secs, Wall_time = 1.10 secs
Mon Aug 24 16:21:57 2026: Image # 132, module IdentifyPrimaryObjects # 14: CPU_time = 3.51 secs, Wall_time = 3.51 secs
Mon Aug 24 16:22:01 2026: Image # 132, module MaskObjects # 15: CPU_time = 0.54 secs, Wall_time = 0.55 secs
Mon Aug 24 16:22:01 2026: Image # 132, module RelateObjects # 16: CPU_time = 1.10 secs, Wall_time = 1.10 secs
Mon Aug 24 16:22:02 2026: Image # 132, module RelateObjects # 17: CPU_time = 1.11 secs, Wall_time = 1.10 secs
Mon Aug 24 16:22:03 2026: Image # 132, module MeasureObjectIntensity # 18: CPU_time = 16.28 secs, Wall_time = 16.26 secs
Mon Aug 24 16:22:20 2026: Image # 132, module RelateObjects # 19: CPU_time = 0.24 secs, Wall_time = 0.25 secs
Mon Aug 24 16:22:20 2026: Image # 132, module ExportToSpreadsheet # 20: CPU_time = 0.00 secs, Wall_time = 0.00 secs
Mon Aug 24 16:22:20 2026: Image # 133, module Images # 1: CPU_time = 0.00 secs, Wall_time = 0.00 secs
Mon Aug 24 16:22:20 2026: Image # 133, module Metadata # 2: CPU_time = 0.00 secs, Wall_time = 0.00 secs
Mon Aug 24 16:22:20 2026: Image # 133, module NamesAndTypes # 3: CPU_time = 4.56 secs, Wall_time = 5.89 secs
Mon Aug 24 16:22:26 2026: Image # 133, module Groups # 4: CPU_time = 0.00 secs, Wall_time = 0.00 secs
Mon Aug 24 16:22:26 2026: Image # 133, module FilterObjects # 5: CPU_time = 1.62 secs, Wall_time = 1.62 secs
Mon Aug 24 16:22:28 2026: Image # 133, module FilterObjects # 6: CPU_time = 1.51 secs, Wall_time = 1.50 secs
Mon Aug 24 16:22:29 2026: Image # 133, module MaskImage # 7: CPU_time = 0.34 secs, Wall_time = 0.16 secs
Mon Aug 24 16:22:29 2026: Image # 133, module MaskImage # 8: CPU_time = 0.14 secs, Wall_time = 0.11 secs
Mon Aug 24 16:22:29 2026: Image # 133, module MaskObjects # 9: CPU_time = 0.54 secs, Wall_time = 0.54 secs
Mon Aug 24 16:22:30 2026: Image # 133, module ExpandOrShrinkObjects # 10: CPU_time = 0.94 secs, Wall_time = 0.93 secs
Mon Aug 24 16:22:31 2026: Image # 133, module ExpandOrShrinkObjects # 11: CPU_time = 0.96 secs, Wall_time = 0.97 secs
Mon Aug 24 16:22:32 2026: Image # 133, module MaskObjects # 12: CPU_time = 0.61 secs, Wall_time = 0.61 secs
Mon Aug 24 16:22:32 2026: Image # 133, module EnhanceOrSuppressFeatures # 13: CPU_time = 1.09 secs, Wall_time = 1.09 secs
Mon Aug 24 16:22:33 2026: Image # 133, module IdentifyPrimaryObjects # 14: CPU_time = 3.63 secs, Wall_time = 3.64 secs
Mon Aug 24 16:22:37 2026: Image # 133, module MaskObjects # 15: CPU_time = 0.56 secs, Wall_time = 0.56 secs
Mon Aug 24 16:22:38 2026: Image # 133, module RelateObjects # 16: CPU_time = 1.36 secs, Wall_time = 1.36 secs
Mon Aug 24 16:22:39 2026: Image # 133, module RelateObjects # 17: CPU_time = 1.33 secs, Wall_time = 1.33 secs
Mon Aug 24 16:22:40 2026: Image # 133, module MeasureObjectIntensity # 18: CPU_time = 18.83 secs, Wall_time = 18.81 secs
Mon Aug 24 16:22:59 2026: Image # 133, module RelateObjects # 19: CPU_time = 0.32 secs, Wall_time = 0.32 secs
Mon Aug 24 16:23:00 2026: Image # 133, module ExportToSpreadsheet # 20: CPU_time = 0.00 secs, Wall_time = 0.00 secs
Mon Aug 24 16:23:00 2026: Image # 134, module Images # 1: CPU_time = 0.00 secs, Wall_time = 0.00 secs
Mon Aug 24 16:23:00 2026: Image # 134, module Metadata # 2: CPU_time = 0.00 secs, Wall_time = 0.00 secs
Mon Aug 24 16:23:00 2026: Image # 134, module NamesAndTypes # 3: CPU_time = 4.45 secs, Wall_time = 5.52 secs
Mon Aug 24 16:23:05 2026: Image # 134, module Groups # 4: CPU_time = 0.00 secs, Wall_time = 0.00 secs
Mon Aug 24 16:23:05 2026: Image # 134, module FilterObjects # 5: CPU_time = 1.64 secs, Wall_time = 1.64 secs
Mon Aug 24 16:23:07 2026: Image # 134, module FilterObjects # 6: CPU_time = 1.46 secs, Wall_time = 1.45 secs
Mon Aug 24 16:23:08 2026: Image # 134, module MaskImage # 7: CPU_time = 0.33 secs, Wall_time = 0.16 secs
Mon Aug 24 16:23:08 2026: Image # 134, module MaskImage # 8: CPU_time = 0.16 secs, Wall_time = 0.12 secs
Mon Aug 24 16:23:08 2026: Image # 134, module MaskObjects # 9: CPU_time = 0.58 secs, Wall_time = 0.57 secs
Mon Aug 24 16:23:09 2026: Image # 134, module ExpandOrShrinkObjects # 10: CPU_time = 0.93 secs, Wall_time = 0.93 secs
Mon Aug 24 16:23:10 2026: Image # 134, module ExpandOrShrinkObjects # 11: CPU_time = 0.96 secs, Wall_time = 0.96 secs
Mon Aug 24 16:23:11 2026: Image # 134, module MaskObjects # 12: CPU_time = 0.61 secs, Wall_time = 0.61 secs
Mon Aug 24 16:23:12 2026: Image # 134, module EnhanceOrSuppressFeatures # 13: CPU_time = 1.10 secs, Wall_time = 1.10 secs
Mon Aug 24 16:23:13 2026: Image # 134, module IdentifyPrimaryObjects # 14: CPU_time = 4.25 secs, Wall_time = 4.24 secs
Mon Aug 24 16:23:17 2026: Image # 134, module MaskObjects # 15: CPU_time = 0.57 secs, Wall_time = 0.57 secs
Mon Aug 24 16:23:17 2026: Image # 134, module RelateObjects # 16: CPU_time = 1.48 secs, Wall_time = 1.47 secs
Mon Aug 24 16:23:19 2026: Image # 134, module RelateObjects # 17: CPU_time = 1.48 secs, Wall_time = 1.48 secs
Mon Aug 24 16:23:20 2026: Image # 134, module MeasureObjectIntensity # 18: CPU_time = 19.58 secs, Wall_time = 19.56 secs
Mon Aug 24 16:23:40 2026: Image # 134, module RelateObjects # 19: CPU_time = 0.34 secs, Wall_time = 0.34 secs
Mon Aug 24 16:23:40 2026: Image # 134, module ExportToSpreadsheet # 20: CPU_time = 0.00 secs, Wall_time = 0.00 secs
Mon Aug 24 16:23:40 2026: Image # 135, module Images # 1: CPU_time = 0.00 secs, Wall_time = 0.00 secs
Mon Aug 24 16:23:40 2026: Image # 135, module Metadata # 2: CPU_time = 0.00 secs, Wall_time = 0.00 secs
Mon Aug 24 16:23:40 2026: Image # 135, module NamesAndTypes # 3: CPU_time = 4.38 secs, Wall_time = 6.18 secs
Mon Aug 24 16:23:47 2026: Image # 135, module Groups # 4: CPU_time = 0.00 secs, Wall_time = 0.00 secs
Mon Aug 24 16:23:47 2026: Image # 135, module FilterObjects # 5: CPU_time = 1.55 secs, Wall_time = 1.55 secs
Mon Aug 24 16:23:48 2026: Image # 135, module FilterObjects # 6: CPU_time = 1.38 secs, Wall_time = 1.39 secs
Mon Aug 24 16:23:49 2026: Image # 135, module MaskImage # 7: CPU_time = 0.23 secs, Wall_time = 0.10 secs
Mon Aug 24 16:23:50 2026: Image # 135, module MaskImage # 8: CPU_time = 0.12 secs, Wall_time = 0.11 secs
Mon Aug 24 16:23:50 2026: Image # 135, module MaskObjects # 9: CPU_time = 0.56 secs, Wall_time = 0.56 secs
Mon Aug 24 16:23:50 2026: Image # 135, module ExpandOrShrinkObjects # 10: CPU_time = 0.93 secs, Wall_time = 0.93 secs
Mon Aug 24 16:23:51 2026: Image # 135, module ExpandOrShrinkObjects # 11: CPU_time = 0.96 secs, Wall_time = 0.96 secs
Mon Aug 24 16:23:52 2026: Image # 135, module MaskObjects # 12: CPU_time = 0.60 secs, Wall_time = 0.60 secs
Mon Aug 24 16:23:53 2026: Image # 135, module EnhanceOrSuppressFeatures # 13: CPU_time = 1.09 secs, Wall_time = 1.09 secs
Mon Aug 24 16:23:54 2026: Image # 135, module IdentifyPrimaryObjects # 14: CPU_time = 4.16 secs, Wall_time = 4.15 secs
Mon Aug 24 16:23:58 2026: Image # 135, module MaskObjects # 15: CPU_time = 0.57 secs, Wall_time = 0.57 secs
Mon Aug 24 16:23:59 2026: Image # 135, module RelateObjects # 16: CPU_time = 1.31 secs, Wall_time = 1.31 secs
Mon Aug 24 16:24:00 2026: Image # 135, module RelateObjects # 17: CPU_time = 1.25 secs, Wall_time = 1.24 secs
Mon Aug 24 16:24:01 2026: Image # 135, module MeasureObjectIntensity # 18: CPU_time = 18.09 secs, Wall_time = 18.07 secs
Mon Aug 24 16:24:19 2026: Image # 135, module RelateObjects # 19: CPU_time = 0.28 secs, Wall_time = 0.28 secs
Mon Aug 24 16:24:19 2026: Image # 135, module ExportToSpreadsheet # 20: CPU_time = 0.00 secs, Wall_time = 0.00 secs
Mon Aug 24 16:24:20 2026: Image # 136, module Images # 1: CPU_time = 0.00 secs, Wall_time = 0.00 secs
Mon Aug 24 16:24:20 2026: Image # 136, module Metadata # 2: CPU_time = 0.00 secs, Wall_time = 0.00 secs
Mon Aug 24 16:24:20 2026: Image # 136, module NamesAndTypes # 3: CPU_time = 4.56 secs, Wall_time = 6.12 secs
Mon Aug 24 16:24:26 2026: Image # 136, module Groups # 4: CPU_time = 0.00 secs, Wall_time = 0.00 secs
Mon Aug 24 16:24:26 2026: Image # 136, module FilterObjects # 5: CPU_time = 1.44 secs, Wall_time = 1.43 secs
Mon Aug 24 16:24:27 2026: Image # 136, module FilterObjects # 6: CPU_time = 1.33 secs, Wall_time = 1.33 secs
Mon Aug 24 16:24:28 2026: Image # 136, module MaskImage # 7: CPU_time = 0.23 secs, Wall_time = 0.11 secs
Mon Aug 24 16:24:29 2026: Image # 136, module MaskImage # 8: CPU_time = 0.26 secs, Wall_time = 0.12 secs
Mon Aug 24 16:24:29 2026: Image # 136, module MaskObjects # 9: CPU_time = 0.60 secs, Wall_time = 0.58 secs
Mon Aug 24 16:24:29 2026: Image # 136, module ExpandOrShrinkObjects # 10: CPU_time = 0.96 secs, Wall_time = 0.96 secs
Mon Aug 24 16:24:30 2026: Image # 136, module ExpandOrShrinkObjects # 11: CPU_time = 1.00 secs, Wall_time = 1.00 secs
Mon Aug 24 16:24:31 2026: Image # 136, module MaskObjects # 12: CPU_time = 0.65 secs, Wall_time = 0.66 secs
Mon Aug 24 16:24:32 2026: Image # 136, module EnhanceOrSuppressFeatures # 13: CPU_time = 1.10 secs, Wall_time = 1.10 secs
Mon Aug 24 16:24:33 2026: Image # 136, module IdentifyPrimaryObjects # 14: CPU_time = 3.75 secs, Wall_time = 3.75 secs
Mon Aug 24 16:24:37 2026: Image # 136, module MaskObjects # 15: CPU_time = 0.56 secs, Wall_time = 0.55 secs
Mon Aug 24 16:24:37 2026: Image # 136, module RelateObjects # 16: CPU_time = 1.14 secs, Wall_time = 1.14 secs
Mon Aug 24 16:24:38 2026: Image # 136, module RelateObjects # 17: CPU_time = 1.13 secs, Wall_time = 1.13 secs
Mon Aug 24 16:24:40 2026: Image # 136, module MeasureObjectIntensity # 18: CPU_time = 16.80 secs, Wall_time = 16.78 secs
Mon Aug 24 16:24:56 2026: Image # 136, module RelateObjects # 19: CPU_time = 0.23 secs, Wall_time = 0.24 secs
Mon Aug 24 16:24:57 2026: Image # 136, module ExportToSpreadsheet # 20: CPU_time = 0.00 secs, Wall_time = 0.00 secs
Mon Aug 24 16:24:57 2026: Image # 137, module Images # 1: CPU_time = 0.00 secs, Wall_time = 0.00 secs
Mon Aug 24 16:24:57 2026: Image # 137, module Metadata # 2: CPU_time = 0.00 secs, Wall_time = 0.00 secs
Mon Aug 24 16:24:57 2026: Image # 137, module NamesAndTypes # 3: CPU_time = 4.32 secs, Wall_time = 6.04 secs
Mon Aug 24 16:25:03 2026: Image # 137, module Groups # 4: CPU_time = 0.00 secs, Wall_time = 0.00 secs
Mon Aug 24 16:25:03 2026: Image # 137, module FilterObjects # 5: CPU_time = 1.44 secs, Wall_time = 1.43 secs
Mon Aug 24 16:25:04 2026: Image # 137, module FilterObjects # 6: CPU_time = 1.32 secs, Wall_time = 1.33 secs
Mon Aug 24 16:25:05 2026: Image # 137, module MaskImage # 7: CPU_time = 0.24 secs, Wall_time = 0.11 secs
Mon Aug 24 16:25:06 2026: Image # 137, module MaskImage # 8: CPU_time = 0.25 secs, Wall_time = 0.12 secs
Mon Aug 24 16:25:06 2026: Image # 137, module MaskObjects # 9: CPU_time = 0.55 secs, Wall_time = 0.55 secs
Mon Aug 24 16:25:06 2026: Image # 137, module ExpandOrShrinkObjects # 10: CPU_time = 0.97 secs, Wall_time = 0.97 secs
Mon Aug 24 16:25:07 2026: Image # 137, module ExpandOrShrinkObjects # 11: CPU_time = 1.01 secs, Wall_time = 1.00 secs
Mon Aug 24 16:25:08 2026: Image # 137, module MaskObjects # 12: CPU_time = 0.63 secs, Wall_time = 0.63 secs
Mon Aug 24 16:25:09 2026: Image # 137, module EnhanceOrSuppressFeatures # 13: CPU_time = 1.11 secs, Wall_time = 1.10 secs
Mon Aug 24 16:25:10 2026: Image # 137, module IdentifyPrimaryObjects # 14: CPU_time = 3.82 secs, Wall_time = 3.82 secs
Mon Aug 24 16:25:14 2026: Image # 137, module MaskObjects # 15: CPU_time = 0.57 secs, Wall_time = 0.56 secs
Mon Aug 24 16:25:14 2026: Image # 137, module RelateObjects # 16: CPU_time = 1.13 secs, Wall_time = 1.14 secs
Mon Aug 24 16:25:15 2026: Image # 137, module RelateObjects # 17: CPU_time = 1.18 secs, Wall_time = 1.17 secs
Mon Aug 24 16:25:17 2026: Image # 137, module MeasureObjectIntensity # 18: CPU_time = 17.87 secs, Wall_time = 17.85 secs
Mon Aug 24 16:25:34 2026: Image # 137, module RelateObjects # 19: CPU_time = 0.26 secs, Wall_time = 0.26 secs
Mon Aug 24 16:25:35 2026: Image # 137, module ExportToSpreadsheet # 20: CPU_time = 0.00 secs, Wall_time = 0.00 secs
Mon Aug 24 16:25:35 2026: Image # 138, module Images # 1: CPU_time = 0.00 secs, Wall_time = 0.00 secs
Mon Aug 24 16:25:35 2026: Image # 138, module Metadata # 2: CPU_time = 0.00 secs, Wall_time = 0.00 secs
Mon Aug 24 16:25:35 2026: Image # 138, module NamesAndTypes # 3: CPU_time = 4.29 secs, Wall_time = 5.03 secs
Mon Aug 24 16:25:40 2026: Image # 138, module Groups # 4: CPU_time = 0.00 secs, Wall_time = 0.00 secs
Mon Aug 24 16:25:40 2026: Image # 138, module FilterObjects # 5: CPU_time = 1.41 secs, Wall_time = 1.41 secs
Mon Aug 24 16:25:41 2026: Image # 138, module FilterObjects # 6: CPU_time = 1.34 secs, Wall_time = 1.34 secs
Mon Aug 24 16:25:43 2026: Image # 138, module MaskImage # 7: CPU_time = 0.26 secs, Wall_time = 0.12 secs
Mon Aug 24 16:25:43 2026: Image # 138, module MaskImage # 8: CPU_time = 0.31 secs, Wall_time = 0.15 secs
Mon Aug 24 16:25:43 2026: Image # 138, module MaskObjects # 9: CPU_time = 0.56 secs, Wall_time = 0.56 secs
Mon Aug 24 16:25:43 2026: Image # 138, module ExpandOrShrinkObjects # 10: CPU_time = 0.84 secs, Wall_time = 0.85 secs
Mon Aug 24 16:25:44 2026: Image # 138, module ExpandOrShrinkObjects # 11: CPU_time = 0.90 secs, Wall_time = 0.90 secs
Mon Aug 24 16:25:45 2026: Image # 138, module MaskObjects # 12: CPU_time = 0.62 secs, Wall_time = 0.62 secs
Mon Aug 24 16:25:46 2026: Image # 138, module EnhanceOrSuppressFeatures # 13: CPU_time = 1.10 secs, Wall_time = 1.11 secs
Mon Aug 24 16:25:47 2026: Image # 138, module IdentifyPrimaryObjects # 14: CPU_time = 3.90 secs, Wall_time = 3.89 secs
Mon Aug 24 16:25:51 2026: Image # 138, module MaskObjects # 15: CPU_time = 0.58 secs, Wall_time = 0.58 secs
Mon Aug 24 16:25:51 2026: Image # 138, module RelateObjects # 16: CPU_time = 1.08 secs, Wall_time = 1.08 secs
Mon Aug 24 16:25:52 2026: Image # 138, module RelateObjects # 17: CPU_time = 1.09 secs, Wall_time = 1.08 secs
Mon Aug 24 16:25:54 2026: Image # 138, module MeasureObjectIntensity # 18: CPU_time = 17.69 secs, Wall_time = 17.67 secs
Mon Aug 24 16:26:11 2026: Image # 138, module RelateObjects # 19: CPU_time = 0.23 secs, Wall_time = 0.23 secs
Mon Aug 24 16:26:11 2026: Image # 138, module ExportToSpreadsheet # 20: CPU_time = 0.00 secs, Wall_time = 0.01 secs
Mon Aug 24 16:26:11 2026: Image # 139, module Images # 1: CPU_time = 0.00 secs, Wall_time = 0.00 secs
Mon Aug 24 16:26:11 2026: Image # 139, module Metadata # 2: CPU_time = 0.00 secs, Wall_time = 0.00 secs
Mon Aug 24 16:26:11 2026: Image # 139, module NamesAndTypes # 3: CPU_time = 4.83 secs, Wall_time = 5.93 secs
Mon Aug 24 16:26:17 2026: Image # 139, module Groups # 4: CPU_time = 0.00 secs, Wall_time = 0.00 secs
Mon Aug 24 16:26:17 2026: Image # 139, module FilterObjects # 5: CPU_time = 1.49 secs, Wall_time = 1.48 secs
Mon Aug 24 16:26:19 2026: Image # 139, module FilterObjects # 6: CPU_time = 1.36 secs, Wall_time = 1.36 secs
Mon Aug 24 16:26:20 2026: Image # 139, module MaskImage # 7: CPU_time = 0.26 secs, Wall_time = 0.13 secs
Mon Aug 24 16:26:20 2026: Image # 139, module MaskImage # 8: CPU_time = 0.26 secs, Wall_time = 0.12 secs
Mon Aug 24 16:26:21 2026: Image # 139, module MaskObjects # 9: CPU_time = 0.56 secs, Wall_time = 0.56 secs
Mon Aug 24 16:26:21 2026: Image # 139, module ExpandOrShrinkObjects # 10: CPU_time = 0.98 secs, Wall_time = 0.99 secs
Mon Aug 24 16:26:22 2026: Image # 139, module ExpandOrShrinkObjects # 11: CPU_time = 1.03 secs, Wall_time = 1.03 secs
Mon Aug 24 16:26:23 2026: Image # 139, module MaskObjects # 12: CPU_time = 0.59 secs, Wall_time = 0.60 secs
Mon Aug 24 16:26:24 2026: Image # 139, module EnhanceOrSuppressFeatures # 13: CPU_time = 1.10 secs, Wall_time = 1.10 secs
Mon Aug 24 16:26:25 2026: Image # 139, module IdentifyPrimaryObjects # 14: CPU_time = 3.98 secs, Wall_time = 3.97 secs
Mon Aug 24 16:26:29 2026: Image # 139, module MaskObjects # 15: CPU_time = 0.55 secs, Wall_time = 0.56 secs
Mon Aug 24 16:26:29 2026: Image # 139, module RelateObjects # 16: CPU_time = 1.16 secs, Wall_time = 1.15 secs
Mon Aug 24 16:26:30 2026: Image # 139, module RelateObjects # 17: CPU_time = 1.14 secs, Wall_time = 1.14 secs
Mon Aug 24 16:26:32 2026: Image # 139, module MeasureObjectIntensity # 18: CPU_time = 17.90 secs, Wall_time = 17.88 secs
Mon Aug 24 16:26:50 2026: Image # 139, module RelateObjects # 19: CPU_time = 0.24 secs, Wall_time = 0.25 secs
Mon Aug 24 16:26:50 2026: Image # 139, module ExportToSpreadsheet # 20: CPU_time = 0.00 secs, Wall_time = 0.00 secs
Mon Aug 24 16:26:50 2026: Image # 140, module Images # 1: CPU_time = 0.00 secs, Wall_time = 0.00 secs
Mon Aug 24 16:26:50 2026: Image # 140, module Metadata # 2: CPU_time = 0.00 secs, Wall_time = 0.00 secs
Mon Aug 24 16:26:50 2026: Image # 140, module NamesAndTypes # 3: CPU_time = 4.49 secs, Wall_time = 7.55 secs
Mon Aug 24 16:26:57 2026: Image # 140, module Groups # 4: CPU_time = 0.00 secs, Wall_time = 0.00 secs
Mon Aug 24 16:26:57 2026: Image # 140, module FilterObjects # 5: CPU_time = 1.45 secs, Wall_time = 1.44 secs
Mon Aug 24 16:26:59 2026: Image # 140, module FilterObjects # 6: CPU_time = 1.37 secs, Wall_time = 1.37 secs
Mon Aug 24 16:27:00 2026: Image # 140, module MaskImage # 7: CPU_time = 0.27 secs, Wall_time = 0.13 secs
Mon Aug 24 16:27:00 2026: Image # 140, module MaskImage # 8: CPU_time = 0.25 secs, Wall_time = 0.13 secs
Mon Aug 24 16:27:00 2026: Image # 140, module MaskObjects # 9: CPU_time = 0.56 secs, Wall_time = 0.56 secs
Mon Aug 24 16:27:01 2026: Image # 140, module ExpandOrShrinkObjects # 10: CPU_time = 0.91 secs, Wall_time = 0.91 secs
Mon Aug 24 16:27:02 2026: Image # 140, module ExpandOrShrinkObjects # 11: CPU_time = 0.96 secs, Wall_time = 0.95 secs
Mon Aug 24 16:27:03 2026: Image # 140, module MaskObjects # 12: CPU_time = 0.65 secs, Wall_time = 0.65 secs
Mon Aug 24 16:27:04 2026: Image # 140, module EnhanceOrSuppressFeatures # 13: CPU_time = 1.11 secs, Wall_time = 1.11 secs
Mon Aug 24 16:27:05 2026: Image # 140, module IdentifyPrimaryObjects # 14: CPU_time = 3.88 secs, Wall_time = 3.89 secs
Mon Aug 24 16:27:09 2026: Image # 140, module MaskObjects # 15: CPU_time = 0.57 secs, Wall_time = 0.57 secs
Mon Aug 24 16:27:09 2026: Image # 140, module RelateObjects # 16: CPU_time = 1.20 secs, Wall_time = 1.19 secs
Mon Aug 24 16:27:10 2026: Image # 140, module RelateObjects # 17: CPU_time = 1.22 secs, Wall_time = 1.22 secs
Mon Aug 24 16:27:12 2026: Image # 140, module MeasureObjectIntensity # 18: CPU_time = 17.18 secs, Wall_time = 17.16 secs
Mon Aug 24 16:27:29 2026: Image # 140, module RelateObjects # 19: CPU_time = 0.27 secs, Wall_time = 0.28 secs
Mon Aug 24 16:27:29 2026: Image # 140, module ExportToSpreadsheet # 20: CPU_time = 0.00 secs, Wall_time = 0.00 secs
Mon Aug 24 16:27:29 2026: Image # 141, module Images # 1: CPU_time = 0.00 secs, Wall_time = 0.00 secs
Mon Aug 24 16:27:29 2026: Image # 141, module Metadata # 2: CPU_time = 0.00 secs, Wall_time = 0.00 secs
Mon Aug 24 16:27:29 2026: Image # 141, module NamesAndTypes # 3: CPU_time = 4.58 secs, Wall_time = 6.34 secs
Mon Aug 24 16:27:35 2026: Image # 141, module Groups # 4: CPU_time = 0.00 secs, Wall_time = 0.00 secs
Mon Aug 24 16:27:35 2026: Image # 141, module FilterObjects # 5: CPU_time = 1.58 secs, Wall_time = 1.58 secs
Mon Aug 24 16:27:37 2026: Image # 141, module FilterObjects # 6: CPU_time = 1.43 secs, Wall_time = 1.43 secs
Mon Aug 24 16:27:38 2026: Image # 141, module MaskImage # 7: CPU_time = 0.23 secs, Wall_time = 0.12 secs
Mon Aug 24 16:27:38 2026: Image # 141, module MaskImage # 8: CPU_time = 0.27 secs, Wall_time = 0.12 secs
Mon Aug 24 16:27:39 2026: Image # 141, module MaskObjects # 9: CPU_time = 0.59 secs, Wall_time = 0.58 secs
Mon Aug 24 16:27:39 2026: Image # 141, module ExpandOrShrinkObjects # 10: CPU_time = 0.91 secs, Wall_time = 0.91 secs
Mon Aug 24 16:27:40 2026: Image # 141, module ExpandOrShrinkObjects # 11: CPU_time = 0.96 secs, Wall_time = 0.96 secs
Mon Aug 24 16:27:41 2026: Image # 141, module MaskObjects # 12: CPU_time = 0.64 secs, Wall_time = 0.63 secs
Mon Aug 24 16:27:42 2026: Image # 141, module EnhanceOrSuppressFeatures # 13: CPU_time = 1.11 secs, Wall_time = 1.11 secs
Mon Aug 24 16:27:43 2026: Image # 141, module IdentifyPrimaryObjects # 14: CPU_time = 4.00 secs, Wall_time = 3.99 secs
Mon Aug 24 16:27:47 2026: Image # 141, module MaskObjects # 15: CPU_time = 0.59 secs, Wall_time = 0.59 secs
Mon Aug 24 16:27:47 2026: Image # 141, module RelateObjects # 16: CPU_time = 1.33 secs, Wall_time = 1.33 secs
Mon Aug 24 16:27:49 2026: Image # 141, module RelateObjects # 17: CPU_time = 1.33 secs, Wall_time = 1.32 secs
Mon Aug 24 16:27:50 2026: Image # 141, module MeasureObjectIntensity # 18: CPU_time = 18.59 secs, Wall_time = 18.56 secs
Mon Aug 24 16:28:09 2026: Image # 141, module RelateObjects # 19: CPU_time = 0.28 secs, Wall_time = 0.29 secs
Mon Aug 24 16:28:09 2026: Image # 141, module ExportToSpreadsheet # 20: CPU_time = 0.01 secs, Wall_time = 0.00 secs
Mon Aug 24 16:28:09 2026: Image # 142, module Images # 1: CPU_time = 0.00 secs, Wall_time = 0.00 secs
Mon Aug 24 16:28:09 2026: Image # 142, module Metadata # 2: CPU_time = 0.00 secs, Wall_time = 0.00 secs
Mon Aug 24 16:28:09 2026: Image # 142, module NamesAndTypes # 3: CPU_time = 4.72 secs, Wall_time = 5.78 secs
Mon Aug 24 16:28:15 2026: Image # 142, module Groups # 4: CPU_time = 0.00 secs, Wall_time = 0.00 secs
Mon Aug 24 16:28:15 2026: Image # 142, module FilterObjects # 5: CPU_time = 1.54 secs, Wall_time = 1.54 secs
Mon Aug 24 16:28:16 2026: Image # 142, module FilterObjects # 6: CPU_time = 1.40 secs, Wall_time = 1.39 secs
Mon Aug 24 16:28:18 2026: Image # 142, module MaskImage # 7: CPU_time = 0.24 secs, Wall_time = 0.13 secs
Mon Aug 24 16:28:18 2026: Image # 142, module MaskImage # 8: CPU_time = 0.29 secs, Wall_time = 0.13 secs
Mon Aug 24 16:28:18 2026: Image # 142, module MaskObjects # 9: CPU_time = 0.56 secs, Wall_time = 0.56 secs
Mon Aug 24 16:28:18 2026: Image # 142, module ExpandOrShrinkObjects # 10: CPU_time = 0.99 secs, Wall_time = 0.98 secs
Mon Aug 24 16:28:19 2026: Image # 142, module ExpandOrShrinkObjects # 11: CPU_time = 1.03 secs, Wall_time = 1.03 secs
Mon Aug 24 16:28:20 2026: Image # 142, module MaskObjects # 12: CPU_time = 0.62 secs, Wall_time = 0.62 secs
Mon Aug 24 16:28:21 2026: Image # 142, module EnhanceOrSuppressFeatures # 13: CPU_time = 1.10 secs, Wall_time = 1.10 secs
Mon Aug 24 16:28:22 2026: Image # 142, module IdentifyPrimaryObjects # 14: CPU_time = 3.87 secs, Wall_time = 3.87 secs
Mon Aug 24 16:28:26 2026: Image # 142, module MaskObjects # 15: CPU_time = 0.55 secs, Wall_time = 0.54 secs
Mon Aug 24 16:28:27 2026: Image # 142, module RelateObjects # 16: CPU_time = 1.21 secs, Wall_time = 1.21 secs
Mon Aug 24 16:28:28 2026: Image # 142, module RelateObjects # 17: CPU_time = 1.25 secs, Wall_time = 1.24 secs
Mon Aug 24 16:28:29 2026: Image # 142, module MeasureObjectIntensity # 18: CPU_time = 17.93 secs, Wall_time = 17.91 secs
Mon Aug 24 16:28:47 2026: Image # 142, module RelateObjects # 19: CPU_time = 0.28 secs, Wall_time = 0.27 secs
Mon Aug 24 16:28:47 2026: Image # 142, module ExportToSpreadsheet # 20: CPU_time = 0.01 secs, Wall_time = 0.00 secs
Mon Aug 24 16:28:47 2026: Image # 143, module Images # 1: CPU_time = 0.00 secs, Wall_time = 0.00 secs
Mon Aug 24 16:28:47 2026: Image # 143, module Metadata # 2: CPU_time = 0.00 secs, Wall_time = 0.00 secs
Mon Aug 24 16:28:47 2026: Image # 143, module NamesAndTypes # 3: CPU_time = 4.43 secs, Wall_time = 6.15 secs
Mon Aug 24 16:28:53 2026: Image # 143, module Groups # 4: CPU_time = 0.00 secs, Wall_time = 0.00 secs
Mon Aug 24 16:28:53 2026: Image # 143, module FilterObjects # 5: CPU_time = 1.48 secs, Wall_time = 1.48 secs
Mon Aug 24 16:28:55 2026: Image # 143, module FilterObjects # 6: CPU_time = 1.38 secs, Wall_time = 1.38 secs
Mon Aug 24 16:28:56 2026: Image # 143, module MaskImage # 7: CPU_time = 0.37 secs, Wall_time = 0.18 secs
Mon Aug 24 16:28:57 2026: Image # 143, module MaskImage # 8: CPU_time = 0.16 secs, Wall_time = 0.12 secs
Mon Aug 24 16:28:57 2026: Image # 143, module MaskObjects # 9: CPU_time = 0.58 secs, Wall_time = 0.58 secs
Mon Aug 24 16:28:57 2026: Image # 143, module ExpandOrShrinkObjects # 10: CPU_time = 0.89 secs, Wall_time = 0.89 secs
Mon Aug 24 16:28:58 2026: Image # 143, module ExpandOrShrinkObjects # 11: CPU_time = 0.94 secs, Wall_time = 0.95 secs
Mon Aug 24 16:28:59 2026: Image # 143, module MaskObjects # 12: CPU_time = 0.62 secs, Wall_time = 0.62 secs
Mon Aug 24 16:29:00 2026: Image # 143, module EnhanceOrSuppressFeatures # 13: CPU_time = 1.11 secs, Wall_time = 1.10 secs
Mon Aug 24 16:29:01 2026: Image # 143, module IdentifyPrimaryObjects # 14: CPU_time = 3.63 secs, Wall_time = 3.63 secs
Mon Aug 24 16:29:04 2026: Image # 143, module MaskObjects # 15: CPU_time = 0.55 secs, Wall_time = 0.55 secs
Mon Aug 24 16:29:05 2026: Image # 143, module RelateObjects # 16: CPU_time = 1.14 secs, Wall_time = 1.15 secs
Mon Aug 24 16:29:06 2026: Image # 143, module RelateObjects # 17: CPU_time = 1.14 secs, Wall_time = 1.14 secs
Mon Aug 24 16:29:07 2026: Image # 143, module MeasureObjectIntensity # 18: CPU_time = 17.47 secs, Wall_time = 17.46 secs
Mon Aug 24 16:29:25 2026: Image # 143, module RelateObjects # 19: CPU_time = 0.25 secs, Wall_time = 0.25 secs
Mon Aug 24 16:29:25 2026: Image # 143, module ExportToSpreadsheet # 20: CPU_time = 0.00 secs, Wall_time = 0.00 secs
Mon Aug 24 16:29:25 2026: Image # 144, module Images # 1: CPU_time = 0.00 secs, Wall_time = 0.00 secs
Mon Aug 24 16:29:25 2026: Image # 144, module Metadata # 2: CPU_time = 0.00 secs, Wall_time = 0.00 secs
Mon Aug 24 16:29:25 2026: Image # 144, module NamesAndTypes # 3: CPU_time = 4.56 secs, Wall_time = 6.24 secs
Mon Aug 24 16:29:31 2026: Image # 144, module Groups # 4: CPU_time = 0.00 secs, Wall_time = 0.00 secs
Mon Aug 24 16:29:31 2026: Image # 144, module FilterObjects # 5: CPU_time = 1.45 secs, Wall_time = 1.45 secs
Mon Aug 24 16:29:33 2026: Image # 144, module FilterObjects # 6: CPU_time = 1.36 secs, Wall_time = 1.35 secs
Mon Aug 24 16:29:34 2026: Image # 144, module MaskImage # 7: CPU_time = 0.26 secs, Wall_time = 0.12 secs
Mon Aug 24 16:29:34 2026: Image # 144, module MaskImage # 8: CPU_time = 0.25 secs, Wall_time = 0.12 secs
Mon Aug 24 16:29:34 2026: Image # 144, module MaskObjects # 9: CPU_time = 0.56 secs, Wall_time = 0.56 secs
Mon Aug 24 16:29:35 2026: Image # 144, module ExpandOrShrinkObjects # 10: CPU_time = 0.88 secs, Wall_time = 0.87 secs
Mon Aug 24 16:29:36 2026: Image # 144, module ExpandOrShrinkObjects # 11: CPU_time = 0.92 secs, Wall_time = 0.92 secs
Mon Aug 24 16:29:37 2026: Image # 144, module MaskObjects # 12: CPU_time = 0.62 secs, Wall_time = 0.62 secs
Mon Aug 24 16:29:37 2026: Image # 144, module EnhanceOrSuppressFeatures # 13: CPU_time = 1.10 secs, Wall_time = 1.10 secs
Mon Aug 24 16:29:38 2026: Image # 144, module IdentifyPrimaryObjects # 14: CPU_time = 3.77 secs, Wall_time = 3.76 secs
Mon Aug 24 16:29:42 2026: Image # 144, module MaskObjects # 15: CPU_time = 0.55 secs, Wall_time = 0.55 secs
Mon Aug 24 16:29:43 2026: Image # 144, module RelateObjects # 16: CPU_time = 1.15 secs, Wall_time = 1.14 secs
Mon Aug 24 16:29:44 2026: Image # 144, module RelateObjects # 17: CPU_time = 1.13 secs, Wall_time = 1.14 secs
Mon Aug 24 16:29:45 2026: Image # 144, module MeasureObjectIntensity # 18: CPU_time = 17.11 secs, Wall_time = 17.08 secs
Mon Aug 24 16:30:02 2026: Image # 144, module RelateObjects # 19: CPU_time = 0.26 secs, Wall_time = 0.25 secs
Mon Aug 24 16:30:02 2026: Image # 144, module ExportToSpreadsheet # 20: CPU_time = 0.00 secs, Wall_time = 0.00 secs
Mon Aug 24 16:30:02 2026: Image # 145, module Images # 1: CPU_time = 0.00 secs, Wall_time = 0.00 secs
Mon Aug 24 16:30:02 2026: Image # 145, module Metadata # 2: CPU_time = 0.00 secs, Wall_time = 0.00 secs
Mon Aug 24 16:30:02 2026: Image # 145, module NamesAndTypes # 3: CPU_time = 4.77 secs, Wall_time = 8.16 secs
Mon Aug 24 16:30:11 2026: Image # 145, module Groups # 4: CPU_time = 0.00 secs, Wall_time = 0.00 secs
Mon Aug 24 16:30:11 2026: Image # 145, module FilterObjects # 5: CPU_time = 1.55 secs, Wall_time = 1.55 secs
Mon Aug 24 16:30:12 2026: Image # 145, module FilterObjects # 6: CPU_time = 1.51 secs, Wall_time = 1.50 secs
Mon Aug 24 16:30:14 2026: Image # 145, module MaskImage # 7: CPU_time = 0.25 secs, Wall_time = 0.12 secs
Mon Aug 24 16:30:14 2026: Image # 145, module MaskImage # 8: CPU_time = 0.24 secs, Wall_time = 0.12 secs
Mon Aug 24 16:30:14 2026: Image # 145, module MaskObjects # 9: CPU_time = 0.54 secs, Wall_time = 0.55 secs
Mon Aug 24 16:30:14 2026: Image # 145, module ExpandOrShrinkObjects # 10: CPU_time = 0.94 secs, Wall_time = 0.94 secs
Mon Aug 24 16:30:15 2026: Image # 145, module ExpandOrShrinkObjects # 11: CPU_time = 0.94 secs, Wall_time = 0.95 secs
Mon Aug 24 16:30:16 2026: Image # 145, module MaskObjects # 12: CPU_time = 0.60 secs, Wall_time = 0.61 secs
Mon Aug 24 16:30:17 2026: Image # 145, module EnhanceOrSuppressFeatures # 13: CPU_time = 1.13 secs, Wall_time = 1.11 secs
Mon Aug 24 16:30:18 2026: Image # 145, module IdentifyPrimaryObjects # 14: CPU_time = 3.88 secs, Wall_time = 3.88 secs
Mon Aug 24 16:30:22 2026: Image # 145, module MaskObjects # 15: CPU_time = 0.56 secs, Wall_time = 0.55 secs
Mon Aug 24 16:30:22 2026: Image # 145, module RelateObjects # 16: CPU_time = 1.38 secs, Wall_time = 1.38 secs
Mon Aug 24 16:30:24 2026: Image # 145, module RelateObjects # 17: CPU_time = 1.40 secs, Wall_time = 1.40 secs
Mon Aug 24 16:30:25 2026: Image # 145, module MeasureObjectIntensity # 18: CPU_time = 18.65 secs, Wall_time = 18.64 secs
Mon Aug 24 16:30:44 2026: Image # 145, module RelateObjects # 19: CPU_time = 0.31 secs, Wall_time = 0.31 secs
Mon Aug 24 16:30:44 2026: Image # 145, module ExportToSpreadsheet # 20: CPU_time = 0.00 secs, Wall_time = 0.00 secs
Mon Aug 24 16:30:44 2026: Image # 146, module Images # 1: CPU_time = 0.00 secs, Wall_time = 0.00 secs
Mon Aug 24 16:30:44 2026: Image # 146, module Metadata # 2: CPU_time = 0.00 secs, Wall_time = 0.00 secs
Mon Aug 24 16:30:44 2026: Image # 146, module NamesAndTypes # 3: CPU_time = 4.74 secs, Wall_time = 6.33 secs
Mon Aug 24 16:30:51 2026: Image # 146, module Groups # 4: CPU_time = 0.00 secs, Wall_time = 0.00 secs
Mon Aug 24 16:30:51 2026: Image # 146, module FilterObjects # 5: CPU_time = 1.49 secs, Wall_time = 1.48 secs
Mon Aug 24 16:30:52 2026: Image # 146, module FilterObjects # 6: CPU_time = 1.41 secs, Wall_time = 1.40 secs
Mon Aug 24 16:30:53 2026: Image # 146, module MaskImage # 7: CPU_time = 0.29 secs, Wall_time = 0.15 secs
Mon Aug 24 16:30:54 2026: Image # 146, module MaskImage # 8: CPU_time = 0.28 secs, Wall_time = 0.15 secs
Mon Aug 24 16:30:54 2026: Image # 146, module MaskObjects # 9: CPU_time = 0.53 secs, Wall_time = 0.54 secs
Mon Aug 24 16:30:54 2026: Image # 146, module ExpandOrShrinkObjects # 10: CPU_time = 0.92 secs, Wall_time = 0.92 secs
Mon Aug 24 16:30:55 2026: Image # 146, module ExpandOrShrinkObjects # 11: CPU_time = 0.95 secs, Wall_time = 0.95 secs
Mon Aug 24 16:30:56 2026: Image # 146, module MaskObjects # 12: CPU_time = 0.62 secs, Wall_time = 0.62 secs
Mon Aug 24 16:30:57 2026: Image # 146, module EnhanceOrSuppressFeatures # 13: CPU_time = 1.10 secs, Wall_time = 1.09 secs
Mon Aug 24 16:30:58 2026: Image # 146, module IdentifyPrimaryObjects # 14: CPU_time = 4.09 secs, Wall_time = 4.08 secs
Mon Aug 24 16:31:02 2026: Image # 146, module MaskObjects # 15: CPU_time = 0.57 secs, Wall_time = 0.57 secs
Mon Aug 24 16:31:03 2026: Image # 146, module RelateObjects # 16: CPU_time = 1.21 secs, Wall_time = 1.22 secs
Mon Aug 24 16:31:04 2026: Image # 146, module RelateObjects # 17: CPU_time = 1.18 secs, Wall_time = 1.18 secs
Mon Aug 24 16:31:05 2026: Image # 146, module MeasureObjectIntensity # 18: CPU_time = 16.97 secs, Wall_time = 16.95 secs
Mon Aug 24 16:31:22 2026: Image # 146, module RelateObjects # 19: CPU_time = 0.30 secs, Wall_time = 0.29 secs
Mon Aug 24 16:31:22 2026: Image # 146, module ExportToSpreadsheet # 20: CPU_time = 0.00 secs, Wall_time = 0.00 secs
Mon Aug 24 16:31:22 2026: Image # 147, module Images # 1: CPU_time = 0.00 secs, Wall_time = 0.00 secs
Mon Aug 24 16:31:22 2026: Image # 147, module Metadata # 2: CPU_time = 0.00 secs, Wall_time = 0.00 secs
Mon Aug 24 16:31:22 2026: Image # 147, module NamesAndTypes # 3: CPU_time = 5.17 secs, Wall_time = 5.41 secs
Mon Aug 24 16:31:28 2026: Image # 147, module Groups # 4: CPU_time = 0.00 secs, Wall_time = 0.00 secs
Mon Aug 24 16:31:28 2026: Image # 147, module FilterObjects # 5: CPU_time = 1.77 secs, Wall_time = 1.77 secs
Mon Aug 24 16:31:29 2026: Image # 147, module FilterObjects # 6: CPU_time = 1.54 secs, Wall_time = 1.54 secs
Mon Aug 24 16:31:31 2026: Image # 147, module MaskImage # 7: CPU_time = 0.11 secs, Wall_time = 0.10 secs
Mon Aug 24 16:31:31 2026: Image # 147, module MaskImage # 8: CPU_time = 0.31 secs, Wall_time = 0.15 secs
Mon Aug 24 16:31:31 2026: Image # 147, module MaskObjects # 9: CPU_time = 0.55 secs, Wall_time = 0.55 secs
Mon Aug 24 16:31:32 2026: Image # 147, module ExpandOrShrinkObjects # 10: CPU_time = 0.94 secs, Wall_time = 0.93 secs
Mon Aug 24 16:31:33 2026: Image # 147, module ExpandOrShrinkObjects # 11: CPU_time = 1.10 secs, Wall_time = 1.10 secs
Mon Aug 24 16:31:34 2026: Image # 147, module MaskObjects # 12: CPU_time = 0.57 secs, Wall_time = 0.57 secs
Mon Aug 24 16:31:34 2026: Image # 147, module EnhanceOrSuppressFeatures # 13: CPU_time = 1.10 secs, Wall_time = 1.10 secs
Mon Aug 24 16:31:35 2026: Image # 147, module IdentifyPrimaryObjects # 14: CPU_time = 4.56 secs, Wall_time = 4.55 secs
Mon Aug 24 16:31:40 2026: Image # 147, module MaskObjects # 15: CPU_time = 0.57 secs, Wall_time = 0.56 secs
Mon Aug 24 16:31:41 2026: Image # 147, module RelateObjects # 16: CPU_time = 1.49 secs, Wall_time = 1.49 secs
Mon Aug 24 16:31:42 2026: Image # 147, module RelateObjects # 17: CPU_time = 1.41 secs, Wall_time = 1.41 secs
Mon Aug 24 16:31:43 2026: Image # 147, module MeasureObjectIntensity # 18: CPU_time = 19.50 secs, Wall_time = 19.47 secs
Mon Aug 24 16:32:03 2026: Image # 147, module RelateObjects # 19: CPU_time = 0.36 secs, Wall_time = 0.36 secs
Mon Aug 24 16:32:03 2026: Image # 147, module ExportToSpreadsheet # 20: CPU_time = 0.00 secs, Wall_time = 0.00 secs
Mon Aug 24 16:32:03 2026: Image # 148, module Images # 1: CPU_time = 0.00 secs, Wall_time = 0.00 secs
Mon Aug 24 16:32:03 2026: Image # 148, module Metadata # 2: CPU_time = 0.00 secs, Wall_time = 0.00 secs
Mon Aug 24 16:32:03 2026: Image # 148, module NamesAndTypes # 3: CPU_time = 4.89 secs, Wall_time = 7.52 secs
Mon Aug 24 16:32:11 2026: Image # 148, module Groups # 4: CPU_time = 0.00 secs, Wall_time = 0.00 secs
Mon Aug 24 16:32:11 2026: Image # 148, module FilterObjects # 5: CPU_time = 1.85 secs, Wall_time = 1.85 secs
Mon Aug 24 16:32:13 2026: Image # 148, module FilterObjects # 6: CPU_time = 1.67 secs, Wall_time = 1.68 secs
Mon Aug 24 16:32:14 2026: Image # 148, module MaskImage # 7: CPU_time = 0.25 secs, Wall_time = 0.11 secs
Mon Aug 24 16:32:14 2026: Image # 148, module MaskImage # 8: CPU_time = 0.26 secs, Wall_time = 0.12 secs
Mon Aug 24 16:32:15 2026: Image # 148, module MaskObjects # 9: CPU_time = 0.54 secs, Wall_time = 0.54 secs
Mon Aug 24 16:32:15 2026: Image # 148, module ExpandOrShrinkObjects # 10: CPU_time = 0.95 secs, Wall_time = 0.95 secs
Mon Aug 24 16:32:16 2026: Image # 148, module ExpandOrShrinkObjects # 11: CPU_time = 0.96 secs, Wall_time = 0.96 secs
Mon Aug 24 16:32:17 2026: Image # 148, module MaskObjects # 12: CPU_time = 0.60 secs, Wall_time = 0.59 secs
Mon Aug 24 16:32:18 2026: Image # 148, module EnhanceOrSuppressFeatures # 13: CPU_time = 1.11 secs, Wall_time = 1.10 secs
Mon Aug 24 16:32:19 2026: Image # 148, module IdentifyPrimaryObjects # 14: CPU_time = 4.58 secs, Wall_time = 4.58 secs
Mon Aug 24 16:32:23 2026: Image # 148, module MaskObjects # 15: CPU_time = 0.57 secs, Wall_time = 0.56 secs
Mon Aug 24 16:32:24 2026: Image # 148, module RelateObjects # 16: CPU_time = 1.78 secs, Wall_time = 1.78 secs
Mon Aug 24 16:32:26 2026: Image # 148, module RelateObjects # 17: CPU_time = 1.67 secs, Wall_time = 1.67 secs
Mon Aug 24 16:32:27 2026: Image # 148, module MeasureObjectIntensity # 18: CPU_time = 21.29 secs, Wall_time = 21.26 secs
Mon Aug 24 16:32:49 2026: Image # 148, module RelateObjects # 19: CPU_time = 0.42 secs, Wall_time = 0.42 secs
Mon Aug 24 16:32:49 2026: Image # 148, module ExportToSpreadsheet # 20: CPU_time = 0.00 secs, Wall_time = 0.00 secs
Mon Aug 24 16:32:49 2026: Image # 149, module Images # 1: CPU_time = 0.00 secs, Wall_time = 0.00 secs
Mon Aug 24 16:32:49 2026: Image # 149, module Metadata # 2: CPU_time = 0.00 secs, Wall_time = 0.00 secs
Mon Aug 24 16:32:49 2026: Image # 149, module NamesAndTypes # 3: CPU_time = 4.84 secs, Wall_time = 6.04 secs
Mon Aug 24 16:32:55 2026: Image # 149, module Groups # 4: CPU_time = 0.00 secs, Wall_time = 0.00 secs
Mon Aug 24 16:32:55 2026: Image # 149, module FilterObjects # 5: CPU_time = 1.75 secs, Wall_time = 1.75 secs
Mon Aug 24 16:32:57 2026: Image # 149, module FilterObjects # 6: CPU_time = 1.62 secs, Wall_time = 1.62 secs
Mon Aug 24 16:32:59 2026: Image # 149, module MaskImage # 7: CPU_time = 0.24 secs, Wall_time = 0.12 secs
Mon Aug 24 16:32:59 2026: Image # 149, module MaskImage # 8: CPU_time = 0.25 secs, Wall_time = 0.11 secs
Mon Aug 24 16:32:59 2026: Image # 149, module MaskObjects # 9: CPU_time = 0.55 secs, Wall_time = 0.55 secs
Mon Aug 24 16:32:59 2026: Image # 149, module ExpandOrShrinkObjects # 10: CPU_time = 0.95 secs, Wall_time = 0.95 secs
Mon Aug 24 16:33:00 2026: Image # 149, module ExpandOrShrinkObjects # 11: CPU_time = 0.96 secs, Wall_time = 0.95 secs
Mon Aug 24 16:33:01 2026: Image # 149, module MaskObjects # 12: CPU_time = 0.59 secs, Wall_time = 0.59 secs
Mon Aug 24 16:33:02 2026: Image # 149, module EnhanceOrSuppressFeatures # 13: CPU_time = 1.09 secs, Wall_time = 1.09 secs
Mon Aug 24 16:33:03 2026: Image # 149, module IdentifyPrimaryObjects # 14: CPU_time = 4.30 secs, Wall_time = 4.29 secs
Mon Aug 24 16:33:07 2026: Image # 149, module MaskObjects # 15: CPU_time = 0.56 secs, Wall_time = 0.56 secs
Mon Aug 24 16:33:08 2026: Image # 149, module RelateObjects # 16: CPU_time = 1.59 secs, Wall_time = 1.59 secs
Mon Aug 24 16:33:09 2026: Image # 149, module RelateObjects # 17: CPU_time = 1.56 secs, Wall_time = 1.55 secs
Mon Aug 24 16:33:11 2026: Image # 149, module MeasureObjectIntensity # 18: CPU_time = 19.63 secs, Wall_time = 19.61 secs
Mon Aug 24 16:33:31 2026: Image # 149, module RelateObjects # 19: CPU_time = 0.36 secs, Wall_time = 0.37 secs
Mon Aug 24 16:33:31 2026: Image # 149, module ExportToSpreadsheet # 20: CPU_time = 0.00 secs, Wall_time = 0.00 secs
Mon Aug 24 16:33:31 2026: Image # 150, module Images # 1: CPU_time = 0.00 secs, Wall_time = 0.00 secs
Mon Aug 24 16:33:31 2026: Image # 150, module Metadata # 2: CPU_time = 0.00 secs, Wall_time = 0.00 secs
Mon Aug 24 16:33:31 2026: Image # 150, module NamesAndTypes # 3: CPU_time = 4.38 secs, Wall_time = 6.02 secs
Mon Aug 24 16:33:37 2026: Image # 150, module Groups # 4: CPU_time = 0.00 secs, Wall_time = 0.00 secs
Mon Aug 24 16:33:37 2026: Image # 150, module FilterObjects # 5: CPU_time = 1.49 secs, Wall_time = 1.50 secs
Mon Aug 24 16:33:38 2026: Image # 150, module FilterObjects # 6: CPU_time = 1.41 secs, Wall_time = 1.41 secs
Mon Aug 24 16:33:40 2026: Image # 150, module MaskImage # 7: CPU_time = 0.28 secs, Wall_time = 0.13 secs
Mon Aug 24 16:33:40 2026: Image # 150, module MaskImage # 8: CPU_time = 0.27 secs, Wall_time = 0.13 secs
Mon Aug 24 16:33:40 2026: Image # 150, module MaskObjects # 9: CPU_time = 0.54 secs, Wall_time = 0.54 secs
Mon Aug 24 16:33:41 2026: Image # 150, module ExpandOrShrinkObjects # 10: CPU_time = 0.93 secs, Wall_time = 0.93 secs
Mon Aug 24 16:33:42 2026: Image # 150, module ExpandOrShrinkObjects # 11: CPU_time = 1.12 secs, Wall_time = 1.12 secs
Mon Aug 24 16:33:43 2026: Image # 150, module MaskObjects # 12: CPU_time = 0.58 secs, Wall_time = 0.58 secs
Mon Aug 24 16:33:43 2026: Image # 150, module EnhanceOrSuppressFeatures # 13: CPU_time = 1.09 secs, Wall_time = 1.09 secs
Mon Aug 24 16:33:44 2026: Image # 150, module IdentifyPrimaryObjects # 14: CPU_time = 3.99 secs, Wall_time = 3.99 secs
Mon Aug 24 16:33:48 2026: Image # 150, module MaskObjects # 15: CPU_time = 0.54 secs, Wall_time = 0.54 secs
Mon Aug 24 16:33:49 2026: Image # 150, module RelateObjects # 16: CPU_time = 1.23 secs, Wall_time = 1.23 secs
Mon Aug 24 16:33:50 2026: Image # 150, module RelateObjects # 17: CPU_time = 1.22 secs, Wall_time = 1.22 secs
Mon Aug 24 16:33:51 2026: Image # 150, module MeasureObjectIntensity # 18: CPU_time = 17.00 secs, Wall_time = 16.99 secs
Mon Aug 24 16:34:08 2026: Image # 150, module RelateObjects # 19: CPU_time = 0.29 secs, Wall_time = 0.29 secs
Mon Aug 24 16:34:09 2026: Image # 150, module ExportToSpreadsheet # 20: CPU_time = 0.00 secs, Wall_time = 0.00 secs
Mon Aug 24 16:34:09 2026: Image # 151, module Images # 1: CPU_time = 0.00 secs, Wall_time = 0.00 secs
Mon Aug 24 16:34:09 2026: Image # 151, module Metadata # 2: CPU_time = 0.00 secs, Wall_time = 0.00 secs
Mon Aug 24 16:34:09 2026: Image # 151, module NamesAndTypes # 3: CPU_time = 4.51 secs, Wall_time = 5.83 secs
Mon Aug 24 16:34:15 2026: Image # 151, module Groups # 4: CPU_time = 0.00 secs, Wall_time = 0.00 secs
Mon Aug 24 16:34:15 2026: Image # 151, module FilterObjects # 5: CPU_time = 1.47 secs, Wall_time = 1.47 secs
Mon Aug 24 16:34:16 2026: Image # 151, module FilterObjects # 6: CPU_time = 1.41 secs, Wall_time = 1.40 secs
Mon Aug 24 16:34:17 2026: Image # 151, module MaskImage # 7: CPU_time = 0.22 secs, Wall_time = 0.11 secs
Mon Aug 24 16:34:18 2026: Image # 151, module MaskImage # 8: CPU_time = 0.29 secs, Wall_time = 0.15 secs
Mon Aug 24 16:34:18 2026: Image # 151, module MaskObjects # 9: CPU_time = 0.55 secs, Wall_time = 0.55 secs
Mon Aug 24 16:34:18 2026: Image # 151, module ExpandOrShrinkObjects # 10: CPU_time = 0.91 secs, Wall_time = 0.90 secs
Mon Aug 24 16:34:19 2026: Image # 151, module ExpandOrShrinkObjects # 11: CPU_time = 0.95 secs, Wall_time = 0.95 secs
Mon Aug 24 16:34:20 2026: Image # 151, module MaskObjects # 12: CPU_time = 0.61 secs, Wall_time = 0.61 secs
Mon Aug 24 16:34:21 2026: Image # 151, module EnhanceOrSuppressFeatures # 13: CPU_time = 1.10 secs, Wall_time = 1.10 secs
Mon Aug 24 16:34:22 2026: Image # 151, module IdentifyPrimaryObjects # 14: CPU_time = 3.89 secs, Wall_time = 3.88 secs
Mon Aug 24 16:34:26 2026: Image # 151, module MaskObjects # 15: CPU_time = 0.56 secs, Wall_time = 0.56 secs
Mon Aug 24 16:34:26 2026: Image # 151, module RelateObjects # 16: CPU_time = 1.14 secs, Wall_time = 1.14 secs
Mon Aug 24 16:34:27 2026: Image # 151, module RelateObjects # 17: CPU_time = 1.14 secs, Wall_time = 1.14 secs
Mon Aug 24 16:34:29 2026: Image # 151, module MeasureObjectIntensity # 18: CPU_time = 17.41 secs, Wall_time = 17.39 secs
Mon Aug 24 16:34:46 2026: Image # 151, module RelateObjects # 19: CPU_time = 0.27 secs, Wall_time = 0.26 secs
Mon Aug 24 16:34:46 2026: Image # 151, module ExportToSpreadsheet # 20: CPU_time = 0.00 secs, Wall_time = 0.00 secs
Mon Aug 24 16:34:46 2026: Image # 152, module Images # 1: CPU_time = 0.00 secs, Wall_time = 0.00 secs
Mon Aug 24 16:34:46 2026: Image # 152, module Metadata # 2: CPU_time = 0.00 secs, Wall_time = 0.00 secs
Mon Aug 24 16:34:46 2026: Image # 152, module NamesAndTypes # 3: CPU_time = 4.65 secs, Wall_time = 5.35 secs
Mon Aug 24 16:34:52 2026: Image # 152, module Groups # 4: CPU_time = 0.00 secs, Wall_time = 0.00 secs
Mon Aug 24 16:34:52 2026: Image # 152, module FilterObjects # 5: CPU_time = 1.76 secs, Wall_time = 1.75 secs
Mon Aug 24 16:34:53 2026: Image # 152, module FilterObjects # 6: CPU_time = 1.58 secs, Wall_time = 1.59 secs
Mon Aug 24 16:34:55 2026: Image # 152, module MaskImage # 7: CPU_time = 0.27 secs, Wall_time = 0.13 secs
Mon Aug 24 16:34:55 2026: Image # 152, module MaskImage # 8: CPU_time = 0.24 secs, Wall_time = 0.12 secs
Mon Aug 24 16:34:55 2026: Image # 152, module MaskObjects # 9: CPU_time = 0.56 secs, Wall_time = 0.56 secs
Mon Aug 24 16:34:56 2026: Image # 152, module ExpandOrShrinkObjects # 10: CPU_time = 0.96 secs, Wall_time = 0.96 secs
Mon Aug 24 16:34:57 2026: Image # 152, module ExpandOrShrinkObjects # 11: CPU_time = 0.97 secs, Wall_time = 0.97 secs
Mon Aug 24 16:34:58 2026: Image # 152, module MaskObjects # 12: CPU_time = 0.62 secs, Wall_time = 0.61 secs
Mon Aug 24 16:34:58 2026: Image # 152, module EnhanceOrSuppressFeatures # 13: CPU_time = 1.10 secs, Wall_time = 1.10 secs
Mon Aug 24 16:34:59 2026: Image # 152, module IdentifyPrimaryObjects # 14: CPU_time = 3.96 secs, Wall_time = 3.97 secs
Mon Aug 24 16:35:03 2026: Image # 152, module MaskObjects # 15: CPU_time = 0.55 secs, Wall_time = 0.55 secs
Mon Aug 24 16:35:04 2026: Image # 152, module RelateObjects # 16: CPU_time = 1.46 secs, Wall_time = 1.46 secs
Mon Aug 24 16:35:05 2026: Image # 152, module RelateObjects # 17: CPU_time = 1.48 secs, Wall_time = 1.48 secs
Mon Aug 24 16:35:07 2026: Image # 152, module MeasureObjectIntensity # 18: CPU_time = 19.52 secs, Wall_time = 19.50 secs
Mon Aug 24 16:35:26 2026: Image # 152, module RelateObjects # 19: CPU_time = 0.38 secs, Wall_time = 0.37 secs
Mon Aug 24 16:35:27 2026: Image # 152, module ExportToSpreadsheet # 20: CPU_time = 0.00 secs, Wall_time = 0.00 secs
Mon Aug 24 16:35:27 2026: Image # 153, module Images # 1: CPU_time = 0.00 secs, Wall_time = 0.00 secs
Mon Aug 24 16:35:27 2026: Image # 153, module Metadata # 2: CPU_time = 0.00 secs, Wall_time = 0.00 secs
Mon Aug 24 16:35:27 2026: Image # 153, module NamesAndTypes # 3: CPU_time = 4.20 secs, Wall_time = 5.27 secs
Mon Aug 24 16:35:32 2026: Image # 153, module Groups # 4: CPU_time = 0.00 secs, Wall_time = 0.00 secs
Mon Aug 24 16:35:32 2026: Image # 153, module FilterObjects # 5: CPU_time = 1.34 secs, Wall_time = 1.33 secs
Mon Aug 24 16:35:33 2026: Image # 153, module FilterObjects # 6: CPU_time = 1.29 secs, Wall_time = 1.28 secs
Mon Aug 24 16:35:35 2026: Image # 153, module MaskImage # 7: CPU_time = 0.24 secs, Wall_time = 0.11 secs
Mon Aug 24 16:35:35 2026: Image # 153, module MaskImage # 8: CPU_time = 0.13 secs, Wall_time = 0.11 secs
Mon Aug 24 16:35:35 2026: Image # 153, module MaskObjects # 9: CPU_time = 0.53 secs, Wall_time = 0.53 secs
Mon Aug 24 16:35:35 2026: Image # 153, module ExpandOrShrinkObjects # 10: CPU_time = 0.81 secs, Wall_time = 0.81 secs
Mon Aug 24 16:35:36 2026: Image # 153, module ExpandOrShrinkObjects # 11: CPU_time = 0.86 secs, Wall_time = 0.86 secs
Mon Aug 24 16:35:37 2026: Image # 153, module MaskObjects # 12: CPU_time = 0.63 secs, Wall_time = 0.62 secs
Mon Aug 24 16:35:38 2026: Image # 153, module EnhanceOrSuppressFeatures # 13: CPU_time = 1.11 secs, Wall_time = 1.11 secs
Mon Aug 24 16:35:39 2026: Image # 153, module IdentifyPrimaryObjects # 14: CPU_time = 3.63 secs, Wall_time = 3.63 secs
Mon Aug 24 16:35:42 2026: Image # 153, module MaskObjects # 15: CPU_time = 0.57 secs, Wall_time = 0.56 secs
Mon Aug 24 16:35:43 2026: Image # 153, module RelateObjects # 16: CPU_time = 0.98 secs, Wall_time = 0.97 secs
Mon Aug 24 16:35:44 2026: Image # 153, module RelateObjects # 17: CPU_time = 0.97 secs, Wall_time = 0.97 secs
Mon Aug 24 16:35:45 2026: Image # 153, module MeasureObjectIntensity # 18: CPU_time = 16.45 secs, Wall_time = 16.44 secs
Mon Aug 24 16:36:01 2026: Image # 153, module RelateObjects # 19: CPU_time = 0.22 secs, Wall_time = 0.22 secs
Mon Aug 24 16:36:02 2026: Image # 153, module ExportToSpreadsheet # 20: CPU_time = 0.00 secs, Wall_time = 0.00 secs
Mon Aug 24 16:36:02 2026: Image # 154, module Images # 1: CPU_time = 0.00 secs, Wall_time = 0.00 secs
Mon Aug 24 16:36:02 2026: Image # 154, module Metadata # 2: CPU_time = 0.00 secs, Wall_time = 0.00 secs
Mon Aug 24 16:36:02 2026: Image # 154, module NamesAndTypes # 3: CPU_time = 4.60 secs, Wall_time = 5.67 secs
Mon Aug 24 16:36:07 2026: Image # 154, module Groups # 4: CPU_time = 0.00 secs, Wall_time = 0.00 secs
Mon Aug 24 16:36:07 2026: Image # 154, module FilterObjects # 5: CPU_time = 1.56 secs, Wall_time = 1.56 secs
Mon Aug 24 16:36:09 2026: Image # 154, module FilterObjects # 6: CPU_time = 1.43 secs, Wall_time = 1.43 secs
Mon Aug 24 16:36:10 2026: Image # 154, module MaskImage # 7: CPU_time = 0.25 secs, Wall_time = 0.13 secs
Mon Aug 24 16:36:10 2026: Image # 154, module MaskImage # 8: CPU_time = 0.27 secs, Wall_time = 0.12 secs
Mon Aug 24 16:36:11 2026: Image # 154, module MaskObjects # 9: CPU_time = 0.55 secs, Wall_time = 0.55 secs
Mon Aug 24 16:36:11 2026: Image # 154, module ExpandOrShrinkObjects # 10: CPU_time = 0.92 secs, Wall_time = 0.91 secs
Mon Aug 24 16:36:12 2026: Image # 154, module ExpandOrShrinkObjects # 11: CPU_time = 1.14 secs, Wall_time = 1.13 secs
Mon Aug 24 16:36:13 2026: Image # 154, module MaskObjects # 12: CPU_time = 0.59 secs, Wall_time = 0.60 secs
Mon Aug 24 16:36:14 2026: Image # 154, module EnhanceOrSuppressFeatures # 13: CPU_time = 1.09 secs, Wall_time = 1.10 secs
Mon Aug 24 16:36:15 2026: Image # 154, module IdentifyPrimaryObjects # 14: CPU_time = 3.76 secs, Wall_time = 3.75 secs
Mon Aug 24 16:36:19 2026: Image # 154, module MaskObjects # 15: CPU_time = 0.54 secs, Wall_time = 0.54 secs
Mon Aug 24 16:36:19 2026: Image # 154, module RelateObjects # 16: CPU_time = 1.23 secs, Wall_time = 1.22 secs
Mon Aug 24 16:36:20 2026: Image # 154, module RelateObjects # 17: CPU_time = 1.21 secs, Wall_time = 1.20 secs
Mon Aug 24 16:36:22 2026: Image # 154, module MeasureObjectIntensity # 18: CPU_time = 17.67 secs, Wall_time = 17.66 secs
Mon Aug 24 16:36:39 2026: Image # 154, module RelateObjects # 19: CPU_time = 0.26 secs, Wall_time = 0.27 secs
Mon Aug 24 16:36:40 2026: Image # 154, module ExportToSpreadsheet # 20: CPU_time = 0.00 secs, Wall_time = 0.00 secs
Mon Aug 24 16:36:40 2026: Image # 155, module Images # 1: CPU_time = 0.00 secs, Wall_time = 0.00 secs
Mon Aug 24 16:36:40 2026: Image # 155, module Metadata # 2: CPU_time = 0.00 secs, Wall_time = 0.00 secs
Mon Aug 24 16:36:40 2026: Image # 155, module NamesAndTypes # 3: CPU_time = 4.58 secs, Wall_time = 6.60 secs
Mon Aug 24 16:36:46 2026: Image # 155, module Groups # 4: CPU_time = 0.00 secs, Wall_time = 0.00 secs
Mon Aug 24 16:36:46 2026: Image # 155, module FilterObjects # 5: CPU_time = 1.63 secs, Wall_time = 1.63 secs
Mon Aug 24 16:36:48 2026: Image # 155, module FilterObjects # 6: CPU_time = 1.44 secs, Wall_time = 1.43 secs
Mon Aug 24 16:36:49 2026: Image # 155, module MaskImage # 7: CPU_time = 0.33 secs, Wall_time = 0.16 secs
Mon Aug 24 16:36:49 2026: Image # 155, module MaskImage # 8: CPU_time = 0.13 secs, Wall_time = 0.11 secs
Mon Aug 24 16:36:50 2026: Image # 155, module MaskObjects # 9: CPU_time = 0.55 secs, Wall_time = 0.55 secs
Mon Aug 24 16:36:50 2026: Image # 155, module ExpandOrShrinkObjects # 10: CPU_time = 0.94 secs, Wall_time = 0.94 secs
Mon Aug 24 16:36:51 2026: Image # 155, module ExpandOrShrinkObjects # 11: CPU_time = 0.98 secs, Wall_time = 0.98 secs
Mon Aug 24 16:36:52 2026: Image # 155, module MaskObjects # 12: CPU_time = 0.62 secs, Wall_time = 0.62 secs
Mon Aug 24 16:36:53 2026: Image # 155, module EnhanceOrSuppressFeatures # 13: CPU_time = 1.11 secs, Wall_time = 1.11 secs
Mon Aug 24 16:36:54 2026: Image # 155, module IdentifyPrimaryObjects # 14: CPU_time = 4.04 secs, Wall_time = 4.03 secs
Mon Aug 24 16:36:58 2026: Image # 155, module MaskObjects # 15: CPU_time = 0.55 secs, Wall_time = 0.55 secs
Mon Aug 24 16:36:58 2026: Image # 155, module RelateObjects # 16: CPU_time = 1.26 secs, Wall_time = 1.26 secs
Mon Aug 24 16:37:00 2026: Image # 155, module RelateObjects # 17: CPU_time = 1.25 secs, Wall_time = 1.26 secs
Mon Aug 24 16:37:01 2026: Image # 155, module MeasureObjectIntensity # 18: CPU_time = 18.21 secs, Wall_time = 18.19 secs
Mon Aug 24 16:37:19 2026: Image # 155, module RelateObjects # 19: CPU_time = 0.30 secs, Wall_time = 0.29 secs
Mon Aug 24 16:37:19 2026: Image # 155, module ExportToSpreadsheet # 20: CPU_time = 0.00 secs, Wall_time = 0.00 secs
Mon Aug 24 16:37:19 2026: Image # 156, module Images # 1: CPU_time = 0.00 secs, Wall_time = 0.00 secs
Mon Aug 24 16:37:19 2026: Image # 156, module Metadata # 2: CPU_time = 0.00 secs, Wall_time = 0.00 secs
Mon Aug 24 16:37:19 2026: Image # 156, module NamesAndTypes # 3: CPU_time = 4.79 secs, Wall_time = 6.50 secs
Mon Aug 24 16:37:26 2026: Image # 156, module Groups # 4: CPU_time = 0.00 secs, Wall_time = 0.00 secs
Mon Aug 24 16:37:26 2026: Image # 156, module FilterObjects # 5: CPU_time = 1.78 secs, Wall_time = 1.77 secs
Mon Aug 24 16:37:28 2026: Image # 156, module FilterObjects # 6: CPU_time = 1.59 secs, Wall_time = 1.59 secs
Mon Aug 24 16:37:29 2026: Image # 156, module MaskImage # 7: CPU_time = 0.26 secs, Wall_time = 0.12 secs
Mon Aug 24 16:37:29 2026: Image # 156, module MaskImage # 8: CPU_time = 0.28 secs, Wall_time = 0.15 secs
Mon Aug 24 16:37:30 2026: Image # 156, module MaskObjects # 9: CPU_time = 0.55 secs, Wall_time = 0.55 secs
Mon Aug 24 16:37:30 2026: Image # 156, module ExpandOrShrinkObjects # 10: CPU_time = 0.95 secs, Wall_time = 0.95 secs
Mon Aug 24 16:37:31 2026: Image # 156, module ExpandOrShrinkObjects # 11: CPU_time = 0.96 secs, Wall_time = 0.96 secs
Mon Aug 24 16:37:32 2026: Image # 156, module MaskObjects # 12: CPU_time = 0.58 secs, Wall_time = 0.58 secs
Mon Aug 24 16:37:33 2026: Image # 156, module EnhanceOrSuppressFeatures # 13: CPU_time = 1.11 secs, Wall_time = 1.10 secs
Mon Aug 24 16:37:34 2026: Image # 156, module IdentifyPrimaryObjects # 14: CPU_time = 4.36 secs, Wall_time = 4.34 secs
Mon Aug 24 16:37:38 2026: Image # 156, module MaskObjects # 15: CPU_time = 0.56 secs, Wall_time = 0.56 secs
Mon Aug 24 16:37:39 2026: Image # 156, module RelateObjects # 16: CPU_time = 1.70 secs, Wall_time = 1.70 secs
Mon Aug 24 16:37:40 2026: Image # 156, module RelateObjects # 17: CPU_time = 1.67 secs, Wall_time = 1.67 secs
Mon Aug 24 16:37:42 2026: Image # 156, module MeasureObjectIntensity # 18: CPU_time = 20.49 secs, Wall_time = 20.47 secs
Mon Aug 24 16:38:02 2026: Image # 156, module RelateObjects # 19: CPU_time = 0.38 secs, Wall_time = 0.38 secs
Mon Aug 24 16:38:03 2026: Image # 156, module ExportToSpreadsheet # 20: CPU_time = 0.00 secs, Wall_time = 0.00 secs
Mon Aug 24 16:38:03 2026: Image # 157, module Images # 1: CPU_time = 0.00 secs, Wall_time = 0.00 secs
Mon Aug 24 16:38:03 2026: Image # 157, module Metadata # 2: CPU_time = 0.00 secs, Wall_time = 0.00 secs
Mon Aug 24 16:38:03 2026: Image # 157, module NamesAndTypes # 3: CPU_time = 4.53 secs, Wall_time = 6.47 secs
Mon Aug 24 16:38:09 2026: Image # 157, module Groups # 4: CPU_time = 0.00 secs, Wall_time = 0.00 secs
Mon Aug 24 16:38:09 2026: Image # 157, module FilterObjects # 5: CPU_time = 1.58 secs, Wall_time = 1.58 secs
Mon Aug 24 16:38:11 2026: Image # 157, module FilterObjects # 6: CPU_time = 1.44 secs, Wall_time = 1.43 secs
Mon Aug 24 16:38:12 2026: Image # 157, module MaskImage # 7: CPU_time = 0.27 secs, Wall_time = 0.13 secs
Mon Aug 24 16:38:12 2026: Image # 157, module MaskImage # 8: CPU_time = 0.28 secs, Wall_time = 0.13 secs
Mon Aug 24 16:38:13 2026: Image # 157, module MaskObjects # 9: CPU_time = 0.55 secs, Wall_time = 0.54 secs
Mon Aug 24 16:38:13 2026: Image # 157, module ExpandOrShrinkObjects # 10: CPU_time = 0.92 secs, Wall_time = 0.92 secs
Mon Aug 24 16:38:14 2026: Image # 157, module ExpandOrShrinkObjects # 11: CPU_time = 0.95 secs, Wall_time = 0.95 secs
Mon Aug 24 16:38:15 2026: Image # 157, module MaskObjects # 12: CPU_time = 0.60 secs, Wall_time = 0.59 secs
Mon Aug 24 16:38:16 2026: Image # 157, module EnhanceOrSuppressFeatures # 13: CPU_time = 1.10 secs, Wall_time = 1.10 secs
Mon Aug 24 16:38:17 2026: Image # 157, module IdentifyPrimaryObjects # 14: CPU_time = 3.90 secs, Wall_time = 3.90 secs
Mon Aug 24 16:38:21 2026: Image # 157, module MaskObjects # 15: CPU_time = 0.55 secs, Wall_time = 0.54 secs
Mon Aug 24 16:38:21 2026: Image # 157, module RelateObjects # 16: CPU_time = 1.26 secs, Wall_time = 1.26 secs
Mon Aug 24 16:38:22 2026: Image # 157, module RelateObjects # 17: CPU_time = 1.29 secs, Wall_time = 1.29 secs
Mon Aug 24 16:38:24 2026: Image # 157, module MeasureObjectIntensity # 18: CPU_time = 17.83 secs, Wall_time = 17.82 secs
Mon Aug 24 16:38:42 2026: Image # 157, module RelateObjects # 19: CPU_time = 0.28 secs, Wall_time = 0.28 secs
Mon Aug 24 16:38:42 2026: Image # 157, module ExportToSpreadsheet # 20: CPU_time = 0.00 secs, Wall_time = 0.00 secs
Mon Aug 24 16:38:42 2026: Image # 158, module Images # 1: CPU_time = 0.00 secs, Wall_time = 0.00 secs
Mon Aug 24 16:38:42 2026: Image # 158, module Metadata # 2: CPU_time = 0.00 secs, Wall_time = 0.00 secs
Mon Aug 24 16:38:42 2026: Image # 158, module NamesAndTypes # 3: CPU_time = 4.84 secs, Wall_time = 5.88 secs
Mon Aug 24 16:38:48 2026: Image # 158, module Groups # 4: CPU_time = 0.00 secs, Wall_time = 0.00 secs
Mon Aug 24 16:38:48 2026: Image # 158, module FilterObjects # 5: CPU_time = 1.75 secs, Wall_time = 1.74 secs
Mon Aug 24 16:38:49 2026: Image # 158, module FilterObjects # 6: CPU_time = 1.60 secs, Wall_time = 1.60 secs
Mon Aug 24 16:38:51 2026: Image # 158, module MaskImage # 7: CPU_time = 0.25 secs, Wall_time = 0.13 secs
Mon Aug 24 16:38:51 2026: Image # 158, module MaskImage # 8: CPU_time = 0.24 secs, Wall_time = 0.14 secs
Mon Aug 24 16:38:51 2026: Image # 158, module MaskObjects # 9: CPU_time = 0.56 secs, Wall_time = 0.56 secs
Mon Aug 24 16:38:52 2026: Image # 158, module ExpandOrShrinkObjects # 10: CPU_time = 0.93 secs, Wall_time = 0.94 secs
Mon Aug 24 16:38:53 2026: Image # 158, module ExpandOrShrinkObjects # 11: CPU_time = 0.97 secs, Wall_time = 0.96 secs
Mon Aug 24 16:38:54 2026: Image # 158, module MaskObjects # 12: CPU_time = 0.60 secs, Wall_time = 0.60 secs
Mon Aug 24 16:38:54 2026: Image # 158, module EnhanceOrSuppressFeatures # 13: CPU_time = 1.10 secs, Wall_time = 1.10 secs
Mon Aug 24 16:38:56 2026: Image # 158, module IdentifyPrimaryObjects # 14: CPU_time = 4.35 secs, Wall_time = 4.35 secs
Mon Aug 24 16:39:00 2026: Image # 158, module MaskObjects # 15: CPU_time = 0.58 secs, Wall_time = 0.59 secs
Mon Aug 24 16:39:00 2026: Image # 158, module RelateObjects # 16: CPU_time = 1.54 secs, Wall_time = 1.54 secs
Mon Aug 24 16:39:02 2026: Image # 158, module RelateObjects # 17: CPU_time = 1.53 secs, Wall_time = 1.53 secs
Mon Aug 24 16:39:04 2026: Image # 158, module MeasureObjectIntensity # 18: CPU_time = 19.87 secs, Wall_time = 19.85 secs
Mon Aug 24 16:39:23 2026: Image # 158, module RelateObjects # 19: CPU_time = 0.39 secs, Wall_time = 0.39 secs
Mon Aug 24 16:39:24 2026: Image # 158, module ExportToSpreadsheet # 20: CPU_time = 0.00 secs, Wall_time = 0.00 secs
Mon Aug 24 16:39:24 2026: Image # 159, module Images # 1: CPU_time = 0.00 secs, Wall_time = 0.00 secs
Mon Aug 24 16:39:24 2026: Image # 159, module Metadata # 2: CPU_time = 0.00 secs, Wall_time = 0.00 secs
Mon Aug 24 16:39:24 2026: Image # 159, module NamesAndTypes # 3: CPU_time = 4.63 secs, Wall_time = 5.65 secs
Mon Aug 24 16:39:29 2026: Image # 159, module Groups # 4: CPU_time = 0.00 secs, Wall_time = 0.00 secs
Mon Aug 24 16:39:29 2026: Image # 159, module FilterObjects # 5: CPU_time = 1.55 secs, Wall_time = 1.55 secs
Mon Aug 24 16:39:31 2026: Image # 159, module FilterObjects # 6: CPU_time = 1.44 secs, Wall_time = 1.45 secs
Mon Aug 24 16:39:32 2026: Image # 159, module MaskImage # 7: CPU_time = 0.24 secs, Wall_time = 0.12 secs
Mon Aug 24 16:39:33 2026: Image # 159, module MaskImage # 8: CPU_time = 0.23 secs, Wall_time = 0.12 secs
Mon Aug 24 16:39:33 2026: Image # 159, module MaskObjects # 9: CPU_time = 0.55 secs, Wall_time = 0.55 secs
Mon Aug 24 16:39:33 2026: Image # 159, module ExpandOrShrinkObjects # 10: CPU_time = 0.93 secs, Wall_time = 0.92 secs
Mon Aug 24 16:39:34 2026: Image # 159, module ExpandOrShrinkObjects # 11: CPU_time = 0.96 secs, Wall_time = 0.96 secs
Mon Aug 24 16:39:35 2026: Image # 159, module MaskObjects # 12: CPU_time = 0.61 secs, Wall_time = 0.60 secs
Mon Aug 24 16:39:36 2026: Image # 159, module EnhanceOrSuppressFeatures # 13: CPU_time = 1.11 secs, Wall_time = 1.11 secs
Mon Aug 24 16:39:37 2026: Image # 159, module IdentifyPrimaryObjects # 14: CPU_time = 4.05 secs, Wall_time = 4.05 secs
Mon Aug 24 16:39:41 2026: Image # 159, module MaskObjects # 15: CPU_time = 0.53 secs, Wall_time = 0.54 secs
Mon Aug 24 16:39:41 2026: Image # 159, module RelateObjects # 16: CPU_time = 1.26 secs, Wall_time = 1.27 secs
Mon Aug 24 16:39:43 2026: Image # 159, module RelateObjects # 17: CPU_time = 1.25 secs, Wall_time = 1.24 secs
Mon Aug 24 16:39:44 2026: Image # 159, module MeasureObjectIntensity # 18: CPU_time = 18.10 secs, Wall_time = 18.09 secs
Mon Aug 24 16:40:02 2026: Image # 159, module RelateObjects # 19: CPU_time = 0.30 secs, Wall_time = 0.31 secs
Mon Aug 24 16:40:02 2026: Image # 159, module ExportToSpreadsheet # 20: CPU_time = 0.00 secs, Wall_time = 0.00 secs
Mon Aug 24 16:40:02 2026: Image # 160, module Images # 1: CPU_time = 0.00 secs, Wall_time = 0.00 secs
Mon Aug 24 16:40:02 2026: Image # 160, module Metadata # 2: CPU_time = 0.00 secs, Wall_time = 0.00 secs
Mon Aug 24 16:40:02 2026: Image # 160, module NamesAndTypes # 3: CPU_time = 4.88 secs, Wall_time = 8.24 secs
Mon Aug 24 16:40:11 2026: Image # 160, module Groups # 4: CPU_time = 0.00 secs, Wall_time = 0.00 secs
Mon Aug 24 16:40:11 2026: Image # 160, module FilterObjects # 5: CPU_time = 1.40 secs, Wall_time = 1.39 secs
Mon Aug 24 16:40:12 2026: Image # 160, module FilterObjects # 6: CPU_time = 1.45 secs, Wall_time = 1.45 secs
Mon Aug 24 16:40:13 2026: Image # 160, module MaskImage # 7: CPU_time = 0.27 secs, Wall_time = 0.13 secs
Mon Aug 24 16:40:14 2026: Image # 160, module MaskImage # 8: CPU_time = 0.34 secs, Wall_time = 0.16 secs
Mon Aug 24 16:40:14 2026: Image # 160, module MaskObjects # 9: CPU_time = 0.56 secs, Wall_time = 0.56 secs
Mon Aug 24 16:40:14 2026: Image # 160, module ExpandOrShrinkObjects # 10: CPU_time = 1.05 secs, Wall_time = 1.06 secs
Mon Aug 24 16:40:15 2026: Image # 160, module ExpandOrShrinkObjects # 11: CPU_time = 1.09 secs, Wall_time = 1.09 secs
Mon Aug 24 16:40:16 2026: Image # 160, module MaskObjects # 12: CPU_time = 0.62 secs, Wall_time = 0.62 secs
Mon Aug 24 16:40:17 2026: Image # 160, module EnhanceOrSuppressFeatures # 13: CPU_time = 1.12 secs, Wall_time = 1.11 secs
Mon Aug 24 16:40:18 2026: Image # 160, module IdentifyPrimaryObjects # 14: CPU_time = 4.06 secs, Wall_time = 4.06 secs
Mon Aug 24 16:40:22 2026: Image # 160, module MaskObjects # 15: CPU_time = 0.57 secs, Wall_time = 0.56 secs
Mon Aug 24 16:40:23 2026: Image # 160, module RelateObjects # 16: CPU_time = 1.19 secs, Wall_time = 1.19 secs
Mon Aug 24 16:40:24 2026: Image # 160, module RelateObjects # 17: CPU_time = 1.18 secs, Wall_time = 1.18 secs
Mon Aug 24 16:40:25 2026: Image # 160, module MeasureObjectIntensity # 18: CPU_time = 17.54 secs, Wall_time = 17.52 secs
Mon Aug 24 16:40:43 2026: Image # 160, module RelateObjects # 19: CPU_time = 0.27 secs, Wall_time = 0.27 secs
Mon Aug 24 16:40:43 2026: Image # 160, module ExportToSpreadsheet # 20: CPU_time = 0.00 secs, Wall_time = 0.00 secs
Mon Aug 24 16:40:43 2026: Image # 161, module Images # 1: CPU_time = 0.00 secs, Wall_time = 0.00 secs
Mon Aug 24 16:40:43 2026: Image # 161, module Metadata # 2: CPU_time = 0.00 secs, Wall_time = 0.00 secs
Mon Aug 24 16:40:43 2026: Image # 161, module NamesAndTypes # 3: CPU_time = 4.44 secs, Wall_time = 7.23 secs
Mon Aug 24 16:40:50 2026: Image # 161, module Groups # 4: CPU_time = 0.00 secs, Wall_time = 0.00 secs
Mon Aug 24 16:40:50 2026: Image # 161, module FilterObjects # 5: CPU_time = 1.60 secs, Wall_time = 1.60 secs
Mon Aug 24 16:40:52 2026: Image # 161, module FilterObjects # 6: CPU_time = 1.46 secs, Wall_time = 1.47 secs
Mon Aug 24 16:40:53 2026: Image # 161, module MaskImage # 7: CPU_time = 0.33 secs, Wall_time = 0.15 secs
Mon Aug 24 16:40:54 2026: Image # 161, module MaskImage # 8: CPU_time = 0.15 secs, Wall_time = 0.13 secs
Mon Aug 24 16:40:54 2026: Image # 161, module MaskObjects # 9: CPU_time = 0.55 secs, Wall_time = 0.54 secs
Mon Aug 24 16:40:54 2026: Image # 161, module ExpandOrShrinkObjects # 10: CPU_time = 0.89 secs, Wall_time = 0.89 secs
Mon Aug 24 16:40:55 2026: Image # 161, module ExpandOrShrinkObjects # 11: CPU_time = 0.92 secs, Wall_time = 0.92 secs
Mon Aug 24 16:40:56 2026: Image # 161, module MaskObjects # 12: CPU_time = 0.58 secs, Wall_time = 0.59 secs
Mon Aug 24 16:40:57 2026: Image # 161, module EnhanceOrSuppressFeatures # 13: CPU_time = 1.10 secs, Wall_time = 1.10 secs
Mon Aug 24 16:40:58 2026: Image # 161, module IdentifyPrimaryObjects # 14: CPU_time = 3.90 secs, Wall_time = 3.89 secs
Mon Aug 24 16:41:02 2026: Image # 161, module MaskObjects # 15: CPU_time = 0.55 secs, Wall_time = 0.55 secs
Mon Aug 24 16:41:02 2026: Image # 161, module RelateObjects # 16: CPU_time = 1.34 secs, Wall_time = 1.34 secs
Mon Aug 24 16:41:03 2026: Image # 161, module RelateObjects # 17: CPU_time = 1.35 secs, Wall_time = 1.35 secs
Mon Aug 24 16:41:05 2026: Image # 161, module MeasureObjectIntensity # 18: CPU_time = 17.35 secs, Wall_time = 17.33 secs
Mon Aug 24 16:41:22 2026: Image # 161, module RelateObjects # 19: CPU_time = 0.27 secs, Wall_time = 0.27 secs
Mon Aug 24 16:41:22 2026: Image # 161, module ExportToSpreadsheet # 20: CPU_time = 0.00 secs, Wall_time = 0.00 secs
Mon Aug 24 16:41:22 2026: Image # 162, module Images # 1: CPU_time = 0.00 secs, Wall_time = 0.00 secs
Mon Aug 24 16:41:22 2026: Image # 162, module Metadata # 2: CPU_time = 0.00 secs, Wall_time = 0.00 secs
Mon Aug 24 16:41:22 2026: Image # 162, module NamesAndTypes # 3: CPU_time = 4.65 secs, Wall_time = 7.15 secs
Mon Aug 24 16:41:30 2026: Image # 162, module Groups # 4: CPU_time = 0.00 secs, Wall_time = 0.00 secs
Mon Aug 24 16:41:30 2026: Image # 162, module FilterObjects # 5: CPU_time = 1.60 secs, Wall_time = 1.59 secs
Mon Aug 24 16:41:31 2026: Image # 162, module FilterObjects # 6: CPU_time = 1.46 secs, Wall_time = 1.47 secs
Mon Aug 24 16:41:33 2026: Image # 162, module MaskImage # 7: CPU_time = 0.27 secs, Wall_time = 0.13 secs
Mon Aug 24 16:41:33 2026: Image # 162, module MaskImage # 8: CPU_time = 0.23 secs, Wall_time = 0.12 secs
Mon Aug 24 16:41:33 2026: Image # 162, module MaskObjects # 9: CPU_time = 0.57 secs, Wall_time = 0.57 secs
Mon Aug 24 16:41:34 2026: Image # 162, module ExpandOrShrinkObjects # 10: CPU_time = 1.02 secs, Wall_time = 1.02 secs
Mon Aug 24 16:41:35 2026: Image # 162, module ExpandOrShrinkObjects # 11: CPU_time = 1.06 secs, Wall_time = 1.05 secs
Mon Aug 24 16:41:36 2026: Image # 162, module MaskObjects # 12: CPU_time = 0.59 secs, Wall_time = 0.59 secs
Mon Aug 24 16:41:36 2026: Image # 162, module EnhanceOrSuppressFeatures # 13: CPU_time = 1.11 secs, Wall_time = 1.11 secs
Mon Aug 24 16:41:37 2026: Image # 162, module IdentifyPrimaryObjects # 14: CPU_time = 3.87 secs, Wall_time = 3.87 secs
Mon Aug 24 16:41:41 2026: Image # 162, module MaskObjects # 15: CPU_time = 0.59 secs, Wall_time = 0.58 secs
Mon Aug 24 16:41:42 2026: Image # 162, module RelateObjects # 16: CPU_time = 1.32 secs, Wall_time = 1.31 secs
Mon Aug 24 16:41:43 2026: Image # 162, module RelateObjects # 17: CPU_time = 1.31 secs, Wall_time = 1.32 secs
Mon Aug 24 16:41:44 2026: Image # 162, module MeasureObjectIntensity # 18: CPU_time = 18.01 secs, Wall_time = 17.99 secs
Mon Aug 24 16:42:02 2026: Image # 162, module RelateObjects # 19: CPU_time = 0.27 secs, Wall_time = 0.27 secs
Mon Aug 24 16:42:03 2026: Image # 162, module ExportToSpreadsheet # 20: CPU_time = 0.00 secs, Wall_time = 0.00 secs
Mon Aug 24 16:42:03 2026: Image # 163, module Images # 1: CPU_time = 0.00 secs, Wall_time = 0.00 secs
Mon Aug 24 16:42:03 2026: Image # 163, module Metadata # 2: CPU_time = 0.00 secs, Wall_time = 0.00 secs
Mon Aug 24 16:42:03 2026: Image # 163, module NamesAndTypes # 3: CPU_time = 4.55 secs, Wall_time = 6.77 secs
Mon Aug 24 16:42:09 2026: Image # 163, module Groups # 4: CPU_time = 0.00 secs, Wall_time = 0.00 secs
Mon Aug 24 16:42:09 2026: Image # 163, module FilterObjects # 5: CPU_time = 1.54 secs, Wall_time = 1.54 secs
Mon Aug 24 16:42:11 2026: Image # 163, module FilterObjects # 6: CPU_time = 1.43 secs, Wall_time = 1.42 secs
Mon Aug 24 16:42:12 2026: Image # 163, module MaskImage # 7: CPU_time = 0.25 secs, Wall_time = 0.12 secs
Mon Aug 24 16:42:13 2026: Image # 163, module MaskImage # 8: CPU_time = 0.25 secs, Wall_time = 0.12 secs
Mon Aug 24 16:42:13 2026: Image # 163, module MaskObjects # 9: CPU_time = 0.58 secs, Wall_time = 0.58 secs
Mon Aug 24 16:42:13 2026: Image # 163, module ExpandOrShrinkObjects # 10: CPU_time = 1.04 secs, Wall_time = 1.04 secs
Mon Aug 24 16:42:14 2026: Image # 163, module ExpandOrShrinkObjects # 11: CPU_time = 1.10 secs, Wall_time = 1.09 secs
Mon Aug 24 16:42:15 2026: Image # 163, module MaskObjects # 12: CPU_time = 0.57 secs, Wall_time = 0.57 secs
Mon Aug 24 16:42:16 2026: Image # 163, module EnhanceOrSuppressFeatures # 13: CPU_time = 1.09 secs, Wall_time = 1.09 secs
Mon Aug 24 16:42:17 2026: Image # 163, module IdentifyPrimaryObjects # 14: CPU_time = 4.34 secs, Wall_time = 4.33 secs
Mon Aug 24 16:42:21 2026: Image # 163, module MaskObjects # 15: CPU_time = 0.57 secs, Wall_time = 0.57 secs
Mon Aug 24 16:42:22 2026: Image # 163, module RelateObjects # 16: CPU_time = 1.31 secs, Wall_time = 1.32 secs
Mon Aug 24 16:42:23 2026: Image # 163, module RelateObjects # 17: CPU_time = 1.32 secs, Wall_time = 1.31 secs
Mon Aug 24 16:42:25 2026: Image # 163, module MeasureObjectIntensity # 18: CPU_time = 18.20 secs, Wall_time = 18.18 secs
Mon Aug 24 16:42:43 2026: Image # 163, module RelateObjects # 19: CPU_time = 0.30 secs, Wall_time = 0.30 secs
Mon Aug 24 16:42:43 2026: Image # 163, module ExportToSpreadsheet # 20: CPU_time = 0.00 secs, Wall_time = 0.00 secs
Mon Aug 24 16:42:43 2026: Image # 164, module Images # 1: CPU_time = 0.00 secs, Wall_time = 0.00 secs
Mon Aug 24 16:42:43 2026: Image # 164, module Metadata # 2: CPU_time = 0.00 secs, Wall_time = 0.00 secs
Mon Aug 24 16:42:43 2026: Image # 164, module NamesAndTypes # 3: CPU_time = 4.78 secs, Wall_time = 7.28 secs
Mon Aug 24 16:42:50 2026: Image # 164, module Groups # 4: CPU_time = 0.00 secs, Wall_time = 0.00 secs
Mon Aug 24 16:42:50 2026: Image # 164, module FilterObjects # 5: CPU_time = 1.86 secs, Wall_time = 1.85 secs
Mon Aug 24 16:42:52 2026: Image # 164, module FilterObjects # 6: CPU_time = 1.57 secs, Wall_time = 1.57 secs
Mon Aug 24 16:42:54 2026: Image # 164, module MaskImage # 7: CPU_time = 0.25 secs, Wall_time = 0.12 secs
Mon Aug 24 16:42:54 2026: Image # 164, module MaskImage # 8: CPU_time = 0.27 secs, Wall_time = 0.12 secs
Mon Aug 24 16:42:54 2026: Image # 164, module MaskObjects # 9: CPU_time = 0.59 secs, Wall_time = 0.59 secs
Mon Aug 24 16:42:55 2026: Image # 164, module ExpandOrShrinkObjects # 10: CPU_time = 1.13 secs, Wall_time = 1.13 secs
Mon Aug 24 16:42:56 2026: Image # 164, module ExpandOrShrinkObjects # 11: CPU_time = 1.12 secs, Wall_time = 1.12 secs
Mon Aug 24 16:42:57 2026: Image # 164, module MaskObjects # 12: CPU_time = 0.60 secs, Wall_time = 0.61 secs
Mon Aug 24 16:42:58 2026: Image # 164, module EnhanceOrSuppressFeatures # 13: CPU_time = 1.12 secs, Wall_time = 1.12 secs
Mon Aug 24 16:42:59 2026: Image # 164, module IdentifyPrimaryObjects # 14: CPU_time = 4.11 secs, Wall_time = 4.11 secs
Mon Aug 24 16:43:03 2026: Image # 164, module MaskObjects # 15: CPU_time = 0.56 secs, Wall_time = 0.56 secs
Mon Aug 24 16:43:03 2026: Image # 164, module RelateObjects # 16: CPU_time = 1.51 secs, Wall_time = 1.50 secs
Mon Aug 24 16:43:05 2026: Image # 164, module RelateObjects # 17: CPU_time = 1.47 secs, Wall_time = 1.47 secs
Mon Aug 24 16:43:06 2026: Image # 164, module MeasureObjectIntensity # 18: CPU_time = 19.56 secs, Wall_time = 19.53 secs
Mon Aug 24 16:43:26 2026: Image # 164, module RelateObjects # 19: CPU_time = 0.35 secs, Wall_time = 0.35 secs
Mon Aug 24 16:43:26 2026: Image # 164, module ExportToSpreadsheet # 20: CPU_time = 0.00 secs, Wall_time = 0.00 secs
Mon Aug 24 16:43:26 2026: Image # 165, module Images # 1: CPU_time = 0.00 secs, Wall_time = 0.00 secs
Mon Aug 24 16:43:26 2026: Image # 165, module Metadata # 2: CPU_time = 0.00 secs, Wall_time = 0.00 secs
Mon Aug 24 16:43:26 2026: Image # 165, module NamesAndTypes # 3: CPU_time = 4.57 secs, Wall_time = 6.78 secs
Mon Aug 24 16:43:33 2026: Image # 165, module Groups # 4: CPU_time = 0.00 secs, Wall_time = 0.00 secs
Mon Aug 24 16:43:33 2026: Image # 165, module FilterObjects # 5: CPU_time = 1.66 secs, Wall_time = 1.66 secs
Mon Aug 24 16:43:35 2026: Image # 165, module FilterObjects # 6: CPU_time = 1.62 secs, Wall_time = 1.61 secs
Mon Aug 24 16:43:36 2026: Image # 165, module MaskImage # 7: CPU_time = 0.34 secs, Wall_time = 0.16 secs
Mon Aug 24 16:43:36 2026: Image # 165, module MaskImage # 8: CPU_time = 0.14 secs, Wall_time = 0.12 secs
Mon Aug 24 16:43:37 2026: Image # 165, module MaskObjects # 9: CPU_time = 0.57 secs, Wall_time = 0.57 secs
Mon Aug 24 16:43:37 2026: Image # 165, module ExpandOrShrinkObjects # 10: CPU_time = 0.89 secs, Wall_time = 0.88 secs
Mon Aug 24 16:43:38 2026: Image # 165, module ExpandOrShrinkObjects # 11: CPU_time = 1.10 secs, Wall_time = 1.10 secs
Mon Aug 24 16:43:39 2026: Image # 165, module MaskObjects # 12: CPU_time = 0.60 secs, Wall_time = 0.60 secs
Mon Aug 24 16:43:40 2026: Image # 165, module EnhanceOrSuppressFeatures # 13: CPU_time = 1.09 secs, Wall_time = 1.10 secs
Mon Aug 24 16:43:41 2026: Image # 165, module IdentifyPrimaryObjects # 14: CPU_time = 4.10 secs, Wall_time = 4.09 secs
Mon Aug 24 16:43:45 2026: Image # 165, module MaskObjects # 15: CPU_time = 0.56 secs, Wall_time = 0.56 secs
Mon Aug 24 16:43:46 2026: Image # 165, module RelateObjects # 16: CPU_time = 1.40 secs, Wall_time = 1.39 secs
Mon Aug 24 16:43:47 2026: Image # 165, module RelateObjects # 17: CPU_time = 1.37 secs, Wall_time = 1.37 secs
Mon Aug 24 16:43:48 2026: Image # 165, module MeasureObjectIntensity # 18: CPU_time = 19.35 secs, Wall_time = 19.32 secs
Mon Aug 24 16:44:08 2026: Image # 165, module RelateObjects # 19: CPU_time = 0.36 secs, Wall_time = 0.35 secs
Mon Aug 24 16:44:08 2026: Image # 165, module ExportToSpreadsheet # 20: CPU_time = 0.00 secs, Wall_time = 0.00 secs
Mon Aug 24 16:44:08 2026: Image # 166, module Images # 1: CPU_time = 0.00 secs, Wall_time = 0.00 secs
Mon Aug 24 16:44:08 2026: Image # 166, module Metadata # 2: CPU_time = 0.00 secs, Wall_time = 0.00 secs
Mon Aug 24 16:44:08 2026: Image # 166, module NamesAndTypes # 3: CPU_time = 4.89 secs, Wall_time = 7.74 secs
Mon Aug 24 16:44:16 2026: Image # 166, module Groups # 4: CPU_time = 0.00 secs, Wall_time = 0.00 secs
Mon Aug 24 16:44:16 2026: Image # 166, module FilterObjects # 5: CPU_time = 1.52 secs, Wall_time = 1.52 secs
Mon Aug 24 16:44:17 2026: Image # 166, module FilterObjects # 6: CPU_time = 1.43 secs, Wall_time = 1.43 secs
Mon Aug 24 16:44:19 2026: Image # 166, module MaskImage # 7: CPU_time = 0.25 secs, Wall_time = 0.12 secs
Mon Aug 24 16:44:19 2026: Image # 166, module MaskImage # 8: CPU_time = 0.23 secs, Wall_time = 0.12 secs
Mon Aug 24 16:44:19 2026: Image # 166, module MaskObjects # 9: CPU_time = 0.54 secs, Wall_time = 0.54 secs
Mon Aug 24 16:44:19 2026: Image # 166, module ExpandOrShrinkObjects # 10: CPU_time = 0.94 secs, Wall_time = 0.94 secs
Mon Aug 24 16:44:20 2026: Image # 166, module ExpandOrShrinkObjects # 11: CPU_time = 0.99 secs, Wall_time = 1.00 secs
Mon Aug 24 16:44:21 2026: Image # 166, module MaskObjects # 12: CPU_time = 0.58 secs, Wall_time = 0.58 secs
Mon Aug 24 16:44:22 2026: Image # 166, module EnhanceOrSuppressFeatures # 13: CPU_time = 1.13 secs, Wall_time = 1.12 secs
Mon Aug 24 16:44:23 2026: Image # 166, module IdentifyPrimaryObjects # 14: CPU_time = 4.10 secs, Wall_time = 4.09 secs
Mon Aug 24 16:44:27 2026: Image # 166, module MaskObjects # 15: CPU_time = 0.54 secs, Wall_time = 0.54 secs
Mon Aug 24 16:44:28 2026: Image # 166, module RelateObjects # 16: CPU_time = 1.33 secs, Wall_time = 1.32 secs
Mon Aug 24 16:44:29 2026: Image # 166, module RelateObjects # 17: CPU_time = 1.29 secs, Wall_time = 1.29 secs
Mon Aug 24 16:44:30 2026: Image # 166, module MeasureObjectIntensity # 18: CPU_time = 17.75 secs, Wall_time = 17.73 secs
Mon Aug 24 16:44:48 2026: Image # 166, module RelateObjects # 19: CPU_time = 0.30 secs, Wall_time = 0.30 secs
Mon Aug 24 16:44:48 2026: Image # 166, module ExportToSpreadsheet # 20: CPU_time = 0.00 secs, Wall_time = 0.00 secs
Mon Aug 24 16:44:48 2026: Image # 167, module Images # 1: CPU_time = 0.00 secs, Wall_time = 0.00 secs
Mon Aug 24 16:44:48 2026: Image # 167, module Metadata # 2: CPU_time = 0.00 secs, Wall_time = 0.00 secs
Mon Aug 24 16:44:48 2026: Image # 167, module NamesAndTypes # 3: CPU_time = 4.56 secs, Wall_time = 6.66 secs
Mon Aug 24 16:44:55 2026: Image # 167, module Groups # 4: CPU_time = 0.00 secs, Wall_time = 0.00 secs
Mon Aug 24 16:44:55 2026: Image # 167, module FilterObjects # 5: CPU_time = 1.49 secs, Wall_time = 1.49 secs
Mon Aug 24 16:44:57 2026: Image # 167, module FilterObjects # 6: CPU_time = 1.40 secs, Wall_time = 1.40 secs
Mon Aug 24 16:44:58 2026: Image # 167, module MaskImage # 7: CPU_time = 0.27 secs, Wall_time = 0.13 secs
Mon Aug 24 16:44:58 2026: Image # 167, module MaskImage # 8: CPU_time = 0.30 secs, Wall_time = 0.14 secs
Mon Aug 24 16:44:58 2026: Image # 167, module MaskObjects # 9: CPU_time = 0.58 secs, Wall_time = 0.55 secs
Mon Aug 24 16:44:59 2026: Image # 167, module ExpandOrShrinkObjects # 10: CPU_time = 0.90 secs, Wall_time = 0.89 secs
Mon Aug 24 16:45:00 2026: Image # 167, module ExpandOrShrinkObjects # 11: CPU_time = 0.94 secs, Wall_time = 0.93 secs
Mon Aug 24 16:45:01 2026: Image # 167, module MaskObjects # 12: CPU_time = 0.61 secs, Wall_time = 0.61 secs
Mon Aug 24 16:45:01 2026: Image # 167, module EnhanceOrSuppressFeatures # 13: CPU_time = 1.10 secs, Wall_time = 1.10 secs
Mon Aug 24 16:45:02 2026: Image # 167, module IdentifyPrimaryObjects # 14: CPU_time = 3.84 secs, Wall_time = 3.83 secs
Mon Aug 24 16:45:06 2026: Image # 167, module MaskObjects # 15: CPU_time = 0.54 secs, Wall_time = 0.54 secs
Mon Aug 24 16:45:07 2026: Image # 167, module RelateObjects # 16: CPU_time = 1.26 secs, Wall_time = 1.26 secs
Mon Aug 24 16:45:08 2026: Image # 167, module RelateObjects # 17: CPU_time = 1.27 secs, Wall_time = 1.26 secs
Mon Aug 24 16:45:09 2026: Image # 167, module MeasureObjectIntensity # 18: CPU_time = 17.93 secs, Wall_time = 17.92 secs
Mon Aug 24 16:45:27 2026: Image # 167, module RelateObjects # 19: CPU_time = 0.30 secs, Wall_time = 0.30 secs
Mon Aug 24 16:45:28 2026: Image # 167, module ExportToSpreadsheet # 20: CPU_time = 0.00 secs, Wall_time = 0.00 secs
Mon Aug 24 16:45:28 2026: Image # 168, module Images # 1: CPU_time = 0.00 secs, Wall_time = 0.00 secs
Mon Aug 24 16:45:28 2026: Image # 168, module Metadata # 2: CPU_time = 0.00 secs, Wall_time = 0.00 secs
Mon Aug 24 16:45:28 2026: Image # 168, module NamesAndTypes # 3: CPU_time = 4.52 secs, Wall_time = 8.70 secs
Mon Aug 24 16:45:36 2026: Image # 168, module Groups # 4: CPU_time = 0.00 secs, Wall_time = 0.00 secs
Mon Aug 24 16:45:36 2026: Image # 168, module FilterObjects # 5: CPU_time = 1.53 secs, Wall_time = 1.53 secs
Mon Aug 24 16:45:38 2026: Image # 168, module FilterObjects # 6: CPU_time = 1.43 secs, Wall_time = 1.43 secs
Mon Aug 24 16:45:39 2026: Image # 168, module MaskImage # 7: CPU_time = 0.27 secs, Wall_time = 0.13 secs
Mon Aug 24 16:45:39 2026: Image # 168, module MaskImage # 8: CPU_time = 0.24 secs, Wall_time = 0.12 secs
Mon Aug 24 16:45:39 2026: Image # 168, module MaskObjects # 9: CPU_time = 0.54 secs, Wall_time = 0.55 secs
Mon Aug 24 16:45:40 2026: Image # 168, module ExpandOrShrinkObjects # 10: CPU_time = 0.97 secs, Wall_time = 0.97 secs
Mon Aug 24 16:45:41 2026: Image # 168, module ExpandOrShrinkObjects # 11: CPU_time = 1.00 secs, Wall_time = 1.00 secs
Mon Aug 24 16:45:42 2026: Image # 168, module MaskObjects # 12: CPU_time = 0.61 secs, Wall_time = 0.60 secs
Mon Aug 24 16:45:43 2026: Image # 168, module EnhanceOrSuppressFeatures # 13: CPU_time = 1.10 secs, Wall_time = 1.10 secs
Mon Aug 24 16:45:44 2026: Image # 168, module IdentifyPrimaryObjects # 14: CPU_time = 4.40 secs, Wall_time = 4.40 secs
Mon Aug 24 16:45:48 2026: Image # 168, module MaskObjects # 15: CPU_time = 0.57 secs, Wall_time = 0.57 secs
Mon Aug 24 16:45:49 2026: Image # 168, module RelateObjects # 16: CPU_time = 1.27 secs, Wall_time = 1.27 secs
Mon Aug 24 16:45:50 2026: Image # 168, module RelateObjects # 17: CPU_time = 1.22 secs, Wall_time = 1.22 secs
Mon Aug 24 16:45:51 2026: Image # 168, module MeasureObjectIntensity # 18: CPU_time = 18.12 secs, Wall_time = 18.10 secs
Mon Aug 24 16:46:09 2026: Image # 168, module RelateObjects # 19: CPU_time = 0.30 secs, Wall_time = 0.31 secs
Mon Aug 24 16:46:10 2026: Image # 168, module ExportToSpreadsheet # 20: CPU_time = 0.00 secs, Wall_time = 0.08 secs
Mon Aug 24 16:46:10 2026: Image # 169, module Images # 1: CPU_time = 0.00 secs, Wall_time = 0.00 secs
Mon Aug 24 16:46:10 2026: Image # 169, module Metadata # 2: CPU_time = 0.00 secs, Wall_time = 0.00 secs
Mon Aug 24 16:46:10 2026: Image # 169, module NamesAndTypes # 3: CPU_time = 4.62 secs, Wall_time = 8.55 secs
Mon Aug 24 16:46:18 2026: Image # 169, module Groups # 4: CPU_time = 0.00 secs, Wall_time = 0.00 secs
Mon Aug 24 16:46:18 2026: Image # 169, module FilterObjects # 5: CPU_time = 1.54 secs, Wall_time = 1.54 secs
Mon Aug 24 16:46:20 2026: Image # 169, module FilterObjects # 6: CPU_time = 1.46 secs, Wall_time = 1.46 secs
Mon Aug 24 16:46:21 2026: Image # 169, module MaskImage # 7: CPU_time = 0.24 secs, Wall_time = 0.13 secs
Mon Aug 24 16:46:21 2026: Image # 169, module MaskImage # 8: CPU_time = 0.25 secs, Wall_time = 0.12 secs
Mon Aug 24 16:46:22 2026: Image # 169, module MaskObjects # 9: CPU_time = 0.58 secs, Wall_time = 0.57 secs
Mon Aug 24 16:46:22 2026: Image # 169, module ExpandOrShrinkObjects # 10: CPU_time = 1.09 secs, Wall_time = 1.09 secs
Mon Aug 24 16:46:23 2026: Image # 169, module ExpandOrShrinkObjects # 11: CPU_time = 1.11 secs, Wall_time = 1.11 secs
Mon Aug 24 16:46:24 2026: Image # 169, module MaskObjects # 12: CPU_time = 0.59 secs, Wall_time = 0.59 secs
Mon Aug 24 16:46:25 2026: Image # 169, module EnhanceOrSuppressFeatures # 13: CPU_time = 1.11 secs, Wall_time = 1.11 secs
Mon Aug 24 16:46:26 2026: Image # 169, module IdentifyPrimaryObjects # 14: CPU_time = 4.10 secs, Wall_time = 4.09 secs
Mon Aug 24 16:46:30 2026: Image # 169, module MaskObjects # 15: CPU_time = 0.56 secs, Wall_time = 0.56 secs
Mon Aug 24 16:46:31 2026: Image # 169, module RelateObjects # 16: CPU_time = 1.28 secs, Wall_time = 1.27 secs
Mon Aug 24 16:46:32 2026: Image # 169, module RelateObjects # 17: CPU_time = 1.26 secs, Wall_time = 1.25 secs
Mon Aug 24 16:46:33 2026: Image # 169, module MeasureObjectIntensity # 18: CPU_time = 17.13 secs, Wall_time = 17.11 secs
Mon Aug 24 16:46:50 2026: Image # 169, module RelateObjects # 19: CPU_time = 0.29 secs, Wall_time = 0.29 secs
Mon Aug 24 16:46:51 2026: Image # 169, module ExportToSpreadsheet # 20: CPU_time = 0.00 secs, Wall_time = 0.00 secs
Mon Aug 24 16:46:51 2026: Image # 170, module Images # 1: CPU_time = 0.00 secs, Wall_time = 0.00 secs
Mon Aug 24 16:46:51 2026: Image # 170, module Metadata # 2: CPU_time = 0.00 secs, Wall_time = 0.00 secs
Mon Aug 24 16:46:51 2026: Image # 170, module NamesAndTypes # 3: CPU_time = 4.48 secs, Wall_time = 7.52 secs
Mon Aug 24 16:46:58 2026: Image # 170, module Groups # 4: CPU_time = 0.00 secs, Wall_time = 0.00 secs
Mon Aug 24 16:46:58 2026: Image # 170, module FilterObjects # 5: CPU_time = 1.59 secs, Wall_time = 1.59 secs
Mon Aug 24 16:47:00 2026: Image # 170, module FilterObjects # 6: CPU_time = 1.46 secs, Wall_time = 1.46 secs
Mon Aug 24 16:47:01 2026: Image # 170, module MaskImage # 7: CPU_time = 0.25 secs, Wall_time = 0.12 secs
Mon Aug 24 16:47:01 2026: Image # 170, module MaskImage # 8: CPU_time = 0.23 secs, Wall_time = 0.11 secs
Mon Aug 24 16:47:01 2026: Image # 170, module MaskObjects # 9: CPU_time = 0.57 secs, Wall_time = 0.57 secs
Mon Aug 24 16:47:02 2026: Image # 170, module ExpandOrShrinkObjects # 10: CPU_time = 1.05 secs, Wall_time = 1.05 secs
Mon Aug 24 16:47:03 2026: Image # 170, module ExpandOrShrinkObjects # 11: CPU_time = 1.05 secs, Wall_time = 1.05 secs
Mon Aug 24 16:47:04 2026: Image # 170, module MaskObjects # 12: CPU_time = 0.61 secs, Wall_time = 0.61 secs
Mon Aug 24 16:47:05 2026: Image # 170, module EnhanceOrSuppressFeatures # 13: CPU_time = 1.09 secs, Wall_time = 1.09 secs
Mon Aug 24 16:47:06 2026: Image # 170, module IdentifyPrimaryObjects # 14: CPU_time = 3.88 secs, Wall_time = 3.88 secs
Mon Aug 24 16:47:10 2026: Image # 170, module MaskObjects # 15: CPU_time = 0.59 secs, Wall_time = 0.59 secs
Mon Aug 24 16:47:10 2026: Image # 170, module RelateObjects # 16: CPU_time = 1.34 secs, Wall_time = 1.34 secs
Mon Aug 24 16:47:12 2026: Image # 170, module RelateObjects # 17: CPU_time = 1.34 secs, Wall_time = 1.34 secs
Mon Aug 24 16:47:13 2026: Image # 170, module MeasureObjectIntensity # 18: CPU_time = 18.56 secs, Wall_time = 18.53 secs
Mon Aug 24 16:47:32 2026: Image # 170, module RelateObjects # 19: CPU_time = 0.32 secs, Wall_time = 0.31 secs
Mon Aug 24 16:47:32 2026: Image # 170, module ExportToSpreadsheet # 20: CPU_time = 0.00 secs, Wall_time = 0.00 secs
Mon Aug 24 16:47:32 2026: Image # 171, module Images # 1: CPU_time = 0.00 secs, Wall_time = 0.00 secs
Mon Aug 24 16:47:32 2026: Image # 171, module Metadata # 2: CPU_time = 0.00 secs, Wall_time = 0.00 secs
Mon Aug 24 16:47:32 2026: Image # 171, module NamesAndTypes # 3: CPU_time = 4.51 secs, Wall_time = 6.27 secs
Mon Aug 24 16:47:38 2026: Image # 171, module Groups # 4: CPU_time = 0.00 secs, Wall_time = 0.00 secs
Mon Aug 24 16:47:38 2026: Image # 171, module FilterObjects # 5: CPU_time = 1.55 secs, Wall_time = 1.55 secs
Mon Aug 24 16:47:40 2026: Image # 171, module FilterObjects # 6: CPU_time = 1.41 secs, Wall_time = 1.42 secs
Mon Aug 24 16:47:41 2026: Image # 171, module MaskImage # 7: CPU_time = 0.35 secs, Wall_time = 0.16 secs
Mon Aug 24 16:47:41 2026: Image # 171, module MaskImage # 8: CPU_time = 0.16 secs, Wall_time = 0.13 secs
Mon Aug 24 16:47:41 2026: Image # 171, module MaskObjects # 9: CPU_time = 0.53 secs, Wall_time = 0.53 secs
Mon Aug 24 16:47:42 2026: Image # 171, module ExpandOrShrinkObjects # 10: CPU_time = 0.88 secs, Wall_time = 0.88 secs
Mon Aug 24 16:47:43 2026: Image # 171, module ExpandOrShrinkObjects # 11: CPU_time = 0.98 secs, Wall_time = 0.97 secs
Mon Aug 24 16:47:44 2026: Image # 171, module MaskObjects # 12: CPU_time = 0.59 secs, Wall_time = 0.58 secs
Mon Aug 24 16:47:44 2026: Image # 171, module EnhanceOrSuppressFeatures # 13: CPU_time = 1.10 secs, Wall_time = 1.10 secs
Mon Aug 24 16:47:46 2026: Image # 171, module IdentifyPrimaryObjects # 14: CPU_time = 3.91 secs, Wall_time = 3.91 secs
Mon Aug 24 16:47:49 2026: Image # 171, module MaskObjects # 15: CPU_time = 0.56 secs, Wall_time = 0.55 secs
Mon Aug 24 16:47:50 2026: Image # 171, module RelateObjects # 16: CPU_time = 1.31 secs, Wall_time = 1.31 secs
Mon Aug 24 16:47:51 2026: Image # 171, module RelateObjects # 17: CPU_time = 1.29 secs, Wall_time = 1.29 secs
Mon Aug 24 16:47:53 2026: Image # 171, module MeasureObjectIntensity # 18: CPU_time = 18.12 secs, Wall_time = 18.10 secs
Mon Aug 24 16:48:11 2026: Image # 171, module RelateObjects # 19: CPU_time = 0.29 secs, Wall_time = 0.28 secs
Mon Aug 24 16:48:11 2026: Image # 171, module ExportToSpreadsheet # 20: CPU_time = 0.00 secs, Wall_time = 0.00 secs
Mon Aug 24 16:48:11 2026: Image # 172, module Images # 1: CPU_time = 0.00 secs, Wall_time = 0.00 secs
Mon Aug 24 16:48:11 2026: Image # 172, module Metadata # 2: CPU_time = 0.00 secs, Wall_time = 0.00 secs
Mon Aug 24 16:48:11 2026: Image # 172, module NamesAndTypes # 3: CPU_time = 4.52 secs, Wall_time = 6.44 secs
Mon Aug 24 16:48:17 2026: Image # 172, module Groups # 4: CPU_time = 0.00 secs, Wall_time = 0.00 secs
Mon Aug 24 16:48:17 2026: Image # 172, module FilterObjects # 5: CPU_time = 1.56 secs, Wall_time = 1.56 secs
Mon Aug 24 16:48:19 2026: Image # 172, module FilterObjects # 6: CPU_time = 1.43 secs, Wall_time = 1.44 secs
Mon Aug 24 16:48:20 2026: Image # 172, module MaskImage # 7: CPU_time = 0.24 secs, Wall_time = 0.12 secs
Mon Aug 24 16:48:21 2026: Image # 172, module MaskImage # 8: CPU_time = 0.24 secs, Wall_time = 0.12 secs
Mon Aug 24 16:48:21 2026: Image # 172, module MaskObjects # 9: CPU_time = 0.58 secs, Wall_time = 0.58 secs
Mon Aug 24 16:48:21 2026: Image # 172, module ExpandOrShrinkObjects # 10: CPU_time = 0.92 secs, Wall_time = 0.92 secs
Mon Aug 24 16:48:22 2026: Image # 172, module ExpandOrShrinkObjects # 11: CPU_time = 0.96 secs, Wall_time = 0.95 secs
Mon Aug 24 16:48:23 2026: Image # 172, module MaskObjects # 12: CPU_time = 0.58 secs, Wall_time = 0.58 secs
Mon Aug 24 16:48:24 2026: Image # 172, module EnhanceOrSuppressFeatures # 13: CPU_time = 1.09 secs, Wall_time = 1.09 secs
Mon Aug 24 16:48:25 2026: Image # 172, module IdentifyPrimaryObjects # 14: CPU_time = 3.69 secs, Wall_time = 3.69 secs
Mon Aug 24 16:48:29 2026: Image # 172, module MaskObjects # 15: CPU_time = 0.57 secs, Wall_time = 0.58 secs
Mon Aug 24 16:48:29 2026: Image # 172, module RelateObjects # 16: CPU_time = 1.30 secs, Wall_time = 1.29 secs
Mon Aug 24 16:48:30 2026: Image # 172, module RelateObjects # 17: CPU_time = 1.27 secs, Wall_time = 1.28 secs
Mon Aug 24 16:48:32 2026: Image # 172, module MeasureObjectIntensity # 18: CPU_time = 17.61 secs, Wall_time = 17.59 secs
Mon Aug 24 16:48:49 2026: Image # 172, module RelateObjects # 19: CPU_time = 0.27 secs, Wall_time = 0.27 secs
Mon Aug 24 16:48:50 2026: Image # 172, module ExportToSpreadsheet # 20: CPU_time = 0.00 secs, Wall_time = 0.00 secs
Mon Aug 24 16:48:50 2026: Image # 173, module Images # 1: CPU_time = 0.00 secs, Wall_time = 0.00 secs
Mon Aug 24 16:48:50 2026: Image # 173, module Metadata # 2: CPU_time = 0.00 secs, Wall_time = 0.00 secs
Mon Aug 24 16:48:50 2026: Image # 173, module NamesAndTypes # 3: CPU_time = 4.70 secs, Wall_time = 7.62 secs
Mon Aug 24 16:48:57 2026: Image # 173, module Groups # 4: CPU_time = 0.00 secs, Wall_time = 0.00 secs
Mon Aug 24 16:48:57 2026: Image # 173, module FilterObjects # 5: CPU_time = 1.65 secs, Wall_time = 1.66 secs
Mon Aug 24 16:48:59 2026: Image # 173, module FilterObjects # 6: CPU_time = 1.57 secs, Wall_time = 1.56 secs
Mon Aug 24 16:49:00 2026: Image # 173, module MaskImage # 7: CPU_time = 0.26 secs, Wall_time = 0.12 secs
Mon Aug 24 16:49:01 2026: Image # 173, module MaskImage # 8: CPU_time = 0.23 secs, Wall_time = 0.12 secs
Mon Aug 24 16:49:01 2026: Image # 173, module MaskObjects # 9: CPU_time = 0.58 secs, Wall_time = 0.59 secs
Mon Aug 24 16:49:01 2026: Image # 173, module ExpandOrShrinkObjects # 10: CPU_time = 0.98 secs, Wall_time = 0.97 secs
Mon Aug 24 16:49:02 2026: Image # 173, module ExpandOrShrinkObjects # 11: CPU_time = 1.00 secs, Wall_time = 0.99 secs
Mon Aug 24 16:49:03 2026: Image # 173, module MaskObjects # 12: CPU_time = 0.62 secs, Wall_time = 0.62 secs
Mon Aug 24 16:49:04 2026: Image # 173, module EnhanceOrSuppressFeatures # 13: CPU_time = 1.10 secs, Wall_time = 1.10 secs
Mon Aug 24 16:49:05 2026: Image # 173, module IdentifyPrimaryObjects # 14: CPU_time = 4.19 secs, Wall_time = 4.20 secs
Mon Aug 24 16:49:09 2026: Image # 173, module MaskObjects # 15: CPU_time = 0.60 secs, Wall_time = 0.60 secs
Mon Aug 24 16:49:10 2026: Image # 173, module RelateObjects # 16: CPU_time = 1.54 secs, Wall_time = 1.54 secs
Mon Aug 24 16:49:11 2026: Image # 173, module RelateObjects # 17: CPU_time = 1.51 secs, Wall_time = 1.51 secs
Mon Aug 24 16:49:13 2026: Image # 173, module MeasureObjectIntensity # 18: CPU_time = 19.38 secs, Wall_time = 19.35 secs
Mon Aug 24 16:49:32 2026: Image # 173, module RelateObjects # 19: CPU_time = 0.35 secs, Wall_time = 0.35 secs
Mon Aug 24 16:49:33 2026: Image # 173, module ExportToSpreadsheet # 20: CPU_time = 0.00 secs, Wall_time = 0.00 secs
Mon Aug 24 16:49:33 2026: Image # 174, module Images # 1: CPU_time = 0.00 secs, Wall_time = 0.00 secs
Mon Aug 24 16:49:33 2026: Image # 174, module Metadata # 2: CPU_time = 0.00 secs, Wall_time = 0.00 secs
Mon Aug 24 16:49:33 2026: Image # 174, module NamesAndTypes # 3: CPU_time = 4.73 secs, Wall_time = 6.48 secs
Mon Aug 24 16:49:39 2026: Image # 174, module Groups # 4: CPU_time = 0.00 secs, Wall_time = 0.00 secs
Mon Aug 24 16:49:39 2026: Image # 174, module FilterObjects # 5: CPU_time = 1.65 secs, Wall_time = 1.66 secs
Mon Aug 24 16:49:41 2026: Image # 174, module FilterObjects # 6: CPU_time = 1.49 secs, Wall_time = 1.50 secs
Mon Aug 24 16:49:42 2026: Image # 174, module MaskImage # 7: CPU_time = 0.27 secs, Wall_time = 0.12 secs
Mon Aug 24 16:49:42 2026: Image # 174, module MaskImage # 8: CPU_time = 0.23 secs, Wall_time = 0.12 secs
Mon Aug 24 16:49:42 2026: Image # 174, module MaskObjects # 9: CPU_time = 0.54 secs, Wall_time = 0.55 secs
Mon Aug 24 16:49:43 2026: Image # 174, module ExpandOrShrinkObjects # 10: CPU_time = 0.92 secs, Wall_time = 0.92 secs
Mon Aug 24 16:49:44 2026: Image # 174, module ExpandOrShrinkObjects # 11: CPU_time = 0.96 secs, Wall_time = 0.95 secs
Mon Aug 24 16:49:45 2026: Image # 174, module MaskObjects # 12: CPU_time = 0.59 secs, Wall_time = 0.59 secs
Mon Aug 24 16:49:45 2026: Image # 174, module EnhanceOrSuppressFeatures # 13: CPU_time = 1.09 secs, Wall_time = 1.10 secs
Mon Aug 24 16:49:47 2026: Image # 174, module IdentifyPrimaryObjects # 14: CPU_time = 4.03 secs, Wall_time = 4.03 secs
Mon Aug 24 16:49:51 2026: Image # 174, module MaskObjects # 15: CPU_time = 0.55 secs, Wall_time = 0.55 secs
Mon Aug 24 16:49:51 2026: Image # 174, module RelateObjects # 16: CPU_time = 1.43 secs, Wall_time = 1.42 secs
Mon Aug 24 16:49:53 2026: Image # 174, module RelateObjects # 17: CPU_time = 1.44 secs, Wall_time = 1.43 secs
Mon Aug 24 16:49:54 2026: Image # 174, module MeasureObjectIntensity # 18: CPU_time = 19.05 secs, Wall_time = 19.03 secs
Mon Aug 24 16:50:13 2026: Image # 174, module RelateObjects # 19: CPU_time = 0.36 secs, Wall_time = 0.36 secs
Mon Aug 24 16:50:13 2026: Image # 174, module ExportToSpreadsheet # 20: CPU_time = 0.00 secs, Wall_time = 0.00 secs
Mon Aug 24 16:50:13 2026: Image # 175, module Images # 1: CPU_time = 0.00 secs, Wall_time = 0.00 secs
Mon Aug 24 16:50:13 2026: Image # 175, module Metadata # 2: CPU_time = 0.00 secs, Wall_time = 0.00 secs
Mon Aug 24 16:50:13 2026: Image # 175, module NamesAndTypes # 3: CPU_time = 4.70 secs, Wall_time = 7.77 secs
Mon Aug 24 16:50:21 2026: Image # 175, module Groups # 4: CPU_time = 0.00 secs, Wall_time = 0.00 secs
Mon Aug 24 16:50:21 2026: Image # 175, module FilterObjects # 5: CPU_time = 1.61 secs, Wall_time = 1.61 secs
Mon Aug 24 16:50:23 2026: Image # 175, module FilterObjects # 6: CPU_time = 1.47 secs, Wall_time = 1.46 secs
Mon Aug 24 16:50:24 2026: Image # 175, module MaskImage # 7: CPU_time = 0.26 secs, Wall_time = 0.12 secs
Mon Aug 24 16:50:24 2026: Image # 175, module MaskImage # 8: CPU_time = 0.24 secs, Wall_time = 0.11 secs
Mon Aug 24 16:50:25 2026: Image # 175, module MaskObjects # 9: CPU_time = 0.54 secs, Wall_time = 0.54 secs
Mon Aug 24 16:50:25 2026: Image # 175, module ExpandOrShrinkObjects # 10: CPU_time = 0.88 secs, Wall_time = 0.88 secs
Mon Aug 24 16:50:26 2026: Image # 175, module ExpandOrShrinkObjects # 11: CPU_time = 0.91 secs, Wall_time = 0.91 secs
Mon Aug 24 16:50:27 2026: Image # 175, module MaskObjects # 12: CPU_time = 0.57 secs, Wall_time = 0.57 secs
Mon Aug 24 16:50:27 2026: Image # 175, module EnhanceOrSuppressFeatures # 13: CPU_time = 1.09 secs, Wall_time = 1.09 secs
Mon Aug 24 16:50:29 2026: Image # 175, module IdentifyPrimaryObjects # 14: CPU_time = 4.04 secs, Wall_time = 4.03 secs
Mon Aug 24 16:50:33 2026: Image # 175, module MaskObjects # 15: CPU_time = 0.57 secs, Wall_time = 0.57 secs
Mon Aug 24 16:50:33 2026: Image # 175, module RelateObjects # 16: CPU_time = 1.44 secs, Wall_time = 1.43 secs
Mon Aug 24 16:50:35 2026: Image # 175, module RelateObjects # 17: CPU_time = 1.38 secs, Wall_time = 1.37 secs
Mon Aug 24 16:50:36 2026: Image # 175, module MeasureObjectIntensity # 18: CPU_time = 19.06 secs, Wall_time = 19.05 secs
Mon Aug 24 16:50:55 2026: Image # 175, module RelateObjects # 19: CPU_time = 0.35 secs, Wall_time = 0.35 secs
Mon Aug 24 16:50:55 2026: Image # 175, module ExportToSpreadsheet # 20: CPU_time = 0.00 secs, Wall_time = 0.00 secs
Mon Aug 24 16:50:55 2026: Image # 176, module Images # 1: CPU_time = 0.00 secs, Wall_time = 0.00 secs
Mon Aug 24 16:50:55 2026: Image # 176, module Metadata # 2: CPU_time = 0.00 secs, Wall_time = 0.00 secs
Mon Aug 24 16:50:55 2026: Image # 176, module NamesAndTypes # 3: CPU_time = 4.60 secs, Wall_time = 6.38 secs
Mon Aug 24 16:51:02 2026: Image # 176, module Groups # 4: CPU_time = 0.00 secs, Wall_time = 0.00 secs
Mon Aug 24 16:51:02 2026: Image # 176, module FilterObjects # 5: CPU_time = 1.62 secs, Wall_time = 1.62 secs
Mon Aug 24 16:51:03 2026: Image # 176, module FilterObjects # 6: CPU_time = 1.48 secs, Wall_time = 1.48 secs
Mon Aug 24 16:51:05 2026: Image # 176, module MaskImage # 7: CPU_time = 0.24 secs, Wall_time = 0.11 secs
Mon Aug 24 16:51:05 2026: Image # 176, module MaskImage # 8: CPU_time = 0.26 secs, Wall_time = 0.12 secs
Mon Aug 24 16:51:05 2026: Image # 176, module MaskObjects # 9: CPU_time = 0.54 secs, Wall_time = 0.55 secs
Mon Aug 24 16:51:06 2026: Image # 176, module ExpandOrShrinkObjects # 10: CPU_time = 1.08 secs, Wall_time = 1.07 secs
Mon Aug 24 16:51:07 2026: Image # 176, module ExpandOrShrinkObjects # 11: CPU_time = 1.08 secs, Wall_time = 1.08 secs
Mon Aug 24 16:51:08 2026: Image # 176, module MaskObjects # 12: CPU_time = 0.57 secs, Wall_time = 0.57 secs
Mon Aug 24 16:51:08 2026: Image # 176, module EnhanceOrSuppressFeatures # 13: CPU_time = 1.10 secs, Wall_time = 1.09 secs
Mon Aug 24 16:51:09 2026: Image # 176, module IdentifyPrimaryObjects # 14: CPU_time = 4.04 secs, Wall_time = 4.04 secs
Mon Aug 24 16:51:14 2026: Image # 176, module MaskObjects # 15: CPU_time = 0.56 secs, Wall_time = 0.56 secs
Mon Aug 24 16:51:14 2026: Image # 176, module RelateObjects # 16: CPU_time = 1.38 secs, Wall_time = 1.38 secs
Mon Aug 24 16:51:15 2026: Image # 176, module RelateObjects # 17: CPU_time = 1.37 secs, Wall_time = 1.37 secs
Mon Aug 24 16:51:17 2026: Image # 176, module MeasureObjectIntensity # 18: CPU_time = 18.37 secs, Wall_time = 18.35 secs
Mon Aug 24 16:51:35 2026: Image # 176, module RelateObjects # 19: CPU_time = 0.33 secs, Wall_time = 0.33 secs
Mon Aug 24 16:51:36 2026: Image # 176, module ExportToSpreadsheet # 20: CPU_time = 0.00 secs, Wall_time = 0.00 secs
Mon Aug 24 16:51:36 2026: Image # 177, module Images # 1: CPU_time = 0.00 secs, Wall_time = 0.00 secs
Mon Aug 24 16:51:36 2026: Image # 177, module Metadata # 2: CPU_time = 0.00 secs, Wall_time = 0.00 secs
Mon Aug 24 16:51:36 2026: Image # 177, module NamesAndTypes # 3: CPU_time = 4.50 secs, Wall_time = 5.31 secs
Mon Aug 24 16:51:41 2026: Image # 177, module Groups # 4: CPU_time = 0.00 secs, Wall_time = 0.00 secs
Mon Aug 24 16:51:41 2026: Image # 177, module FilterObjects # 5: CPU_time = 1.67 secs, Wall_time = 1.67 secs
Mon Aug 24 16:51:43 2026: Image # 177, module FilterObjects # 6: CPU_time = 1.55 secs, Wall_time = 1.54 secs
Mon Aug 24 16:51:44 2026: Image # 177, module MaskImage # 7: CPU_time = 0.24 secs, Wall_time = 0.11 secs
Mon Aug 24 16:51:44 2026: Image # 177, module MaskImage # 8: CPU_time = 0.26 secs, Wall_time = 0.11 secs
Mon Aug 24 16:51:44 2026: Image # 177, module MaskObjects # 9: CPU_time = 0.56 secs, Wall_time = 0.55 secs
Mon Aug 24 16:51:45 2026: Image # 177, module ExpandOrShrinkObjects # 10: CPU_time = 0.98 secs, Wall_time = 0.98 secs
Mon Aug 24 16:51:46 2026: Image # 177, module ExpandOrShrinkObjects # 11: CPU_time = 1.00 secs, Wall_time = 1.00 secs
Mon Aug 24 16:51:47 2026: Image # 177, module MaskObjects # 12: CPU_time = 0.59 secs, Wall_time = 0.59 secs
Mon Aug 24 16:51:47 2026: Image # 177, module EnhanceOrSuppressFeatures # 13: CPU_time = 1.08 secs, Wall_time = 1.08 secs
Mon Aug 24 16:51:49 2026: Image # 177, module IdentifyPrimaryObjects # 14: CPU_time = 4.14 secs, Wall_time = 4.13 secs
Mon Aug 24 16:51:53 2026: Image # 177, module MaskObjects # 15: CPU_time = 0.57 secs, Wall_time = 0.57 secs
Mon Aug 24 16:51:53 2026: Image # 177, module RelateObjects # 16: CPU_time = 1.49 secs, Wall_time = 1.48 secs
Mon Aug 24 16:51:55 2026: Image # 177, module RelateObjects # 17: CPU_time = 1.51 secs, Wall_time = 1.50 secs
Mon Aug 24 16:51:56 2026: Image # 177, module MeasureObjectIntensity # 18: CPU_time = 20.17 secs, Wall_time = 20.15 secs
Mon Aug 24 16:52:16 2026: Image # 177, module RelateObjects # 19: CPU_time = 0.34 secs, Wall_time = 0.34 secs
Mon Aug 24 16:52:17 2026: Image # 177, module ExportToSpreadsheet # 20: CPU_time = 0.00 secs, Wall_time = 0.00 secs
Mon Aug 24 16:52:17 2026: Image # 178, module Images # 1: CPU_time = 0.00 secs, Wall_time = 0.00 secs
Mon Aug 24 16:52:17 2026: Image # 178, module Metadata # 2: CPU_time = 0.00 secs, Wall_time = 0.00 secs
Mon Aug 24 16:52:17 2026: Image # 178, module NamesAndTypes # 3: CPU_time = 4.75 secs, Wall_time = 7.48 secs
Mon Aug 24 16:52:24 2026: Image # 178, module Groups # 4: CPU_time = 0.00 secs, Wall_time = 0.00 secs
Mon Aug 24 16:52:24 2026: Image # 178, module FilterObjects # 5: CPU_time = 1.66 secs, Wall_time = 1.66 secs
Mon Aug 24 16:52:26 2026: Image # 178, module FilterObjects # 6: CPU_time = 1.49 secs, Wall_time = 1.49 secs
Mon Aug 24 16:52:27 2026: Image # 178, module MaskImage # 7: CPU_time = 0.23 secs, Wall_time = 0.11 secs
Mon Aug 24 16:52:28 2026: Image # 178, module MaskImage # 8: CPU_time = 0.24 secs, Wall_time = 0.12 secs
Mon Aug 24 16:52:28 2026: Image # 178, module MaskObjects # 9: CPU_time = 0.58 secs, Wall_time = 0.58 secs
Mon Aug 24 16:52:28 2026: Image # 178, module ExpandOrShrinkObjects # 10: CPU_time = 1.03 secs, Wall_time = 1.03 secs
Mon Aug 24 16:52:29 2026: Image # 178, module ExpandOrShrinkObjects # 11: CPU_time = 1.10 secs, Wall_time = 1.09 secs
Mon Aug 24 16:52:30 2026: Image # 178, module MaskObjects # 12: CPU_time = 0.64 secs, Wall_time = 0.64 secs
Mon Aug 24 16:52:31 2026: Image # 178, module EnhanceOrSuppressFeatures # 13: CPU_time = 1.10 secs, Wall_time = 1.10 secs
Mon Aug 24 16:52:32 2026: Image # 178, module IdentifyPrimaryObjects # 14: CPU_time = 4.09 secs, Wall_time = 4.08 secs
Mon Aug 24 16:52:36 2026: Image # 178, module MaskObjects # 15: CPU_time = 0.62 secs, Wall_time = 0.62 secs
Mon Aug 24 16:52:37 2026: Image # 178, module RelateObjects # 16: CPU_time = 1.37 secs, Wall_time = 1.36 secs
Mon Aug 24 16:52:38 2026: Image # 178, module RelateObjects # 17: CPU_time = 1.39 secs, Wall_time = 1.39 secs
Mon Aug 24 16:52:40 2026: Image # 178, module MeasureObjectIntensity # 18: CPU_time = 19.59 secs, Wall_time = 19.56 secs
Mon Aug 24 16:52:59 2026: Image # 178, module RelateObjects # 19: CPU_time = 0.33 secs, Wall_time = 0.33 secs
Mon Aug 24 16:52:59 2026: Image # 178, module ExportToSpreadsheet # 20: CPU_time = 0.00 secs, Wall_time = 0.00 secs
Mon Aug 24 16:52:59 2026: Image # 179, module Images # 1: CPU_time = 0.00 secs, Wall_time = 0.00 secs
Mon Aug 24 16:52:59 2026: Image # 179, module Metadata # 2: CPU_time = 0.00 secs, Wall_time = 0.00 secs
Mon Aug 24 16:52:59 2026: Image # 179, module NamesAndTypes # 3: CPU_time = 4.69 secs, Wall_time = 5.88 secs
Mon Aug 24 16:53:05 2026: Image # 179, module Groups # 4: CPU_time = 0.00 secs, Wall_time = 0.00 secs
Mon Aug 24 16:53:05 2026: Image # 179, module FilterObjects # 5: CPU_time = 1.69 secs, Wall_time = 1.68 secs
Mon Aug 24 16:53:07 2026: Image # 179, module FilterObjects # 6: CPU_time = 1.58 secs, Wall_time = 1.57 secs
Mon Aug 24 16:53:09 2026: Image # 179, module MaskImage # 7: CPU_time = 0.25 secs, Wall_time = 0.12 secs
Mon Aug 24 16:53:09 2026: Image # 179, module MaskImage # 8: CPU_time = 0.26 secs, Wall_time = 0.12 secs
Mon Aug 24 16:53:09 2026: Image # 179, module MaskObjects # 9: CPU_time = 0.58 secs, Wall_time = 0.58 secs
Mon Aug 24 16:53:09 2026: Image # 179, module ExpandOrShrinkObjects # 10: CPU_time = 0.92 secs, Wall_time = 0.91 secs
Mon Aug 24 16:53:10 2026: Image # 179, module ExpandOrShrinkObjects # 11: CPU_time = 0.96 secs, Wall_time = 0.96 secs
Mon Aug 24 16:53:11 2026: Image # 179, module MaskObjects # 12: CPU_time = 0.62 secs, Wall_time = 0.62 secs
Mon Aug 24 16:53:12 2026: Image # 179, module EnhanceOrSuppressFeatures # 13: CPU_time = 1.10 secs, Wall_time = 1.10 secs
Mon Aug 24 16:53:13 2026: Image # 179, module IdentifyPrimaryObjects # 14: CPU_time = 4.42 secs, Wall_time = 4.41 secs
Mon Aug 24 16:53:17 2026: Image # 179, module MaskObjects # 15: CPU_time = 0.59 secs, Wall_time = 0.59 secs
Mon Aug 24 16:53:18 2026: Image # 179, module RelateObjects # 16: CPU_time = 1.59 secs, Wall_time = 1.58 secs
Mon Aug 24 16:53:20 2026: Image # 179, module RelateObjects # 17: CPU_time = 1.54 secs, Wall_time = 1.54 secs
Mon Aug 24 16:53:21 2026: Image # 179, module MeasureObjectIntensity # 18: CPU_time = 20.35 secs, Wall_time = 20.34 secs
Mon Aug 24 16:53:42 2026: Image # 179, module RelateObjects # 19: CPU_time = 0.36 secs, Wall_time = 0.36 secs
Mon Aug 24 16:53:42 2026: Image # 179, module ExportToSpreadsheet # 20: CPU_time = 0.00 secs, Wall_time = 0.00 secs
Mon Aug 24 16:53:42 2026: Image # 180, module Images # 1: CPU_time = 0.00 secs, Wall_time = 0.00 secs
Mon Aug 24 16:53:42 2026: Image # 180, module Metadata # 2: CPU_time = 0.00 secs, Wall_time = 0.00 secs
Mon Aug 24 16:53:42 2026: Image # 180, module NamesAndTypes # 3: CPU_time = 4.59 secs, Wall_time = 6.08 secs
Mon Aug 24 16:53:48 2026: Image # 180, module Groups # 4: CPU_time = 0.00 secs, Wall_time = 0.00 secs
Mon Aug 24 16:53:48 2026: Image # 180, module FilterObjects # 5: CPU_time = 1.56 secs, Wall_time = 1.55 secs
Mon Aug 24 16:53:50 2026: Image # 180, module FilterObjects # 6: CPU_time = 1.43 secs, Wall_time = 1.44 secs
Mon Aug 24 16:53:51 2026: Image # 180, module MaskImage # 7: CPU_time = 0.25 secs, Wall_time = 0.13 secs
Mon Aug 24 16:53:51 2026: Image # 180, module MaskImage # 8: CPU_time = 0.25 secs, Wall_time = 0.13 secs
Mon Aug 24 16:53:51 2026: Image # 180, module MaskObjects # 9: CPU_time = 0.58 secs, Wall_time = 0.58 secs
Mon Aug 24 16:53:52 2026: Image # 180, module ExpandOrShrinkObjects # 10: CPU_time = 1.06 secs, Wall_time = 1.06 secs
Mon Aug 24 16:53:53 2026: Image # 180, module ExpandOrShrinkObjects # 11: CPU_time = 0.92 secs, Wall_time = 0.93 secs
Mon Aug 24 16:53:54 2026: Image # 180, module MaskObjects # 12: CPU_time = 0.63 secs, Wall_time = 0.63 secs
Mon Aug 24 16:53:54 2026: Image # 180, module EnhanceOrSuppressFeatures # 13: CPU_time = 1.11 secs, Wall_time = 1.11 secs
Mon Aug 24 16:53:56 2026: Image # 180, module IdentifyPrimaryObjects # 14: CPU_time = 3.83 secs, Wall_time = 3.83 secs
Mon Aug 24 16:53:59 2026: Image # 180, module MaskObjects # 15: CPU_time = 0.57 secs, Wall_time = 0.57 secs
Mon Aug 24 16:54:00 2026: Image # 180, module RelateObjects # 16: CPU_time = 1.21 secs, Wall_time = 1.21 secs
Mon Aug 24 16:54:01 2026: Image # 180, module RelateObjects # 17: CPU_time = 1.24 secs, Wall_time = 1.24 secs
Mon Aug 24 16:54:02 2026: Image # 180, module MeasureObjectIntensity # 18: CPU_time = 17.17 secs, Wall_time = 17.16 secs
Mon Aug 24 16:54:20 2026: Image # 180, module RelateObjects # 19: CPU_time = 0.27 secs, Wall_time = 0.27 secs
Mon Aug 24 16:54:20 2026: Image # 180, module ExportToSpreadsheet # 20: CPU_time = 0.01 secs, Wall_time = 0.00 secs
Mon Aug 24 16:54:20 2026: Image # 181, module Images # 1: CPU_time = 0.00 secs, Wall_time = 0.00 secs
Mon Aug 24 16:54:20 2026: Image # 181, module Metadata # 2: CPU_time = 0.00 secs, Wall_time = 0.00 secs
Mon Aug 24 16:54:20 2026: Image # 181, module NamesAndTypes # 3: CPU_time = 4.68 secs, Wall_time = 9.41 secs
Mon Aug 24 16:54:29 2026: Image # 181, module Groups # 4: CPU_time = 0.00 secs, Wall_time = 0.00 secs
Mon Aug 24 16:54:29 2026: Image # 181, module FilterObjects # 5: CPU_time = 1.51 secs, Wall_time = 1.52 secs
Mon Aug 24 16:54:31 2026: Image # 181, module FilterObjects # 6: CPU_time = 1.41 secs, Wall_time = 1.41 secs
Mon Aug 24 16:54:32 2026: Image # 181, module MaskImage # 7: CPU_time = 0.24 secs, Wall_time = 0.13 secs
Mon Aug 24 16:54:32 2026: Image # 181, module MaskImage # 8: CPU_time = 0.27 secs, Wall_time = 0.13 secs
Mon Aug 24 16:54:33 2026: Image # 181, module MaskObjects # 9: CPU_time = 0.59 secs, Wall_time = 0.58 secs
Mon Aug 24 16:54:33 2026: Image # 181, module ExpandOrShrinkObjects # 10: CPU_time = 0.84 secs, Wall_time = 0.83 secs
Mon Aug 24 16:54:34 2026: Image # 181, module ExpandOrShrinkObjects # 11: CPU_time = 0.88 secs, Wall_time = 0.88 secs
Mon Aug 24 16:54:35 2026: Image # 181, module MaskObjects # 12: CPU_time = 0.63 secs, Wall_time = 0.63 secs
Mon Aug 24 16:54:35 2026: Image # 181, module EnhanceOrSuppressFeatures # 13: CPU_time = 1.11 secs, Wall_time = 1.11 secs
Mon Aug 24 16:54:37 2026: Image # 181, module IdentifyPrimaryObjects # 14: CPU_time = 3.74 secs, Wall_time = 3.74 secs
Mon Aug 24 16:54:40 2026: Image # 181, module MaskObjects # 15: CPU_time = 0.57 secs, Wall_time = 0.56 secs
Mon Aug 24 16:54:41 2026: Image # 181, module RelateObjects # 16: CPU_time = 1.13 secs, Wall_time = 1.14 secs
Mon Aug 24 16:54:42 2026: Image # 181, module RelateObjects # 17: CPU_time = 1.14 secs, Wall_time = 1.15 secs
Mon Aug 24 16:54:43 2026: Image # 181, module MeasureObjectIntensity # 18: CPU_time = 18.52 secs, Wall_time = 18.50 secs
Mon Aug 24 16:55:02 2026: Image # 181, module RelateObjects # 19: CPU_time = 0.26 secs, Wall_time = 0.26 secs
Mon Aug 24 16:55:02 2026: Image # 181, module ExportToSpreadsheet # 20: CPU_time = 0.01 secs, Wall_time = 0.00 secs
Mon Aug 24 16:55:02 2026: Image # 182, module Images # 1: CPU_time = 0.00 secs, Wall_time = 0.00 secs
Mon Aug 24 16:55:02 2026: Image # 182, module Metadata # 2: CPU_time = 0.00 secs, Wall_time = 0.00 secs
Mon Aug 24 16:55:02 2026: Image # 182, module NamesAndTypes # 3: CPU_time = 4.61 secs, Wall_time = 7.70 secs
Mon Aug 24 16:55:10 2026: Image # 182, module Groups # 4: CPU_time = 0.00 secs, Wall_time = 0.00 secs
Mon Aug 24 16:55:10 2026: Image # 182, module FilterObjects # 5: CPU_time = 1.51 secs, Wall_time = 1.50 secs
Mon Aug 24 16:55:11 2026: Image # 182, module FilterObjects # 6: CPU_time = 1.38 secs, Wall_time = 1.38 secs
Mon Aug 24 16:55:13 2026: Image # 182, module MaskImage # 7: CPU_time = 0.27 secs, Wall_time = 0.13 secs
Mon Aug 24 16:55:13 2026: Image # 182, module MaskImage # 8: CPU_time = 0.23 secs, Wall_time = 0.12 secs
Mon Aug 24 16:55:13 2026: Image # 182, module MaskObjects # 9: CPU_time = 0.58 secs, Wall_time = 0.58 secs
Mon Aug 24 16:55:13 2026: Image # 182, module ExpandOrShrinkObjects # 10: CPU_time = 0.86 secs, Wall_time = 0.86 secs
Mon Aug 24 16:55:14 2026: Image # 182, module ExpandOrShrinkObjects # 11: CPU_time = 0.92 secs, Wall_time = 0.92 secs
Mon Aug 24 16:55:15 2026: Image # 182, module MaskObjects # 12: CPU_time = 0.62 secs, Wall_time = 0.62 secs
Mon Aug 24 16:55:16 2026: Image # 182, module EnhanceOrSuppressFeatures # 13: CPU_time = 1.10 secs, Wall_time = 1.10 secs
Mon Aug 24 16:55:17 2026: Image # 182, module IdentifyPrimaryObjects # 14: CPU_time = 3.66 secs, Wall_time = 3.65 secs
Mon Aug 24 16:55:21 2026: Image # 182, module MaskObjects # 15: CPU_time = 0.54 secs, Wall_time = 0.55 secs
Mon Aug 24 16:55:21 2026: Image # 182, module RelateObjects # 16: CPU_time = 1.15 secs, Wall_time = 1.14 secs
Mon Aug 24 16:55:22 2026: Image # 182, module RelateObjects # 17: CPU_time = 1.15 secs, Wall_time = 1.15 secs
Mon Aug 24 16:55:23 2026: Image # 182, module MeasureObjectIntensity # 18: CPU_time = 16.85 secs, Wall_time = 16.82 secs
Mon Aug 24 16:55:40 2026: Image # 182, module RelateObjects # 19: CPU_time = 0.25 secs, Wall_time = 0.25 secs
Mon Aug 24 16:55:40 2026: Image # 182, module ExportToSpreadsheet # 20: CPU_time = 0.00 secs, Wall_time = 0.00 secs
Mon Aug 24 16:55:40 2026: Image # 183, module Images # 1: CPU_time = 0.00 secs, Wall_time = 0.00 secs
Mon Aug 24 16:55:40 2026: Image # 183, module Metadata # 2: CPU_time = 0.00 secs, Wall_time = 0.00 secs
Mon Aug 24 16:55:40 2026: Image # 183, module NamesAndTypes # 3: CPU_time = 4.14 secs, Wall_time = 5.31 secs
Mon Aug 24 16:55:46 2026: Image # 183, module Groups # 4: CPU_time = 0.00 secs, Wall_time = 0.00 secs
Mon Aug 24 16:55:46 2026: Image # 183, module FilterObjects # 5: CPU_time = 1.31 secs, Wall_time = 1.31 secs
Mon Aug 24 16:55:47 2026: Image # 183, module FilterObjects # 6: CPU_time = 1.26 secs, Wall_time = 1.26 secs
Mon Aug 24 16:55:48 2026: Image # 183, module MaskImage # 7: CPU_time = 0.26 secs, Wall_time = 0.13 secs
Mon Aug 24 16:55:49 2026: Image # 183, module MaskImage # 8: CPU_time = 0.27 secs, Wall_time = 0.13 secs
Mon Aug 24 16:55:49 2026: Image # 183, module MaskObjects # 9: CPU_time = 0.57 secs, Wall_time = 0.57 secs
Mon Aug 24 16:55:49 2026: Image # 183, module ExpandOrShrinkObjects # 10: CPU_time = 0.96 secs, Wall_time = 0.96 secs
Mon Aug 24 16:55:50 2026: Image # 183, module ExpandOrShrinkObjects # 11: CPU_time = 1.02 secs, Wall_time = 1.01 secs
Mon Aug 24 16:55:51 2026: Image # 183, module MaskObjects # 12: CPU_time = 0.62 secs, Wall_time = 0.62 secs
Mon Aug 24 16:55:52 2026: Image # 183, module EnhanceOrSuppressFeatures # 13: CPU_time = 1.11 secs, Wall_time = 1.11 secs
Mon Aug 24 16:55:53 2026: Image # 183, module IdentifyPrimaryObjects # 14: CPU_time = 3.44 secs, Wall_time = 3.43 secs
Mon Aug 24 16:55:56 2026: Image # 183, module MaskObjects # 15: CPU_time = 0.54 secs, Wall_time = 0.54 secs
Mon Aug 24 16:55:57 2026: Image # 183, module RelateObjects # 16: CPU_time = 0.99 secs, Wall_time = 0.98 secs
Mon Aug 24 16:55:58 2026: Image # 183, module RelateObjects # 17: CPU_time = 1.00 secs, Wall_time = 1.00 secs
Mon Aug 24 16:55:59 2026: Image # 183, module MeasureObjectIntensity # 18: CPU_time = 15.75 secs, Wall_time = 15.73 secs
Mon Aug 24 16:56:15 2026: Image # 183, module RelateObjects # 19: CPU_time = 0.21 secs, Wall_time = 0.20 secs
Mon Aug 24 16:56:15 2026: Image # 183, module ExportToSpreadsheet # 20: CPU_time = 0.00 secs, Wall_time = 0.00 secs
Mon Aug 24 16:56:15 2026: Image # 184, module Images # 1: CPU_time = 0.00 secs, Wall_time = 0.00 secs
Mon Aug 24 16:56:15 2026: Image # 184, module Metadata # 2: CPU_time = 0.00 secs, Wall_time = 0.00 secs
Mon Aug 24 16:56:15 2026: Image # 184, module NamesAndTypes # 3: CPU_time = 4.51 secs, Wall_time = 6.59 secs
Mon Aug 24 16:56:21 2026: Image # 184, module Groups # 4: CPU_time = 0.00 secs, Wall_time = 0.00 secs
Mon Aug 24 16:56:21 2026: Image # 184, module FilterObjects # 5: CPU_time = 1.41 secs, Wall_time = 1.41 secs
Mon Aug 24 16:56:23 2026: Image # 184, module FilterObjects # 6: CPU_time = 1.35 secs, Wall_time = 1.35 secs
Mon Aug 24 16:56:24 2026: Image # 184, module MaskImage # 7: CPU_time = 0.25 secs, Wall_time = 0.13 secs
Mon Aug 24 16:56:24 2026: Image # 184, module MaskImage # 8: CPU_time = 0.24 secs, Wall_time = 0.13 secs
Mon Aug 24 16:56:24 2026: Image # 184, module MaskObjects # 9: CPU_time = 0.57 secs, Wall_time = 0.57 secs
Mon Aug 24 16:56:25 2026: Image # 184, module ExpandOrShrinkObjects # 10: CPU_time = 0.85 secs, Wall_time = 0.85 secs
Mon Aug 24 16:56:26 2026: Image # 184, module ExpandOrShrinkObjects # 11: CPU_time = 0.89 secs, Wall_time = 0.90 secs
Mon Aug 24 16:56:27 2026: Image # 184, module MaskObjects # 12: CPU_time = 0.61 secs, Wall_time = 0.61 secs
Mon Aug 24 16:56:27 2026: Image # 184, module EnhanceOrSuppressFeatures # 13: CPU_time = 1.09 secs, Wall_time = 1.09 secs
Mon Aug 24 16:56:29 2026: Image # 184, module IdentifyPrimaryObjects # 14: CPU_time = 3.50 secs, Wall_time = 3.50 secs
Mon Aug 24 16:56:32 2026: Image # 184, module MaskObjects # 15: CPU_time = 0.56 secs, Wall_time = 0.56 secs
Mon Aug 24 16:56:33 2026: Image # 184, module RelateObjects # 16: CPU_time = 1.08 secs, Wall_time = 1.08 secs
Mon Aug 24 16:56:34 2026: Image # 184, module RelateObjects # 17: CPU_time = 1.10 secs, Wall_time = 1.10 secs
Mon Aug 24 16:56:35 2026: Image # 184, module MeasureObjectIntensity # 18: CPU_time = 17.10 secs, Wall_time = 17.08 secs
Mon Aug 24 16:56:52 2026: Image # 184, module RelateObjects # 19: CPU_time = 0.23 secs, Wall_time = 0.23 secs
Mon Aug 24 16:56:52 2026: Image # 184, module ExportToSpreadsheet # 20: CPU_time = 0.00 secs, Wall_time = 0.00 secs
Mon Aug 24 16:56:52 2026: Image # 185, module Images # 1: CPU_time = 0.00 secs, Wall_time = 0.00 secs
Mon Aug 24 16:56:52 2026: Image # 185, module Metadata # 2: CPU_time = 0.00 secs, Wall_time = 0.00 secs
Mon Aug 24 16:56:52 2026: Image # 185, module NamesAndTypes # 3: CPU_time = 4.15 secs, Wall_time = 5.10 secs
Mon Aug 24 16:56:57 2026: Image # 185, module Groups # 4: CPU_time = 0.00 secs, Wall_time = 0.00 secs
Mon Aug 24 16:56:57 2026: Image # 185, module FilterObjects # 5: CPU_time = 1.22 secs, Wall_time = 1.22 secs
Mon Aug 24 16:56:58 2026: Image # 185, module FilterObjects # 6: CPU_time = 1.22 secs, Wall_time = 1.21 secs
Mon Aug 24 16:57:00 2026: Image # 185, module MaskImage # 7: CPU_time = 0.28 secs, Wall_time = 0.13 secs
Mon Aug 24 16:57:00 2026: Image # 185, module MaskImage # 8: CPU_time = 0.26 secs, Wall_time = 0.12 secs
Mon Aug 24 16:57:00 2026: Image # 185, module MaskObjects # 9: CPU_time = 0.55 secs, Wall_time = 0.55 secs
Mon Aug 24 16:57:00 2026: Image # 185, module ExpandOrShrinkObjects # 10: CPU_time = 0.72 secs, Wall_time = 0.73 secs
Mon Aug 24 16:57:01 2026: Image # 185, module ExpandOrShrinkObjects # 11: CPU_time = 0.81 secs, Wall_time = 0.80 secs
Mon Aug 24 16:57:02 2026: Image # 185, module MaskObjects # 12: CPU_time = 0.63 secs, Wall_time = 0.64 secs
Mon Aug 24 16:57:03 2026: Image # 185, module EnhanceOrSuppressFeatures # 13: CPU_time = 1.11 secs, Wall_time = 1.10 secs
Mon Aug 24 16:57:04 2026: Image # 185, module IdentifyPrimaryObjects # 14: CPU_time = 3.34 secs, Wall_time = 3.34 secs
Mon Aug 24 16:57:07 2026: Image # 185, module MaskObjects # 15: CPU_time = 0.55 secs, Wall_time = 0.55 secs
Mon Aug 24 16:57:08 2026: Image # 185, module RelateObjects # 16: CPU_time = 0.86 secs, Wall_time = 0.86 secs
Mon Aug 24 16:57:09 2026: Image # 185, module RelateObjects # 17: CPU_time = 0.88 secs, Wall_time = 0.88 secs
Mon Aug 24 16:57:09 2026: Image # 185, module MeasureObjectIntensity # 18: CPU_time = 15.17 secs, Wall_time = 15.15 secs
Mon Aug 24 16:57:25 2026: Image # 185, module RelateObjects # 19: CPU_time = 0.17 secs, Wall_time = 0.17 secs
Mon Aug 24 16:57:25 2026: Image # 185, module ExportToSpreadsheet # 20: CPU_time = 0.00 secs, Wall_time = 0.00 secs
Mon Aug 24 16:57:25 2026: Image # 186, module Images # 1: CPU_time = 0.00 secs, Wall_time = 0.00 secs
Mon Aug 24 16:57:25 2026: Image # 186, module Metadata # 2: CPU_time = 0.00 secs, Wall_time = 0.00 secs
Mon Aug 24 16:57:25 2026: Image # 186, module NamesAndTypes # 3: CPU_time = 4.18 secs, Wall_time = 5.36 secs
Mon Aug 24 16:57:30 2026: Image # 186, module Groups # 4: CPU_time = 0.00 secs, Wall_time = 0.00 secs
Mon Aug 24 16:57:30 2026: Image # 186, module FilterObjects # 5: CPU_time = 1.37 secs, Wall_time = 1.36 secs
Mon Aug 24 16:57:31 2026: Image # 186, module FilterObjects # 6: CPU_time = 1.27 secs, Wall_time = 1.27 secs
Mon Aug 24 16:57:33 2026: Image # 186, module MaskImage # 7: CPU_time = 0.22 secs, Wall_time = 0.11 secs
Mon Aug 24 16:57:33 2026: Image # 186, module MaskImage # 8: CPU_time = 0.29 secs, Wall_time = 0.13 secs
Mon Aug 24 16:57:33 2026: Image # 186, module MaskObjects # 9: CPU_time = 0.55 secs, Wall_time = 0.55 secs
Mon Aug 24 16:57:34 2026: Image # 186, module ExpandOrShrinkObjects # 10: CPU_time = 0.81 secs, Wall_time = 0.81 secs
Mon Aug 24 16:57:34 2026: Image # 186, module ExpandOrShrinkObjects # 11: CPU_time = 0.88 secs, Wall_time = 0.88 secs
Mon Aug 24 16:57:35 2026: Image # 186, module MaskObjects # 12: CPU_time = 0.64 secs, Wall_time = 0.63 secs
Mon Aug 24 16:57:36 2026: Image # 186, module EnhanceOrSuppressFeatures # 13: CPU_time = 1.11 secs, Wall_time = 1.10 secs
Mon Aug 24 16:57:37 2026: Image # 186, module IdentifyPrimaryObjects # 14: CPU_time = 3.50 secs, Wall_time = 3.49 secs
Mon Aug 24 16:57:40 2026: Image # 186, module MaskObjects # 15: CPU_time = 0.56 secs, Wall_time = 0.56 secs
Mon Aug 24 16:57:41 2026: Image # 186, module RelateObjects # 16: CPU_time = 1.00 secs, Wall_time = 1.00 secs
Mon Aug 24 16:57:42 2026: Image # 186, module RelateObjects # 17: CPU_time = 1.02 secs, Wall_time = 1.01 secs
Mon Aug 24 16:57:43 2026: Image # 186, module MeasureObjectIntensity # 18: CPU_time = 16.19 secs, Wall_time = 16.17 secs
Mon Aug 24 16:57:59 2026: Image # 186, module RelateObjects # 19: CPU_time = 0.21 secs, Wall_time = 0.21 secs
Mon Aug 24 16:57:59 2026: Image # 186, module ExportToSpreadsheet # 20: CPU_time = 0.00 secs, Wall_time = 0.00 secs
Mon Aug 24 16:57:59 2026: Image # 187, module Images # 1: CPU_time = 0.00 secs, Wall_time = 0.00 secs
Mon Aug 24 16:57:59 2026: Image # 187, module Metadata # 2: CPU_time = 0.00 secs, Wall_time = 0.00 secs
Mon Aug 24 16:57:59 2026: Image # 187, module NamesAndTypes # 3: CPU_time = 4.48 secs, Wall_time = 5.45 secs
Mon Aug 24 16:58:05 2026: Image # 187, module Groups # 4: CPU_time = 0.00 secs, Wall_time = 0.00 secs
Mon Aug 24 16:58:05 2026: Image # 187, module FilterObjects # 5: CPU_time = 1.42 secs, Wall_time = 1.42 secs
Mon Aug 24 16:58:06 2026: Image # 187, module FilterObjects # 6: CPU_time = 1.34 secs, Wall_time = 1.34 secs
Mon Aug 24 16:58:08 2026: Image # 187, module MaskImage # 7: CPU_time = 0.26 secs, Wall_time = 0.12 secs
Mon Aug 24 16:58:08 2026: Image # 187, module MaskImage # 8: CPU_time = 0.24 secs, Wall_time = 0.13 secs
Mon Aug 24 16:58:08 2026: Image # 187, module MaskObjects # 9: CPU_time = 0.55 secs, Wall_time = 0.55 secs
Mon Aug 24 16:58:08 2026: Image # 187, module ExpandOrShrinkObjects # 10: CPU_time = 0.84 secs, Wall_time = 0.83 secs
Mon Aug 24 16:58:09 2026: Image # 187, module ExpandOrShrinkObjects # 11: CPU_time = 0.87 secs, Wall_time = 0.88 secs
Mon Aug 24 16:58:10 2026: Image # 187, module MaskObjects # 12: CPU_time = 0.62 secs, Wall_time = 0.62 secs
Mon Aug 24 16:58:11 2026: Image # 187, module EnhanceOrSuppressFeatures # 13: CPU_time = 1.10 secs, Wall_time = 1.10 secs
Mon Aug 24 16:58:12 2026: Image # 187, module IdentifyPrimaryObjects # 14: CPU_time = 3.53 secs, Wall_time = 3.52 secs
Mon Aug 24 16:58:15 2026: Image # 187, module MaskObjects # 15: CPU_time = 0.54 secs, Wall_time = 0.54 secs
Mon Aug 24 16:58:16 2026: Image # 187, module RelateObjects # 16: CPU_time = 1.06 secs, Wall_time = 1.07 secs
Mon Aug 24 16:58:17 2026: Image # 187, module RelateObjects # 17: CPU_time = 1.08 secs, Wall_time = 1.08 secs
Mon Aug 24 16:58:18 2026: Image # 187, module MeasureObjectIntensity # 18: CPU_time = 16.15 secs, Wall_time = 16.12 secs
Mon Aug 24 16:58:34 2026: Image # 187, module RelateObjects # 19: CPU_time = 0.25 secs, Wall_time = 0.24 secs
Mon Aug 24 16:58:35 2026: Image # 187, module ExportToSpreadsheet # 20: CPU_time = 0.00 secs, Wall_time = 0.00 secs
Mon Aug 24 16:58:35 2026: Image # 188, module Images # 1: CPU_time = 0.00 secs, Wall_time = 0.00 secs
Mon Aug 24 16:58:35 2026: Image # 188, module Metadata # 2: CPU_time = 0.00 secs, Wall_time = 0.00 secs
Mon Aug 24 16:58:35 2026: Image # 188, module NamesAndTypes # 3: CPU_time = 4.64 secs, Wall_time = 6.14 secs
Mon Aug 24 16:58:41 2026: Image # 188, module Groups # 4: CPU_time = 0.00 secs, Wall_time = 0.00 secs
Mon Aug 24 16:58:41 2026: Image # 188, module FilterObjects # 5: CPU_time = 1.60 secs, Wall_time = 1.60 secs
Mon Aug 24 16:58:42 2026: Image # 188, module FilterObjects # 6: CPU_time = 1.46 secs, Wall_time = 1.45 secs
Mon Aug 24 16:58:44 2026: Image # 188, module MaskImage # 7: CPU_time = 0.22 secs, Wall_time = 0.11 secs
Mon Aug 24 16:58:44 2026: Image # 188, module MaskImage # 8: CPU_time = 0.24 secs, Wall_time = 0.12 secs
Mon Aug 24 16:58:44 2026: Image # 188, module MaskObjects # 9: CPU_time = 0.55 secs, Wall_time = 0.55 secs
Mon Aug 24 16:58:45 2026: Image # 188, module ExpandOrShrinkObjects # 10: CPU_time = 0.99 secs, Wall_time = 0.99 secs
Mon Aug 24 16:58:46 2026: Image # 188, module ExpandOrShrinkObjects # 11: CPU_time = 0.99 secs, Wall_time = 0.99 secs
Mon Aug 24 16:58:47 2026: Image # 188, module MaskObjects # 12: CPU_time = 0.58 secs, Wall_time = 0.58 secs
Mon Aug 24 16:58:47 2026: Image # 188, module EnhanceOrSuppressFeatures # 13: CPU_time = 1.11 secs, Wall_time = 1.10 secs
Mon Aug 24 16:58:48 2026: Image # 188, module IdentifyPrimaryObjects # 14: CPU_time = 3.72 secs, Wall_time = 3.72 secs
Mon Aug 24 16:58:52 2026: Image # 188, module MaskObjects # 15: CPU_time = 0.56 secs, Wall_time = 0.55 secs
Mon Aug 24 16:58:52 2026: Image # 188, module RelateObjects # 16: CPU_time = 1.38 secs, Wall_time = 1.37 secs
Mon Aug 24 16:58:54 2026: Image # 188, module RelateObjects # 17: CPU_time = 1.38 secs, Wall_time = 1.39 secs
Mon Aug 24 16:58:55 2026: Image # 188, module MeasureObjectIntensity # 18: CPU_time = 18.26 secs, Wall_time = 18.24 secs
Mon Aug 24 16:59:13 2026: Image # 188, module RelateObjects # 19: CPU_time = 0.28 secs, Wall_time = 0.28 secs
Mon Aug 24 16:59:14 2026: Image # 188, module ExportToSpreadsheet # 20: CPU_time = 0.00 secs, Wall_time = 0.00 secs
Mon Aug 24 16:59:14 2026: Image # 189, module Images # 1: CPU_time = 0.00 secs, Wall_time = 0.00 secs
Mon Aug 24 16:59:14 2026: Image # 189, module Metadata # 2: CPU_time = 0.00 secs, Wall_time = 0.00 secs
Mon Aug 24 16:59:14 2026: Image # 189, module NamesAndTypes # 3: CPU_time = 4.30 secs, Wall_time = 4.35 secs
Mon Aug 24 16:59:18 2026: Image # 189, module Groups # 4: CPU_time = 0.00 secs, Wall_time = 0.00 secs
Mon Aug 24 16:59:18 2026: Image # 189, module FilterObjects # 5: CPU_time = 1.24 secs, Wall_time = 1.24 secs
Mon Aug 24 16:59:19 2026: Image # 189, module FilterObjects # 6: CPU_time = 1.23 secs, Wall_time = 1.23 secs
Mon Aug 24 16:59:21 2026: Image # 189, module MaskImage # 7: CPU_time = 0.30 secs, Wall_time = 0.15 secs
Mon Aug 24 16:59:21 2026: Image # 189, module MaskImage # 8: CPU_time = 0.26 secs, Wall_time = 0.12 secs
Mon Aug 24 16:59:21 2026: Image # 189, module MaskObjects # 9: CPU_time = 0.52 secs, Wall_time = 0.53 secs
Mon Aug 24 16:59:21 2026: Image # 189, module ExpandOrShrinkObjects # 10: CPU_time = 0.69 secs, Wall_time = 0.69 secs
Mon Aug 24 16:59:22 2026: Image # 189, module ExpandOrShrinkObjects # 11: CPU_time = 0.74 secs, Wall_time = 0.75 secs
Mon Aug 24 16:59:23 2026: Image # 189, module MaskObjects # 12: CPU_time = 0.63 secs, Wall_time = 0.63 secs
Mon Aug 24 16:59:24 2026: Image # 189, module EnhanceOrSuppressFeatures # 13: CPU_time = 1.10 secs, Wall_time = 1.10 secs
Mon Aug 24 16:59:25 2026: Image # 189, module IdentifyPrimaryObjects # 14: CPU_time = 3.46 secs, Wall_time = 3.46 secs
Mon Aug 24 16:59:28 2026: Image # 189, module MaskObjects # 15: CPU_time = 0.53 secs, Wall_time = 0.53 secs
Mon Aug 24 16:59:29 2026: Image # 189, module RelateObjects # 16: CPU_time = 0.89 secs, Wall_time = 0.89 secs
Mon Aug 24 16:59:30 2026: Image # 189, module RelateObjects # 17: CPU_time = 0.89 secs, Wall_time = 0.90 secs
Mon Aug 24 16:59:30 2026: Image # 189, module MeasureObjectIntensity # 18: CPU_time = 15.50 secs, Wall_time = 15.48 secs
Mon Aug 24 16:59:46 2026: Image # 189, module RelateObjects # 19: CPU_time = 0.19 secs, Wall_time = 0.19 secs
Mon Aug 24 16:59:46 2026: Image # 189, module ExportToSpreadsheet # 20: CPU_time = 0.00 secs, Wall_time = 0.00 secs
Mon Aug 24 16:59:46 2026: Image # 190, module Images # 1: CPU_time = 0.00 secs, Wall_time = 0.00 secs
Mon Aug 24 16:59:46 2026: Image # 190, module Metadata # 2: CPU_time = 0.00 secs, Wall_time = 0.00 secs
Mon Aug 24 16:59:46 2026: Image # 190, module NamesAndTypes # 3: CPU_time = 4.53 secs, Wall_time = 5.90 secs
Mon Aug 24 16:59:52 2026: Image # 190, module Groups # 4: CPU_time = 0.00 secs, Wall_time = 0.00 secs
Mon Aug 24 16:59:52 2026: Image # 190, module FilterObjects # 5: CPU_time = 1.43 secs, Wall_time = 1.42 secs
Mon Aug 24 16:59:53 2026: Image # 190, module FilterObjects # 6: CPU_time = 1.35 secs, Wall_time = 1.36 secs
Mon Aug 24 16:59:55 2026: Image # 190, module MaskImage # 7: CPU_time = 0.26 secs, Wall_time = 0.12 secs
Mon Aug 24 16:59:55 2026: Image # 190, module MaskImage # 8: CPU_time = 0.29 secs, Wall_time = 0.14 secs
Mon Aug 24 16:59:55 2026: Image # 190, module MaskObjects # 9: CPU_time = 0.54 secs, Wall_time = 0.54 secs
Mon Aug 24 16:59:56 2026: Image # 190, module ExpandOrShrinkObjects # 10: CPU_time = 0.87 secs, Wall_time = 0.86 secs
Mon Aug 24 16:59:56 2026: Image # 190, module ExpandOrShrinkObjects # 11: CPU_time = 0.89 secs, Wall_time = 0.89 secs
Mon Aug 24 16:59:57 2026: Image # 190, module MaskObjects # 12: CPU_time = 0.61 secs, Wall_time = 0.62 secs
Mon Aug 24 16:59:58 2026: Image # 190, module EnhanceOrSuppressFeatures # 13: CPU_time = 1.09 secs, Wall_time = 1.10 secs
Mon Aug 24 16:59:59 2026: Image # 190, module IdentifyPrimaryObjects # 14: CPU_time = 3.63 secs, Wall_time = 3.63 secs
Mon Aug 24 17:00:03 2026: Image # 190, module MaskObjects # 15: CPU_time = 0.54 secs, Wall_time = 0.54 secs
Mon Aug 24 17:00:03 2026: Image # 190, module RelateObjects # 16: CPU_time = 1.15 secs, Wall_time = 1.15 secs
Mon Aug 24 17:00:04 2026: Image # 190, module RelateObjects # 17: CPU_time = 1.16 secs, Wall_time = 1.14 secs
Mon Aug 24 17:00:06 2026: Image # 190, module MeasureObjectIntensity # 18: CPU_time = 17.13 secs, Wall_time = 17.11 secs
Mon Aug 24 17:00:23 2026: Image # 190, module RelateObjects # 19: CPU_time = 0.27 secs, Wall_time = 0.26 secs
Mon Aug 24 17:00:23 2026: Image # 190, module ExportToSpreadsheet # 20: CPU_time = 0.00 secs, Wall_time = 0.00 secs
Mon Aug 24 17:00:23 2026: Image # 191, module Images # 1: CPU_time = 0.00 secs, Wall_time = 0.00 secs
Mon Aug 24 17:00:23 2026: Image # 191, module Metadata # 2: CPU_time = 0.00 secs, Wall_time = 0.00 secs
Mon Aug 24 17:00:23 2026: Image # 191, module NamesAndTypes # 3: CPU_time = 4.03 secs, Wall_time = 4.45 secs
Mon Aug 24 17:00:27 2026: Image # 191, module Groups # 4: CPU_time = 0.00 secs, Wall_time = 0.00 secs
Mon Aug 24 17:00:27 2026: Image # 191, module FilterObjects # 5: CPU_time = 1.22 secs, Wall_time = 1.22 secs
Mon Aug 24 17:00:29 2026: Image # 191, module FilterObjects # 6: CPU_time = 1.20 secs, Wall_time = 1.20 secs
Mon Aug 24 17:00:30 2026: Image # 191, module MaskImage # 7: CPU_time = 0.32 secs, Wall_time = 0.15 secs
Mon Aug 24 17:00:30 2026: Image # 191, module MaskImage # 8: CPU_time = 0.24 secs, Wall_time = 0.13 secs
Mon Aug 24 17:00:30 2026: Image # 191, module MaskObjects # 9: CPU_time = 0.52 secs, Wall_time = 0.52 secs
Mon Aug 24 17:00:31 2026: Image # 191, module ExpandOrShrinkObjects # 10: CPU_time = 0.85 secs, Wall_time = 0.84 secs
Mon Aug 24 17:00:32 2026: Image # 191, module ExpandOrShrinkObjects # 11: CPU_time = 0.92 secs, Wall_time = 0.92 secs
Mon Aug 24 17:00:32 2026: Image # 191, module MaskObjects # 12: CPU_time = 0.61 secs, Wall_time = 0.62 secs
Mon Aug 24 17:00:33 2026: Image # 191, module EnhanceOrSuppressFeatures # 13: CPU_time = 1.10 secs, Wall_time = 1.10 secs
Mon Aug 24 17:00:34 2026: Image # 191, module IdentifyPrimaryObjects # 14: CPU_time = 3.34 secs, Wall_time = 3.33 secs
Mon Aug 24 17:00:37 2026: Image # 191, module MaskObjects # 15: CPU_time = 0.55 secs, Wall_time = 0.55 secs
Mon Aug 24 17:00:38 2026: Image # 191, module RelateObjects # 16: CPU_time = 0.93 secs, Wall_time = 0.92 secs
Mon Aug 24 17:00:39 2026: Image # 191, module RelateObjects # 17: CPU_time = 0.93 secs, Wall_time = 0.93 secs
Mon Aug 24 17:00:40 2026: Image # 191, module MeasureObjectIntensity # 18: CPU_time = 15.86 secs, Wall_time = 15.85 secs
Mon Aug 24 17:00:56 2026: Image # 191, module RelateObjects # 19: CPU_time = 0.20 secs, Wall_time = 0.19 secs
Mon Aug 24 17:00:56 2026: Image # 191, module ExportToSpreadsheet # 20: CPU_time = 0.00 secs, Wall_time = 0.00 secs
Mon Aug 24 17:00:56 2026: Image # 192, module Images # 1: CPU_time = 0.00 secs, Wall_time = 0.00 secs
Mon Aug 24 17:00:56 2026: Image # 192, module Metadata # 2: CPU_time = 0.00 secs, Wall_time = 0.00 secs
Mon Aug 24 17:00:56 2026: Image # 192, module NamesAndTypes # 3: CPU_time = 4.26 secs, Wall_time = 5.71 secs
Mon Aug 24 17:01:02 2026: Image # 192, module Groups # 4: CPU_time = 0.00 secs, Wall_time = 0.00 secs
Mon Aug 24 17:01:02 2026: Image # 192, module FilterObjects # 5: CPU_time = 1.35 secs, Wall_time = 1.35 secs
Mon Aug 24 17:01:03 2026: Image # 192, module FilterObjects # 6: CPU_time = 1.28 secs, Wall_time = 1.27 secs
Mon Aug 24 17:01:04 2026: Image # 192, module MaskImage # 7: CPU_time = 0.25 secs, Wall_time = 0.12 secs
Mon Aug 24 17:01:04 2026: Image # 192, module MaskImage # 8: CPU_time = 0.24 secs, Wall_time = 0.12 secs
Mon Aug 24 17:01:05 2026: Image # 192, module MaskObjects # 9: CPU_time = 0.54 secs, Wall_time = 0.54 secs
Mon Aug 24 17:01:05 2026: Image # 192, module ExpandOrShrinkObjects # 10: CPU_time = 0.80 secs, Wall_time = 0.80 secs
Mon Aug 24 17:01:06 2026: Image # 192, module ExpandOrShrinkObjects # 11: CPU_time = 0.86 secs, Wall_time = 0.86 secs
Mon Aug 24 17:01:07 2026: Image # 192, module MaskObjects # 12: CPU_time = 0.61 secs, Wall_time = 0.61 secs
Mon Aug 24 17:01:07 2026: Image # 192, module EnhanceOrSuppressFeatures # 13: CPU_time = 1.11 secs, Wall_time = 1.11 secs
Mon Aug 24 17:01:09 2026: Image # 192, module IdentifyPrimaryObjects # 14: CPU_time = 3.51 secs, Wall_time = 3.52 secs
Mon Aug 24 17:01:12 2026: Image # 192, module MaskObjects # 15: CPU_time = 0.56 secs, Wall_time = 0.56 secs
Mon Aug 24 17:01:13 2026: Image # 192, module RelateObjects # 16: CPU_time = 1.04 secs, Wall_time = 1.04 secs
Mon Aug 24 17:01:14 2026: Image # 192, module RelateObjects # 17: CPU_time = 1.03 secs, Wall_time = 1.03 secs
Mon Aug 24 17:01:15 2026: Image # 192, module MeasureObjectIntensity # 18: CPU_time = 16.12 secs, Wall_time = 16.10 secs
Mon Aug 24 17:01:31 2026: Image # 192, module RelateObjects # 19: CPU_time = 0.22 secs, Wall_time = 0.22 secs
Mon Aug 24 17:01:31 2026: Image # 192, module ExportToSpreadsheet # 20: CPU_time = 0.00 secs, Wall_time = 0.00 secs
Mon Aug 24 17:01:31 2026: Image # 193, module Images # 1: CPU_time = 0.00 secs, Wall_time = 0.00 secs
Mon Aug 24 17:01:31 2026: Image # 193, module Metadata # 2: CPU_time = 0.00 secs, Wall_time = 0.00 secs
Mon Aug 24 17:01:31 2026: Image # 193, module NamesAndTypes # 3: CPU_time = 4.40 secs, Wall_time = 6.18 secs
Mon Aug 24 17:01:37 2026: Image # 193, module Groups # 4: CPU_time = 0.00 secs, Wall_time = 0.00 secs
Mon Aug 24 17:01:37 2026: Image # 193, module FilterObjects # 5: CPU_time = 1.43 secs, Wall_time = 1.43 secs
Mon Aug 24 17:01:39 2026: Image # 193, module FilterObjects # 6: CPU_time = 1.36 secs, Wall_time = 1.36 secs
Mon Aug 24 17:01:40 2026: Image # 193, module MaskImage # 7: CPU_time = 0.30 secs, Wall_time = 0.15 secs
Mon Aug 24 17:01:40 2026: Image # 193, module MaskImage # 8: CPU_time = 0.25 secs, Wall_time = 0.12 secs
Mon Aug 24 17:01:40 2026: Image # 193, module MaskObjects # 9: CPU_time = 0.55 secs, Wall_time = 0.55 secs
Mon Aug 24 17:01:41 2026: Image # 193, module ExpandOrShrinkObjects # 10: CPU_time = 0.93 secs, Wall_time = 0.92 secs
Mon Aug 24 17:01:42 2026: Image # 193, module ExpandOrShrinkObjects # 11: CPU_time = 0.97 secs, Wall_time = 0.98 secs
Mon Aug 24 17:01:43 2026: Image # 193, module MaskObjects # 12: CPU_time = 0.59 secs, Wall_time = 0.59 secs
Mon Aug 24 17:01:43 2026: Image # 193, module EnhanceOrSuppressFeatures # 13: CPU_time = 1.10 secs, Wall_time = 1.10 secs
Mon Aug 24 17:01:44 2026: Image # 193, module IdentifyPrimaryObjects # 14: CPU_time = 3.68 secs, Wall_time = 3.67 secs
Mon Aug 24 17:01:48 2026: Image # 193, module MaskObjects # 15: CPU_time = 0.54 secs, Wall_time = 0.54 secs
Mon Aug 24 17:01:49 2026: Image # 193, module RelateObjects # 16: CPU_time = 1.09 secs, Wall_time = 1.10 secs
Mon Aug 24 17:01:50 2026: Image # 193, module RelateObjects # 17: CPU_time = 1.10 secs, Wall_time = 1.10 secs
Mon Aug 24 17:01:51 2026: Image # 193, module MeasureObjectIntensity # 18: CPU_time = 16.92 secs, Wall_time = 16.89 secs
Mon Aug 24 17:02:08 2026: Image # 193, module RelateObjects # 19: CPU_time = 0.25 secs, Wall_time = 0.26 secs
Mon Aug 24 17:02:08 2026: Image # 193, module ExportToSpreadsheet # 20: CPU_time = 0.00 secs, Wall_time = 0.00 secs
Mon Aug 24 17:02:08 2026: Image # 194, module Images # 1: CPU_time = 0.00 secs, Wall_time = 0.00 secs
Mon Aug 24 17:02:08 2026: Image # 194, module Metadata # 2: CPU_time = 0.00 secs, Wall_time = 0.00 secs
Mon Aug 24 17:02:08 2026: Image # 194, module NamesAndTypes # 3: CPU_time = 4.84 secs, Wall_time = 4.88 secs
Mon Aug 24 17:02:13 2026: Image # 194, module Groups # 4: CPU_time = 0.00 secs, Wall_time = 0.00 secs
Mon Aug 24 17:02:13 2026: Image # 194, module FilterObjects # 5: CPU_time = 1.48 secs, Wall_time = 1.48 secs
Mon Aug 24 17:02:14 2026: Image # 194, module FilterObjects # 6: CPU_time = 1.37 secs, Wall_time = 1.36 secs
Mon Aug 24 17:02:16 2026: Image # 194, module MaskImage # 7: CPU_time = 0.31 secs, Wall_time = 0.15 secs
Mon Aug 24 17:02:16 2026: Image # 194, module MaskImage # 8: CPU_time = 0.23 secs, Wall_time = 0.11 secs
Mon Aug 24 17:02:16 2026: Image # 194, module MaskObjects # 9: CPU_time = 0.53 secs, Wall_time = 0.53 secs
Mon Aug 24 17:02:17 2026: Image # 194, module ExpandOrShrinkObjects # 10: CPU_time = 0.90 secs, Wall_time = 0.90 secs
Mon Aug 24 17:02:17 2026: Image # 194, module ExpandOrShrinkObjects # 11: CPU_time = 0.94 secs, Wall_time = 0.93 secs
Mon Aug 24 17:02:18 2026: Image # 194, module MaskObjects # 12: CPU_time = 0.59 secs, Wall_time = 0.58 secs
Mon Aug 24 17:02:19 2026: Image # 194, module EnhanceOrSuppressFeatures # 13: CPU_time = 1.10 secs, Wall_time = 1.10 secs
Mon Aug 24 17:02:20 2026: Image # 194, module IdentifyPrimaryObjects # 14: CPU_time = 3.65 secs, Wall_time = 3.64 secs
Mon Aug 24 17:02:24 2026: Image # 194, module MaskObjects # 15: CPU_time = 0.55 secs, Wall_time = 0.55 secs
Mon Aug 24 17:02:24 2026: Image # 194, module RelateObjects # 16: CPU_time = 1.19 secs, Wall_time = 1.19 secs
Mon Aug 24 17:02:25 2026: Image # 194, module RelateObjects # 17: CPU_time = 1.16 secs, Wall_time = 1.16 secs
Mon Aug 24 17:02:27 2026: Image # 194, module MeasureObjectIntensity # 18: CPU_time = 16.64 secs, Wall_time = 16.62 secs
Mon Aug 24 17:02:43 2026: Image # 194, module RelateObjects # 19: CPU_time = 0.26 secs, Wall_time = 0.26 secs
Mon Aug 24 17:02:44 2026: Image # 194, module ExportToSpreadsheet # 20: CPU_time = 0.00 secs, Wall_time = 0.00 secs
Mon Aug 24 17:02:44 2026: Image # 195, module Images # 1: CPU_time = 0.00 secs, Wall_time = 0.00 secs
Mon Aug 24 17:02:44 2026: Image # 195, module Metadata # 2: CPU_time = 0.00 secs, Wall_time = 0.00 secs
Mon Aug 24 17:02:44 2026: Image # 195, module NamesAndTypes # 3: CPU_time = 4.32 secs, Wall_time = 6.53 secs
Mon Aug 24 17:02:50 2026: Image # 195, module Groups # 4: CPU_time = 0.00 secs, Wall_time = 0.00 secs
Mon Aug 24 17:02:50 2026: Image # 195, module FilterObjects # 5: CPU_time = 1.40 secs, Wall_time = 1.40 secs
Mon Aug 24 17:02:51 2026: Image # 195, module FilterObjects # 6: CPU_time = 1.31 secs, Wall_time = 1.31 secs
Mon Aug 24 17:02:53 2026: Image # 195, module MaskImage # 7: CPU_time = 0.23 secs, Wall_time = 0.11 secs
Mon Aug 24 17:02:53 2026: Image # 195, module MaskImage # 8: CPU_time = 0.27 secs, Wall_time = 0.12 secs
Mon Aug 24 17:02:53 2026: Image # 195, module MaskObjects # 9: CPU_time = 0.51 secs, Wall_time = 0.51 secs
Mon Aug 24 17:02:54 2026: Image # 195, module ExpandOrShrinkObjects # 10: CPU_time = 0.97 secs, Wall_time = 0.98 secs
Mon Aug 24 17:02:55 2026: Image # 195, module ExpandOrShrinkObjects # 11: CPU_time = 1.02 secs, Wall_time = 1.02 secs
Mon Aug 24 17:02:56 2026: Image # 195, module MaskObjects # 12: CPU_time = 0.57 secs, Wall_time = 0.58 secs
Mon Aug 24 17:02:56 2026: Image # 195, module EnhanceOrSuppressFeatures # 13: CPU_time = 1.09 secs, Wall_time = 1.09 secs
Mon Aug 24 17:02:57 2026: Image # 195, module IdentifyPrimaryObjects # 14: CPU_time = 3.58 secs, Wall_time = 3.57 secs
Mon Aug 24 17:03:01 2026: Image # 195, module MaskObjects # 15: CPU_time = 0.53 secs, Wall_time = 0.53 secs
Mon Aug 24 17:03:01 2026: Image # 195, module RelateObjects # 16: CPU_time = 1.11 secs, Wall_time = 1.11 secs
Mon Aug 24 17:03:02 2026: Image # 195, module RelateObjects # 17: CPU_time = 1.11 secs, Wall_time = 1.10 secs
Mon Aug 24 17:03:04 2026: Image # 195, module MeasureObjectIntensity # 18: CPU_time = 16.51 secs, Wall_time = 16.49 secs
Mon Aug 24 17:03:20 2026: Image # 195, module RelateObjects # 19: CPU_time = 0.24 secs, Wall_time = 0.25 secs
Mon Aug 24 17:03:20 2026: Image # 195, module ExportToSpreadsheet # 20: CPU_time = 0.00 secs, Wall_time = 0.00 secs
Mon Aug 24 17:03:20 2026: Image # 196, module Images # 1: CPU_time = 0.00 secs, Wall_time = 0.00 secs
Mon Aug 24 17:03:20 2026: Image # 196, module Metadata # 2: CPU_time = 0.00 secs, Wall_time = 0.00 secs
Mon Aug 24 17:03:20 2026: Image # 196, module NamesAndTypes # 3: CPU_time = 4.46 secs, Wall_time = 5.87 secs
Mon Aug 24 17:03:26 2026: Image # 196, module Groups # 4: CPU_time = 0.00 secs, Wall_time = 0.00 secs
Mon Aug 24 17:03:26 2026: Image # 196, module FilterObjects # 5: CPU_time = 1.49 secs, Wall_time = 1.49 secs
Mon Aug 24 17:03:28 2026: Image # 196, module FilterObjects # 6: CPU_time = 1.36 secs, Wall_time = 1.36 secs
Mon Aug 24 17:03:29 2026: Image # 196, module MaskImage # 7: CPU_time = 0.23 secs, Wall_time = 0.11 secs
Mon Aug 24 17:03:29 2026: Image # 196, module MaskImage # 8: CPU_time = 0.24 secs, Wall_time = 0.11 secs
Mon Aug 24 17:03:29 2026: Image # 196, module MaskObjects # 9: CPU_time = 0.57 secs, Wall_time = 0.55 secs
Mon Aug 24 17:03:30 2026: Image # 196, module ExpandOrShrinkObjects # 10: CPU_time = 0.84 secs, Wall_time = 0.84 secs
Mon Aug 24 17:03:31 2026: Image # 196, module ExpandOrShrinkObjects # 11: CPU_time = 1.02 secs, Wall_time = 1.02 secs
Mon Aug 24 17:03:32 2026: Image # 196, module MaskObjects # 12: CPU_time = 0.60 secs, Wall_time = 0.60 secs
Mon Aug 24 17:03:32 2026: Image # 196, module EnhanceOrSuppressFeatures # 13: CPU_time = 1.11 secs, Wall_time = 1.11 secs
Mon Aug 24 17:03:33 2026: Image # 196, module IdentifyPrimaryObjects # 14: CPU_time = 3.60 secs, Wall_time = 3.59 secs
Mon Aug 24 17:03:37 2026: Image # 196, module MaskObjects # 15: CPU_time = 0.54 secs, Wall_time = 0.54 secs
Mon Aug 24 17:03:38 2026: Image # 196, module RelateObjects # 16: CPU_time = 1.15 secs, Wall_time = 1.15 secs
Mon Aug 24 17:03:39 2026: Image # 196, module RelateObjects # 17: CPU_time = 1.16 secs, Wall_time = 1.15 secs
Mon Aug 24 17:03:40 2026: Image # 196, module MeasureObjectIntensity # 18: CPU_time = 17.10 secs, Wall_time = 17.09 secs
Mon Aug 24 17:03:57 2026: Image # 196, module RelateObjects # 19: CPU_time = 0.26 secs, Wall_time = 0.26 secs
Mon Aug 24 17:03:57 2026: Image # 196, module ExportToSpreadsheet # 20: CPU_time = 0.00 secs, Wall_time = 0.00 secs
Mon Aug 24 17:03:57 2026: Image # 197, module Images # 1: CPU_time = 0.00 secs, Wall_time = 0.00 secs
Mon Aug 24 17:03:57 2026: Image # 197, module Metadata # 2: CPU_time = 0.00 secs, Wall_time = 0.00 secs
Mon Aug 24 17:03:57 2026: Image # 197, module NamesAndTypes # 3: CPU_time = 4.29 secs, Wall_time = 5.38 secs
Mon Aug 24 17:04:03 2026: Image # 197, module Groups # 4: CPU_time = 0.00 secs, Wall_time = 0.00 secs
Mon Aug 24 17:04:03 2026: Image # 197, module FilterObjects # 5: CPU_time = 1.46 secs, Wall_time = 1.46 secs
Mon Aug 24 17:04:04 2026: Image # 197, module FilterObjects # 6: CPU_time = 1.36 secs, Wall_time = 1.36 secs
Mon Aug 24 17:04:05 2026: Image # 197, module MaskImage # 7: CPU_time = 0.26 secs, Wall_time = 0.12 secs
Mon Aug 24 17:04:06 2026: Image # 197, module MaskImage # 8: CPU_time = 0.24 secs, Wall_time = 0.12 secs
Mon Aug 24 17:04:06 2026: Image # 197, module MaskObjects # 9: CPU_time = 0.52 secs, Wall_time = 0.52 secs
Mon Aug 24 17:04:06 2026: Image # 197, module ExpandOrShrinkObjects # 10: CPU_time = 0.92 secs, Wall_time = 0.92 secs
Mon Aug 24 17:04:07 2026: Image # 197, module ExpandOrShrinkObjects # 11: CPU_time = 0.96 secs, Wall_time = 0.96 secs
Mon Aug 24 17:04:08 2026: Image # 197, module MaskObjects # 12: CPU_time = 0.58 secs, Wall_time = 0.58 secs
Mon Aug 24 17:04:09 2026: Image # 197, module EnhanceOrSuppressFeatures # 13: CPU_time = 1.08 secs, Wall_time = 1.09 secs
Mon Aug 24 17:04:10 2026: Image # 197, module IdentifyPrimaryObjects # 14: CPU_time = 3.68 secs, Wall_time = 3.67 secs
Mon Aug 24 17:04:13 2026: Image # 197, module MaskObjects # 15: CPU_time = 0.56 secs, Wall_time = 0.56 secs
Mon Aug 24 17:04:14 2026: Image # 197, module RelateObjects # 16: CPU_time = 1.17 secs, Wall_time = 1.16 secs
Mon Aug 24 17:04:15 2026: Image # 197, module RelateObjects # 17: CPU_time = 1.19 secs, Wall_time = 1.19 secs
Mon Aug 24 17:04:16 2026: Image # 197, module MeasureObjectIntensity # 18: CPU_time = 17.16 secs, Wall_time = 17.14 secs
Mon Aug 24 17:04:34 2026: Image # 197, module RelateObjects # 19: CPU_time = 0.27 secs, Wall_time = 0.27 secs
Mon Aug 24 17:04:34 2026: Image # 197, module ExportToSpreadsheet # 20: CPU_time = 0.00 secs, Wall_time = 0.00 secs
Mon Aug 24 17:04:34 2026: Image # 198, module Images # 1: CPU_time = 0.00 secs, Wall_time = 0.00 secs
Mon Aug 24 17:04:34 2026: Image # 198, module Metadata # 2: CPU_time = 0.00 secs, Wall_time = 0.00 secs
Mon Aug 24 17:04:34 2026: Image # 198, module NamesAndTypes # 3: CPU_time = 4.33 secs, Wall_time = 5.43 secs
Mon Aug 24 17:04:39 2026: Image # 198, module Groups # 4: CPU_time = 0.00 secs, Wall_time = 0.00 secs
Mon Aug 24 17:04:39 2026: Image # 198, module FilterObjects # 5: CPU_time = 1.51 secs, Wall_time = 1.50 secs
Mon Aug 24 17:04:41 2026: Image # 198, module FilterObjects # 6: CPU_time = 1.39 secs, Wall_time = 1.39 secs
Mon Aug 24 17:04:42 2026: Image # 198, module MaskImage # 7: CPU_time = 0.24 secs, Wall_time = 0.12 secs
Mon Aug 24 17:04:42 2026: Image # 198, module MaskImage # 8: CPU_time = 0.26 secs, Wall_time = 0.12 secs
Mon Aug 24 17:04:42 2026: Image # 198, module MaskObjects # 9: CPU_time = 0.56 secs, Wall_time = 0.54 secs
Mon Aug 24 17:04:43 2026: Image # 198, module ExpandOrShrinkObjects # 10: CPU_time = 1.01 secs, Wall_time = 1.01 secs
Mon Aug 24 17:04:44 2026: Image # 198, module ExpandOrShrinkObjects # 11: CPU_time = 1.06 secs, Wall_time = 1.06 secs
Mon Aug 24 17:04:45 2026: Image # 198, module MaskObjects # 12: CPU_time = 0.59 secs, Wall_time = 0.60 secs
Mon Aug 24 17:04:46 2026: Image # 198, module EnhanceOrSuppressFeatures # 13: CPU_time = 1.09 secs, Wall_time = 1.09 secs
Mon Aug 24 17:04:47 2026: Image # 198, module IdentifyPrimaryObjects # 14: CPU_time = 3.73 secs, Wall_time = 3.73 secs
Mon Aug 24 17:04:50 2026: Image # 198, module MaskObjects # 15: CPU_time = 0.54 secs, Wall_time = 0.54 secs
Mon Aug 24 17:04:51 2026: Image # 198, module RelateObjects # 16: CPU_time = 1.22 secs, Wall_time = 1.22 secs
Mon Aug 24 17:04:52 2026: Image # 198, module RelateObjects # 17: CPU_time = 1.22 secs, Wall_time = 1.22 secs
Mon Aug 24 17:04:53 2026: Image # 198, module MeasureObjectIntensity # 18: CPU_time = 17.85 secs, Wall_time = 17.84 secs
Mon Aug 24 17:05:11 2026: Image # 198, module RelateObjects # 19: CPU_time = 0.26 secs, Wall_time = 0.26 secs
Mon Aug 24 17:05:12 2026: Image # 198, module ExportToSpreadsheet # 20: CPU_time = 0.00 secs, Wall_time = 0.00 secs
Mon Aug 24 17:05:12 2026: Image # 199, module Images # 1: CPU_time = 0.00 secs, Wall_time = 0.00 secs
Mon Aug 24 17:05:12 2026: Image # 199, module Metadata # 2: CPU_time = 0.00 secs, Wall_time = 0.00 secs
Mon Aug 24 17:05:12 2026: Image # 199, module NamesAndTypes # 3: CPU_time = 4.50 secs, Wall_time = 5.46 secs
Mon Aug 24 17:05:17 2026: Image # 199, module Groups # 4: CPU_time = 0.00 secs, Wall_time = 0.00 secs
Mon Aug 24 17:05:17 2026: Image # 199, module FilterObjects # 5: CPU_time = 1.55 secs, Wall_time = 1.55 secs
Mon Aug 24 17:05:19 2026: Image # 199, module FilterObjects # 6: CPU_time = 1.38 secs, Wall_time = 1.39 secs
Mon Aug 24 17:05:20 2026: Image # 199, module MaskImage # 7: CPU_time = 0.26 secs, Wall_time = 0.13 secs
Mon Aug 24 17:05:20 2026: Image # 199, module MaskImage # 8: CPU_time = 0.14 secs, Wall_time = 0.12 secs
Mon Aug 24 17:05:20 2026: Image # 199, module MaskObjects # 9: CPU_time = 0.54 secs, Wall_time = 0.54 secs
Mon Aug 24 17:05:21 2026: Image # 199, module ExpandOrShrinkObjects # 10: CPU_time = 0.97 secs, Wall_time = 0.97 secs
Mon Aug 24 17:05:22 2026: Image # 199, module ExpandOrShrinkObjects # 11: CPU_time = 0.96 secs, Wall_time = 0.96 secs
Mon Aug 24 17:05:23 2026: Image # 199, module MaskObjects # 12: CPU_time = 0.58 secs, Wall_time = 0.58 secs
Mon Aug 24 17:05:23 2026: Image # 199, module EnhanceOrSuppressFeatures # 13: CPU_time = 1.10 secs, Wall_time = 1.10 secs
Mon Aug 24 17:05:24 2026: Image # 199, module IdentifyPrimaryObjects # 14: CPU_time = 3.87 secs, Wall_time = 3.87 secs
Mon Aug 24 17:05:28 2026: Image # 199, module MaskObjects # 15: CPU_time = 0.54 secs, Wall_time = 0.55 secs
Mon Aug 24 17:05:29 2026: Image # 199, module RelateObjects # 16: CPU_time = 1.27 secs, Wall_time = 1.27 secs
Mon Aug 24 17:05:30 2026: Image # 199, module RelateObjects # 17: CPU_time = 1.25 secs, Wall_time = 1.26 secs
Mon Aug 24 17:05:31 2026: Image # 199, module MeasureObjectIntensity # 18: CPU_time = 18.01 secs, Wall_time = 17.99 secs
Mon Aug 24 17:05:49 2026: Image # 199, module RelateObjects # 19: CPU_time = 0.29 secs, Wall_time = 0.29 secs
Mon Aug 24 17:05:50 2026: Image # 199, module ExportToSpreadsheet # 20: CPU_time = 0.00 secs, Wall_time = 0.00 secs
Mon Aug 24 17:05:50 2026: Image # 200, module Images # 1: CPU_time = 0.00 secs, Wall_time = 0.00 secs
Mon Aug 24 17:05:50 2026: Image # 200, module Metadata # 2: CPU_time = 0.00 secs, Wall_time = 0.00 secs
Mon Aug 24 17:05:50 2026: Image # 200, module NamesAndTypes # 3: CPU_time = 4.27 secs, Wall_time = 5.44 secs
Mon Aug 24 17:05:55 2026: Image # 200, module Groups # 4: CPU_time = 0.00 secs, Wall_time = 0.00 secs
Mon Aug 24 17:05:55 2026: Image # 200, module FilterObjects # 5: CPU_time = 1.54 secs, Wall_time = 1.54 secs
Mon Aug 24 17:05:57 2026: Image # 200, module FilterObjects # 6: CPU_time = 1.38 secs, Wall_time = 1.38 secs
Mon Aug 24 17:05:58 2026: Image # 200, module MaskImage # 7: CPU_time = 0.23 secs, Wall_time = 0.12 secs
Mon Aug 24 17:05:58 2026: Image # 200, module MaskImage # 8: CPU_time = 0.13 secs, Wall_time = 0.11 secs
Mon Aug 24 17:05:58 2026: Image # 200, module MaskObjects # 9: CPU_time = 0.53 secs, Wall_time = 0.53 secs
Mon Aug 24 17:05:59 2026: Image # 200, module ExpandOrShrinkObjects # 10: CPU_time = 1.01 secs, Wall_time = 1.01 secs
Mon Aug 24 17:06:00 2026: Image # 200, module ExpandOrShrinkObjects # 11: CPU_time = 0.87 secs, Wall_time = 0.87 secs
Mon Aug 24 17:06:01 2026: Image # 200, module MaskObjects # 12: CPU_time = 0.59 secs, Wall_time = 0.59 secs
Mon Aug 24 17:06:01 2026: Image # 200, module EnhanceOrSuppressFeatures # 13: CPU_time = 1.09 secs, Wall_time = 1.09 secs
Mon Aug 24 17:06:02 2026: Image # 200, module IdentifyPrimaryObjects # 14: CPU_time = 4.49 secs, Wall_time = 5.63 secs
Mon Aug 24 17:06:08 2026: Image # 200, module MaskObjects # 15: CPU_time = 0.57 secs, Wall_time = 0.57 secs
Mon Aug 24 17:06:09 2026: Image # 200, module RelateObjects # 16: CPU_time = 1.19 secs, Wall_time = 1.18 secs
Mon Aug 24 17:06:10 2026: Image # 200, module RelateObjects # 17: CPU_time = 1.16 secs, Wall_time = 1.17 secs
Mon Aug 24 17:06:11 2026: Image # 200, module MeasureObjectIntensity # 18: CPU_time = 16.08 secs, Wall_time = 16.07 secs
Mon Aug 24 17:06:27 2026: Image # 200, module RelateObjects # 19: CPU_time = 0.26 secs, Wall_time = 0.27 secs
Mon Aug 24 17:06:27 2026: Image # 200, module ExportToSpreadsheet # 20: CPU_time = 0.01 secs, Wall_time = 0.00 secs
Mon Aug 24 17:06:27 2026: Image # 201, module Images # 1: CPU_time = 0.00 secs, Wall_time = 0.00 secs
Mon Aug 24 17:06:27 2026: Image # 201, module Metadata # 2: CPU_time = 0.00 secs, Wall_time = 0.00 secs
Mon Aug 24 17:06:27 2026: Image # 201, module NamesAndTypes # 3: CPU_time = 4.39 secs, Wall_time = 6.42 secs
Mon Aug 24 17:06:34 2026: Image # 201, module Groups # 4: CPU_time = 0.00 secs, Wall_time = 0.00 secs
Mon Aug 24 17:06:34 2026: Image # 201, module FilterObjects # 5: CPU_time = 1.54 secs, Wall_time = 1.54 secs
Mon Aug 24 17:06:35 2026: Image # 201, module FilterObjects # 6: CPU_time = 1.38 secs, Wall_time = 1.38 secs
Mon Aug 24 17:06:37 2026: Image # 201, module MaskImage # 7: CPU_time = 0.25 secs, Wall_time = 0.12 secs
Mon Aug 24 17:06:37 2026: Image # 201, module MaskImage # 8: CPU_time = 0.25 secs, Wall_time = 0.12 secs
Mon Aug 24 17:06:37 2026: Image # 201, module MaskObjects # 9: CPU_time = 0.53 secs, Wall_time = 0.53 secs
Mon Aug 24 17:06:37 2026: Image # 201, module ExpandOrShrinkObjects # 10: CPU_time = 0.85 secs, Wall_time = 0.85 secs
Mon Aug 24 17:06:38 2026: Image # 201, module ExpandOrShrinkObjects # 11: CPU_time = 0.88 secs, Wall_time = 0.87 secs
Mon Aug 24 17:06:39 2026: Image # 201, module MaskObjects # 12: CPU_time = 0.59 secs, Wall_time = 0.59 secs
Mon Aug 24 17:06:40 2026: Image # 201, module EnhanceOrSuppressFeatures # 13: CPU_time = 1.11 secs, Wall_time = 1.11 secs
Mon Aug 24 17:06:41 2026: Image # 201, module IdentifyPrimaryObjects # 14: CPU_time = 3.73 secs, Wall_time = 3.74 secs
Mon Aug 24 17:06:45 2026: Image # 201, module MaskObjects # 15: CPU_time = 0.56 secs, Wall_time = 0.57 secs
Mon Aug 24 17:06:45 2026: Image # 201, module RelateObjects # 16: CPU_time = 1.27 secs, Wall_time = 1.27 secs
Mon Aug 24 17:06:46 2026: Image # 201, module RelateObjects # 17: CPU_time = 1.26 secs, Wall_time = 1.27 secs
Mon Aug 24 17:06:48 2026: Image # 201, module MeasureObjectIntensity # 18: CPU_time = 17.40 secs, Wall_time = 17.39 secs
Mon Aug 24 17:07:05 2026: Image # 201, module RelateObjects # 19: CPU_time = 0.29 secs, Wall_time = 0.28 secs
Mon Aug 24 17:07:05 2026: Image # 201, module ExportToSpreadsheet # 20: CPU_time = 0.00 secs, Wall_time = 0.00 secs
Mon Aug 24 17:07:05 2026: Image # 202, module Images # 1: CPU_time = 0.00 secs, Wall_time = 0.00 secs
Mon Aug 24 17:07:05 2026: Image # 202, module Metadata # 2: CPU_time = 0.00 secs, Wall_time = 0.00 secs
Mon Aug 24 17:07:05 2026: Image # 202, module NamesAndTypes # 3: CPU_time = 4.37 secs, Wall_time = 5.09 secs
Mon Aug 24 17:07:10 2026: Image # 202, module Groups # 4: CPU_time = 0.00 secs, Wall_time = 0.00 secs
Mon Aug 24 17:07:10 2026: Image # 202, module FilterObjects # 5: CPU_time = 1.40 secs, Wall_time = 1.39 secs
Mon Aug 24 17:07:12 2026: Image # 202, module FilterObjects # 6: CPU_time = 1.31 secs, Wall_time = 1.30 secs
Mon Aug 24 17:07:13 2026: Image # 202, module MaskImage # 7: CPU_time = 0.23 secs, Wall_time = 0.11 secs
Mon Aug 24 17:07:13 2026: Image # 202, module MaskImage # 8: CPU_time = 0.24 secs, Wall_time = 0.12 secs
Mon Aug 24 17:07:13 2026: Image # 202, module MaskObjects # 9: CPU_time = 0.53 secs, Wall_time = 0.54 secs
Mon Aug 24 17:07:14 2026: Image # 202, module ExpandOrShrinkObjects # 10: CPU_time = 1.02 secs, Wall_time = 1.02 secs
Mon Aug 24 17:07:15 2026: Image # 202, module ExpandOrShrinkObjects # 11: CPU_time = 1.06 secs, Wall_time = 1.06 secs
Mon Aug 24 17:07:16 2026: Image # 202, module MaskObjects # 12: CPU_time = 0.58 secs, Wall_time = 0.58 secs
Mon Aug 24 17:07:17 2026: Image # 202, module EnhanceOrSuppressFeatures # 13: CPU_time = 1.10 secs, Wall_time = 1.10 secs
Mon Aug 24 17:07:18 2026: Image # 202, module IdentifyPrimaryObjects # 14: CPU_time = 3.64 secs, Wall_time = 3.63 secs
Mon Aug 24 17:07:21 2026: Image # 202, module MaskObjects # 15: CPU_time = 0.56 secs, Wall_time = 0.56 secs
Mon Aug 24 17:07:22 2026: Image # 202, module RelateObjects # 16: CPU_time = 1.14 secs, Wall_time = 1.14 secs
Mon Aug 24 17:07:23 2026: Image # 202, module RelateObjects # 17: CPU_time = 1.12 secs, Wall_time = 1.12 secs
Mon Aug 24 17:07:24 2026: Image # 202, module MeasureObjectIntensity # 18: CPU_time = 16.80 secs, Wall_time = 16.78 secs
Mon Aug 24 17:07:41 2026: Image # 202, module RelateObjects # 19: CPU_time = 0.25 secs, Wall_time = 0.25 secs
Mon Aug 24 17:07:41 2026: Image # 202, module ExportToSpreadsheet # 20: CPU_time = 0.00 secs, Wall_time = 0.00 secs
Mon Aug 24 17:07:41 2026: Image # 203, module Images # 1: CPU_time = 0.00 secs, Wall_time = 0.00 secs
Mon Aug 24 17:07:41 2026: Image # 203, module Metadata # 2: CPU_time = 0.00 secs, Wall_time = 0.00 secs
Mon Aug 24 17:07:41 2026: Image # 203, module NamesAndTypes # 3: CPU_time = 4.44 secs, Wall_time = 6.00 secs
Mon Aug 24 17:07:47 2026: Image # 203, module Groups # 4: CPU_time = 0.00 secs, Wall_time = 0.00 secs
Mon Aug 24 17:07:47 2026: Image # 203, module FilterObjects # 5: CPU_time = 1.51 secs, Wall_time = 1.51 secs
Mon Aug 24 17:07:49 2026: Image # 203, module FilterObjects # 6: CPU_time = 1.39 secs, Wall_time = 1.39 secs
Mon Aug 24 17:07:50 2026: Image # 203, module MaskImage # 7: CPU_time = 0.31 secs, Wall_time = 0.15 secs
Mon Aug 24 17:07:50 2026: Image # 203, module MaskImage # 8: CPU_time = 0.26 secs, Wall_time = 0.12 secs
Mon Aug 24 17:07:50 2026: Image # 203, module MaskObjects # 9: CPU_time = 0.55 secs, Wall_time = 0.54 secs
Mon Aug 24 17:07:51 2026: Image # 203, module ExpandOrShrinkObjects # 10: CPU_time = 0.89 secs, Wall_time = 0.89 secs
Mon Aug 24 17:07:52 2026: Image # 203, module ExpandOrShrinkObjects # 11: CPU_time = 0.94 secs, Wall_time = 0.94 secs
Mon Aug 24 17:07:53 2026: Image # 203, module MaskObjects # 12: CPU_time = 0.61 secs, Wall_time = 0.60 secs
Mon Aug 24 17:07:53 2026: Image # 203, module EnhanceOrSuppressFeatures # 13: CPU_time = 1.11 secs, Wall_time = 1.11 secs
Mon Aug 24 17:07:55 2026: Image # 203, module IdentifyPrimaryObjects # 14: CPU_time = 3.75 secs, Wall_time = 3.75 secs
Mon Aug 24 17:07:58 2026: Image # 203, module MaskObjects # 15: CPU_time = 0.56 secs, Wall_time = 0.55 secs
Mon Aug 24 17:07:59 2026: Image # 203, module RelateObjects # 16: CPU_time = 1.22 secs, Wall_time = 1.23 secs
Mon Aug 24 17:08:00 2026: Image # 203, module RelateObjects # 17: CPU_time = 1.21 secs, Wall_time = 1.21 secs
Mon Aug 24 17:08:01 2026: Image # 203, module MeasureObjectIntensity # 18: CPU_time = 17.21 secs, Wall_time = 17.18 secs
Mon Aug 24 17:08:18 2026: Image # 203, module RelateObjects # 19: CPU_time = 0.28 secs, Wall_time = 0.28 secs
Mon Aug 24 17:08:19 2026: Image # 203, module ExportToSpreadsheet # 20: CPU_time = 0.01 secs, Wall_time = 0.00 secs
Mon Aug 24 17:08:19 2026: Image # 204, module Images # 1: CPU_time = 0.00 secs, Wall_time = 0.00 secs
Mon Aug 24 17:08:19 2026: Image # 204, module Metadata # 2: CPU_time = 0.00 secs, Wall_time = 0.00 secs
Mon Aug 24 17:08:19 2026: Image # 204, module NamesAndTypes # 3: CPU_time = 4.67 secs, Wall_time = 6.37 secs
Mon Aug 24 17:08:25 2026: Image # 204, module Groups # 4: CPU_time = 0.00 secs, Wall_time = 0.00 secs
Mon Aug 24 17:08:25 2026: Image # 204, module FilterObjects # 5: CPU_time = 1.72 secs, Wall_time = 1.70 secs
Mon Aug 24 17:08:27 2026: Image # 204, module FilterObjects # 6: CPU_time = 1.55 secs, Wall_time = 1.56 secs
Mon Aug 24 17:08:28 2026: Image # 204, module MaskImage # 7: CPU_time = 0.28 secs, Wall_time = 0.14 secs
Mon Aug 24 17:08:29 2026: Image # 204, module MaskImage # 8: CPU_time = 0.23 secs, Wall_time = 0.12 secs
Mon Aug 24 17:08:29 2026: Image # 204, module MaskObjects # 9: CPU_time = 0.54 secs, Wall_time = 0.54 secs
Mon Aug 24 17:08:29 2026: Image # 204, module ExpandOrShrinkObjects # 10: CPU_time = 1.06 secs, Wall_time = 1.05 secs
Mon Aug 24 17:08:30 2026: Image # 204, module ExpandOrShrinkObjects # 11: CPU_time = 1.07 secs, Wall_time = 1.07 secs
Mon Aug 24 17:08:31 2026: Image # 204, module MaskObjects # 12: CPU_time = 0.57 secs, Wall_time = 0.57 secs
Mon Aug 24 17:08:32 2026: Image # 204, module EnhanceOrSuppressFeatures # 13: CPU_time = 1.10 secs, Wall_time = 1.09 secs
Mon Aug 24 17:08:33 2026: Image # 204, module IdentifyPrimaryObjects # 14: CPU_time = 4.03 secs, Wall_time = 4.02 secs
Mon Aug 24 17:08:37 2026: Image # 204, module MaskObjects # 15: CPU_time = 0.55 secs, Wall_time = 0.55 secs
Mon Aug 24 17:08:38 2026: Image # 204, module RelateObjects # 16: CPU_time = 1.51 secs, Wall_time = 1.51 secs
Mon Aug 24 17:08:39 2026: Image # 204, module RelateObjects # 17: CPU_time = 1.52 secs, Wall_time = 1.52 secs
Mon Aug 24 17:08:41 2026: Image # 204, module MeasureObjectIntensity # 18: CPU_time = 19.40 secs, Wall_time = 19.38 secs
Mon Aug 24 17:09:00 2026: Image # 204, module RelateObjects # 19: CPU_time = 0.36 secs, Wall_time = 0.36 secs
Mon Aug 24 17:09:00 2026: Image # 204, module ExportToSpreadsheet # 20: CPU_time = 0.00 secs, Wall_time = 0.00 secs
Mon Aug 24 17:09:00 2026: Image # 205, module Images # 1: CPU_time = 0.00 secs, Wall_time = 0.00 secs
Mon Aug 24 17:09:00 2026: Image # 205, module Metadata # 2: CPU_time = 0.00 secs, Wall_time = 0.00 secs
Mon Aug 24 17:09:00 2026: Image # 205, module NamesAndTypes # 3: CPU_time = 4.35 secs, Wall_time = 5.89 secs
Mon Aug 24 17:09:06 2026: Image # 205, module Groups # 4: CPU_time = 0.00 secs, Wall_time = 0.00 secs
Mon Aug 24 17:09:06 2026: Image # 205, module FilterObjects # 5: CPU_time = 1.41 secs, Wall_time = 1.41 secs
Mon Aug 24 17:09:08 2026: Image # 205, module FilterObjects # 6: CPU_time = 1.30 secs, Wall_time = 1.30 secs
Mon Aug 24 17:09:09 2026: Image # 205, module MaskImage # 7: CPU_time = 0.26 secs, Wall_time = 0.13 secs
Mon Aug 24 17:09:09 2026: Image # 205, module MaskImage # 8: CPU_time = 0.27 secs, Wall_time = 0.12 secs
Mon Aug 24 17:09:09 2026: Image # 205, module MaskObjects # 9: CPU_time = 0.53 secs, Wall_time = 0.53 secs
Mon Aug 24 17:09:10 2026: Image # 205, module ExpandOrShrinkObjects # 10: CPU_time = 0.81 secs, Wall_time = 0.80 secs
Mon Aug 24 17:09:11 2026: Image # 205, module ExpandOrShrinkObjects # 11: CPU_time = 0.86 secs, Wall_time = 0.86 secs
Mon Aug 24 17:09:11 2026: Image # 205, module MaskObjects # 12: CPU_time = 0.59 secs, Wall_time = 0.59 secs
Mon Aug 24 17:09:12 2026: Image # 205, module EnhanceOrSuppressFeatures # 13: CPU_time = 1.10 secs, Wall_time = 1.11 secs
Mon Aug 24 17:09:13 2026: Image # 205, module IdentifyPrimaryObjects # 14: CPU_time = 3.75 secs, Wall_time = 3.76 secs
Mon Aug 24 17:09:17 2026: Image # 205, module MaskObjects # 15: CPU_time = 0.52 secs, Wall_time = 0.52 secs
Mon Aug 24 17:09:17 2026: Image # 205, module RelateObjects # 16: CPU_time = 1.11 secs, Wall_time = 1.11 secs
Mon Aug 24 17:09:19 2026: Image # 205, module RelateObjects # 17: CPU_time = 1.11 secs, Wall_time = 1.11 secs
Mon Aug 24 17:09:20 2026: Image # 205, module MeasureObjectIntensity # 18: CPU_time = 16.66 secs, Wall_time = 16.65 secs
Mon Aug 24 17:09:36 2026: Image # 205, module RelateObjects # 19: CPU_time = 0.24 secs, Wall_time = 0.24 secs
Mon Aug 24 17:09:37 2026: Image # 205, module ExportToSpreadsheet # 20: CPU_time = 0.00 secs, Wall_time = 0.00 secs
Mon Aug 24 17:09:37 2026: Image # 206, module Images # 1: CPU_time = 0.00 secs, Wall_time = 0.00 secs
Mon Aug 24 17:09:37 2026: Image # 206, module Metadata # 2: CPU_time = 0.00 secs, Wall_time = 0.00 secs
Mon Aug 24 17:09:37 2026: Image # 206, module NamesAndTypes # 3: CPU_time = 4.30 secs, Wall_time = 5.91 secs
Mon Aug 24 17:09:43 2026: Image # 206, module Groups # 4: CPU_time = 0.00 secs, Wall_time = 0.00 secs
Mon Aug 24 17:09:43 2026: Image # 206, module FilterObjects # 5: CPU_time = 1.27 secs, Wall_time = 1.27 secs
Mon Aug 24 17:09:44 2026: Image # 206, module FilterObjects # 6: CPU_time = 1.24 secs, Wall_time = 1.23 secs
Mon Aug 24 17:09:45 2026: Image # 206, module MaskImage # 7: CPU_time = 0.25 secs, Wall_time = 0.11 secs
Mon Aug 24 17:09:45 2026: Image # 206, module MaskImage # 8: CPU_time = 0.23 secs, Wall_time = 0.12 secs
Mon Aug 24 17:09:45 2026: Image # 206, module MaskObjects # 9: CPU_time = 0.53 secs, Wall_time = 0.53 secs
Mon Aug 24 17:09:46 2026: Image # 206, module ExpandOrShrinkObjects # 10: CPU_time = 0.73 secs, Wall_time = 0.73 secs
Mon Aug 24 17:09:47 2026: Image # 206, module ExpandOrShrinkObjects # 11: CPU_time = 0.79 secs, Wall_time = 0.78 secs
Mon Aug 24 17:09:47 2026: Image # 206, module MaskObjects # 12: CPU_time = 0.62 secs, Wall_time = 0.62 secs
Mon Aug 24 17:09:48 2026: Image # 206, module EnhanceOrSuppressFeatures # 13: CPU_time = 1.11 secs, Wall_time = 1.10 secs
Mon Aug 24 17:09:49 2026: Image # 206, module IdentifyPrimaryObjects # 14: CPU_time = 3.61 secs, Wall_time = 3.60 secs
Mon Aug 24 17:09:53 2026: Image # 206, module MaskObjects # 15: CPU_time = 0.54 secs, Wall_time = 0.54 secs
Mon Aug 24 17:09:53 2026: Image # 206, module RelateObjects # 16: CPU_time = 0.96 secs, Wall_time = 0.96 secs
Mon Aug 24 17:09:54 2026: Image # 206, module RelateObjects # 17: CPU_time = 0.93 secs, Wall_time = 0.93 secs
Mon Aug 24 17:09:55 2026: Image # 206, module MeasureObjectIntensity # 18: CPU_time = 15.79 secs, Wall_time = 15.78 secs
Mon Aug 24 17:10:11 2026: Image # 206, module RelateObjects # 19: CPU_time = 0.23 secs, Wall_time = 0.23 secs
Mon Aug 24 17:10:11 2026: Image # 206, module ExportToSpreadsheet # 20: CPU_time = 0.01 secs, Wall_time = 0.00 secs
Mon Aug 24 17:10:11 2026: Image # 207, module Images # 1: CPU_time = 0.00 secs, Wall_time = 0.00 secs
Mon Aug 24 17:10:11 2026: Image # 207, module Metadata # 2: CPU_time = 0.00 secs, Wall_time = 0.00 secs
Mon Aug 24 17:10:11 2026: Image # 207, module NamesAndTypes # 3: CPU_time = 4.41 secs, Wall_time = 5.44 secs
Mon Aug 24 17:10:17 2026: Image # 207, module Groups # 4: CPU_time = 0.00 secs, Wall_time = 0.00 secs
Mon Aug 24 17:10:17 2026: Image # 207, module FilterObjects # 5: CPU_time = 1.40 secs, Wall_time = 1.40 secs
Mon Aug 24 17:10:18 2026: Image # 207, module FilterObjects # 6: CPU_time = 1.33 secs, Wall_time = 1.33 secs
Mon Aug 24 17:10:19 2026: Image # 207, module MaskImage # 7: CPU_time = 0.26 secs, Wall_time = 0.13 secs
Mon Aug 24 17:10:19 2026: Image # 207, module MaskImage # 8: CPU_time = 0.23 secs, Wall_time = 0.11 secs
Mon Aug 24 17:10:20 2026: Image # 207, module MaskObjects # 9: CPU_time = 0.54 secs, Wall_time = 0.54 secs
Mon Aug 24 17:10:20 2026: Image # 207, module ExpandOrShrinkObjects # 10: CPU_time = 0.86 secs, Wall_time = 0.85 secs
Mon Aug 24 17:10:21 2026: Image # 207, module ExpandOrShrinkObjects # 11: CPU_time = 0.88 secs, Wall_time = 0.89 secs
Mon Aug 24 17:10:22 2026: Image # 207, module MaskObjects # 12: CPU_time = 0.60 secs, Wall_time = 0.60 secs
Mon Aug 24 17:10:22 2026: Image # 207, module EnhanceOrSuppressFeatures # 13: CPU_time = 1.10 secs, Wall_time = 1.10 secs
Mon Aug 24 17:10:24 2026: Image # 207, module IdentifyPrimaryObjects # 14: CPU_time = 3.60 secs, Wall_time = 3.60 secs
Mon Aug 24 17:10:27 2026: Image # 207, module MaskObjects # 15: CPU_time = 0.58 secs, Wall_time = 0.57 secs
Mon Aug 24 17:10:28 2026: Image # 207, module RelateObjects # 16: CPU_time = 1.15 secs, Wall_time = 1.15 secs
Mon Aug 24 17:10:29 2026: Image # 207, module RelateObjects # 17: CPU_time = 1.16 secs, Wall_time = 1.16 secs
Mon Aug 24 17:10:30 2026: Image # 207, module MeasureObjectIntensity # 18: CPU_time = 16.35 secs, Wall_time = 16.33 secs
Mon Aug 24 17:10:46 2026: Image # 207, module RelateObjects # 19: CPU_time = 0.25 secs, Wall_time = 0.25 secs
Mon Aug 24 17:10:47 2026: Image # 207, module ExportToSpreadsheet # 20: CPU_time = 0.00 secs, Wall_time = 0.00 secs
Mon Aug 24 17:10:47 2026: Image # 208, module Images # 1: CPU_time = 0.00 secs, Wall_time = 0.00 secs
Mon Aug 24 17:10:47 2026: Image # 208, module Metadata # 2: CPU_time = 0.00 secs, Wall_time = 0.00 secs
Mon Aug 24 17:10:47 2026: Image # 208, module NamesAndTypes # 3: CPU_time = 4.46 secs, Wall_time = 6.36 secs
Mon Aug 24 17:10:53 2026: Image # 208, module Groups # 4: CPU_time = 0.00 secs, Wall_time = 0.00 secs
Mon Aug 24 17:10:53 2026: Image # 208, module FilterObjects # 5: CPU_time = 1.52 secs, Wall_time = 1.52 secs
Mon Aug 24 17:10:55 2026: Image # 208, module FilterObjects # 6: CPU_time = 1.40 secs, Wall_time = 1.41 secs
Mon Aug 24 17:10:56 2026: Image # 208, module MaskImage # 7: CPU_time = 0.26 secs, Wall_time = 0.12 secs
Mon Aug 24 17:10:56 2026: Image # 208, module MaskImage # 8: CPU_time = 0.24 secs, Wall_time = 0.12 secs
Mon Aug 24 17:10:56 2026: Image # 208, module MaskObjects # 9: CPU_time = 0.54 secs, Wall_time = 0.54 secs
Mon Aug 24 17:10:57 2026: Image # 208, module ExpandOrShrinkObjects # 10: CPU_time = 1.06 secs, Wall_time = 1.06 secs
Mon Aug 24 17:10:58 2026: Image # 208, module ExpandOrShrinkObjects # 11: CPU_time = 1.07 secs, Wall_time = 1.07 secs
Mon Aug 24 17:10:59 2026: Image # 208, module MaskObjects # 12: CPU_time = 0.58 secs, Wall_time = 0.57 secs
Mon Aug 24 17:10:59 2026: Image # 208, module EnhanceOrSuppressFeatures # 13: CPU_time = 1.11 secs, Wall_time = 1.11 secs
Mon Aug 24 17:11:01 2026: Image # 208, module IdentifyPrimaryObjects # 14: CPU_time = 4.18 secs, Wall_time = 4.18 secs
Mon Aug 24 17:11:05 2026: Image # 208, module MaskObjects # 15: CPU_time = 0.55 secs, Wall_time = 0.54 secs
Mon Aug 24 17:11:05 2026: Image # 208, module RelateObjects # 16: CPU_time = 1.29 secs, Wall_time = 1.28 secs
Mon Aug 24 17:11:07 2026: Image # 208, module RelateObjects # 17: CPU_time = 1.24 secs, Wall_time = 1.24 secs
Mon Aug 24 17:11:08 2026: Image # 208, module MeasureObjectIntensity # 18: CPU_time = 17.78 secs, Wall_time = 17.77 secs
Mon Aug 24 17:11:26 2026: Image # 208, module RelateObjects # 19: CPU_time = 0.31 secs, Wall_time = 0.31 secs
Mon Aug 24 17:11:26 2026: Image # 208, module ExportToSpreadsheet # 20: CPU_time = 0.00 secs, Wall_time = 0.01 secs
Mon Aug 24 17:11:26 2026: Image # 209, module Images # 1: CPU_time = 0.00 secs, Wall_time = 0.00 secs
Mon Aug 24 17:11:26 2026: Image # 209, module Metadata # 2: CPU_time = 0.00 secs, Wall_time = 0.00 secs
Mon Aug 24 17:11:26 2026: Image # 209, module NamesAndTypes # 3: CPU_time = 4.31 secs, Wall_time = 7.16 secs
Mon Aug 24 17:11:33 2026: Image # 209, module Groups # 4: CPU_time = 0.00 secs, Wall_time = 0.00 secs
Mon Aug 24 17:11:33 2026: Image # 209, module FilterObjects # 5: CPU_time = 1.45 secs, Wall_time = 1.45 secs
Mon Aug 24 17:11:35 2026: Image # 209, module FilterObjects # 6: CPU_time = 1.34 secs, Wall_time = 1.34 secs
Mon Aug 24 17:11:36 2026: Image # 209, module MaskImage # 7: CPU_time = 0.24 secs, Wall_time = 0.11 secs
Mon Aug 24 17:11:36 2026: Image # 209, module MaskImage # 8: CPU_time = 0.23 secs, Wall_time = 0.11 secs
Mon Aug 24 17:11:36 2026: Image # 209, module MaskObjects # 9: CPU_time = 0.53 secs, Wall_time = 0.54 secs
Mon Aug 24 17:11:37 2026: Image # 209, module ExpandOrShrinkObjects # 10: CPU_time = 0.84 secs, Wall_time = 0.84 secs
Mon Aug 24 17:11:38 2026: Image # 209, module ExpandOrShrinkObjects # 11: CPU_time = 1.09 secs, Wall_time = 1.09 secs
Mon Aug 24 17:11:39 2026: Image # 209, module MaskObjects # 12: CPU_time = 0.58 secs, Wall_time = 0.58 secs
Mon Aug 24 17:11:39 2026: Image # 209, module EnhanceOrSuppressFeatures # 13: CPU_time = 1.08 secs, Wall_time = 1.09 secs
Mon Aug 24 17:11:40 2026: Image # 209, module IdentifyPrimaryObjects # 14: CPU_time = 3.82 secs, Wall_time = 3.83 secs
Mon Aug 24 17:11:44 2026: Image # 209, module MaskObjects # 15: CPU_time = 0.54 secs, Wall_time = 0.54 secs
Mon Aug 24 17:11:45 2026: Image # 209, module RelateObjects # 16: CPU_time = 1.14 secs, Wall_time = 1.14 secs
Mon Aug 24 17:11:46 2026: Image # 209, module RelateObjects # 17: CPU_time = 1.13 secs, Wall_time = 1.13 secs
Mon Aug 24 17:11:47 2026: Image # 209, module MeasureObjectIntensity # 18: CPU_time = 16.78 secs, Wall_time = 16.76 secs
Mon Aug 24 17:12:04 2026: Image # 209, module RelateObjects # 19: CPU_time = 0.25 secs, Wall_time = 0.26 secs
Mon Aug 24 17:12:04 2026: Image # 209, module ExportToSpreadsheet # 20: CPU_time = 0.00 secs, Wall_time = 0.00 secs
Mon Aug 24 17:12:04 2026: Image # 210, module Images # 1: CPU_time = 0.00 secs, Wall_time = 0.00 secs
Mon Aug 24 17:12:04 2026: Image # 210, module Metadata # 2: CPU_time = 0.00 secs, Wall_time = 0.00 secs
Mon Aug 24 17:12:04 2026: Image # 210, module NamesAndTypes # 3: CPU_time = 4.58 secs, Wall_time = 6.26 secs
Mon Aug 24 17:12:10 2026: Image # 210, module Groups # 4: CPU_time = 0.00 secs, Wall_time = 0.00 secs
Mon Aug 24 17:12:10 2026: Image # 210, module FilterObjects # 5: CPU_time = 1.73 secs, Wall_time = 1.73 secs
Mon Aug 24 17:12:12 2026: Image # 210, module FilterObjects # 6: CPU_time = 1.58 secs, Wall_time = 1.58 secs
Mon Aug 24 17:12:14 2026: Image # 210, module MaskImage # 7: CPU_time = 0.26 secs, Wall_time = 0.13 secs
Mon Aug 24 17:12:14 2026: Image # 210, module MaskImage # 8: CPU_time = 0.23 secs, Wall_time = 0.12 secs
Mon Aug 24 17:12:14 2026: Image # 210, module MaskObjects # 9: CPU_time = 0.55 secs, Wall_time = 0.55 secs
Mon Aug 24 17:12:14 2026: Image # 210, module ExpandOrShrinkObjects # 10: CPU_time = 1.06 secs, Wall_time = 1.05 secs
Mon Aug 24 17:12:15 2026: Image # 210, module ExpandOrShrinkObjects # 11: CPU_time = 1.09 secs, Wall_time = 1.09 secs
Mon Aug 24 17:12:17 2026: Image # 210, module MaskObjects # 12: CPU_time = 0.58 secs, Wall_time = 0.58 secs
Mon Aug 24 17:12:17 2026: Image # 210, module EnhanceOrSuppressFeatures # 13: CPU_time = 1.10 secs, Wall_time = 1.10 secs
Mon Aug 24 17:12:18 2026: Image # 210, module IdentifyPrimaryObjects # 14: CPU_time = 6.53 secs, Wall_time = 16.52 secs
Mon Aug 24 17:12:35 2026: Image # 210, module MaskObjects # 15: CPU_time = 0.55 secs, Wall_time = 0.55 secs
Mon Aug 24 17:12:35 2026: Image # 210, module RelateObjects # 16: CPU_time = 1.52 secs, Wall_time = 1.52 secs
Mon Aug 24 17:12:37 2026: Image # 210, module RelateObjects # 17: CPU_time = 1.22 secs, Wall_time = 1.22 secs
Mon Aug 24 17:12:38 2026: Image # 210, module MeasureObjectIntensity # 18: CPU_time = 19.84 secs, Wall_time = 19.82 secs
Mon Aug 24 17:12:58 2026: Image # 210, module RelateObjects # 19: CPU_time = 0.46 secs, Wall_time = 0.46 secs
Mon Aug 24 17:12:58 2026: Image # 210, module ExportToSpreadsheet # 20: CPU_time = 0.00 secs, Wall_time = 0.00 secs
Mon Aug 24 17:12:58 2026: Image # 211, module Images # 1: CPU_time = 0.00 secs, Wall_time = 0.00 secs
Mon Aug 24 17:12:58 2026: Image # 211, module Metadata # 2: CPU_time = 0.00 secs, Wall_time = 0.00 secs
Mon Aug 24 17:12:58 2026: Image # 211, module NamesAndTypes # 3: CPU_time = 4.57 secs, Wall_time = 6.75 secs
Mon Aug 24 17:13:05 2026: Image # 211, module Groups # 4: CPU_time = 0.00 secs, Wall_time = 0.00 secs
Mon Aug 24 17:13:05 2026: Image # 211, module FilterObjects # 5: CPU_time = 1.44 secs, Wall_time = 1.44 secs
Mon Aug 24 17:13:07 2026: Image # 211, module FilterObjects # 6: CPU_time = 1.38 secs, Wall_time = 1.38 secs
Mon Aug 24 17:13:08 2026: Image # 211, module MaskImage # 7: CPU_time = 0.25 secs, Wall_time = 0.12 secs
Mon Aug 24 17:13:08 2026: Image # 211, module MaskImage # 8: CPU_time = 0.24 secs, Wall_time = 0.11 secs
Mon Aug 24 17:13:08 2026: Image # 211, module MaskObjects # 9: CPU_time = 0.54 secs, Wall_time = 0.54 secs
Mon Aug 24 17:13:09 2026: Image # 211, module ExpandOrShrinkObjects # 10: CPU_time = 0.84 secs, Wall_time = 0.85 secs
Mon Aug 24 17:13:10 2026: Image # 211, module ExpandOrShrinkObjects # 11: CPU_time = 0.89 secs, Wall_time = 0.88 secs
Mon Aug 24 17:13:10 2026: Image # 211, module MaskObjects # 12: CPU_time = 0.60 secs, Wall_time = 0.60 secs
Mon Aug 24 17:13:11 2026: Image # 211, module EnhanceOrSuppressFeatures # 13: CPU_time = 1.09 secs, Wall_time = 1.09 secs
Mon Aug 24 17:13:12 2026: Image # 211, module IdentifyPrimaryObjects # 14: CPU_time = 4.38 secs, Wall_time = 4.38 secs
Mon Aug 24 17:13:17 2026: Image # 211, module MaskObjects # 15: CPU_time = 0.54 secs, Wall_time = 0.54 secs
Mon Aug 24 17:13:17 2026: Image # 211, module RelateObjects # 16: CPU_time = 1.18 secs, Wall_time = 1.17 secs
Mon Aug 24 17:13:18 2026: Image # 211, module RelateObjects # 17: CPU_time = 1.06 secs, Wall_time = 1.06 secs
Mon Aug 24 17:13:19 2026: Image # 211, module MeasureObjectIntensity # 18: CPU_time = 17.21 secs, Wall_time = 17.19 secs
Mon Aug 24 17:13:36 2026: Image # 211, module RelateObjects # 19: CPU_time = 0.30 secs, Wall_time = 0.30 secs
Mon Aug 24 17:13:37 2026: Image # 211, module ExportToSpreadsheet # 20: CPU_time = 0.00 secs, Wall_time = 0.00 secs
Mon Aug 24 17:13:37 2026: Image # 212, module Images # 1: CPU_time = 0.00 secs, Wall_time = 0.00 secs
Mon Aug 24 17:13:37 2026: Image # 212, module Metadata # 2: CPU_time = 0.00 secs, Wall_time = 0.00 secs
Mon Aug 24 17:13:37 2026: Image # 212, module NamesAndTypes # 3: CPU_time = 4.25 secs, Wall_time = 6.38 secs
Mon Aug 24 17:13:43 2026: Image # 212, module Groups # 4: CPU_time = 0.00 secs, Wall_time = 0.00 secs
Mon Aug 24 17:13:43 2026: Image # 212, module FilterObjects # 5: CPU_time = 1.35 secs, Wall_time = 1.34 secs
Mon Aug 24 17:13:45 2026: Image # 212, module FilterObjects # 6: CPU_time = 1.29 secs, Wall_time = 1.30 secs
Mon Aug 24 17:13:46 2026: Image # 212, module MaskImage # 7: CPU_time = 0.24 secs, Wall_time = 0.11 secs
Mon Aug 24 17:13:46 2026: Image # 212, module MaskImage # 8: CPU_time = 0.11 secs, Wall_time = 0.11 secs
Mon Aug 24 17:13:46 2026: Image # 212, module MaskObjects # 9: CPU_time = 0.53 secs, Wall_time = 0.54 secs
Mon Aug 24 17:13:47 2026: Image # 212, module ExpandOrShrinkObjects # 10: CPU_time = 0.83 secs, Wall_time = 0.83 secs
Mon Aug 24 17:13:47 2026: Image # 212, module ExpandOrShrinkObjects # 11: CPU_time = 0.87 secs, Wall_time = 0.88 secs
Mon Aug 24 17:13:48 2026: Image # 212, module MaskObjects # 12: CPU_time = 0.61 secs, Wall_time = 0.61 secs
Mon Aug 24 17:13:49 2026: Image # 212, module EnhanceOrSuppressFeatures # 13: CPU_time = 1.11 secs, Wall_time = 1.10 secs
Mon Aug 24 17:13:50 2026: Image # 212, module IdentifyPrimaryObjects # 14: CPU_time = 3.57 secs, Wall_time = 3.56 secs
Mon Aug 24 17:13:54 2026: Image # 212, module MaskObjects # 15: CPU_time = 0.57 secs, Wall_time = 0.57 secs
Mon Aug 24 17:13:54 2026: Image # 212, module RelateObjects # 16: CPU_time = 1.04 secs, Wall_time = 1.05 secs
Mon Aug 24 17:13:55 2026: Image # 212, module RelateObjects # 17: CPU_time = 1.01 secs, Wall_time = 1.02 secs
Mon Aug 24 17:13:56 2026: Image # 212, module MeasureObjectIntensity # 18: CPU_time = 15.93 secs, Wall_time = 15.91 secs
Mon Aug 24 17:14:12 2026: Image # 212, module RelateObjects # 19: CPU_time = 0.23 secs, Wall_time = 0.24 secs
Mon Aug 24 17:14:12 2026: Image # 212, module ExportToSpreadsheet # 20: CPU_time = 0.00 secs, Wall_time = 0.01 secs
Mon Aug 24 17:14:12 2026: Image # 213, module Images # 1: CPU_time = 0.00 secs, Wall_time = 0.00 secs
Mon Aug 24 17:14:12 2026: Image # 213, module Metadata # 2: CPU_time = 0.00 secs, Wall_time = 0.00 secs
Mon Aug 24 17:14:12 2026: Image # 213, module NamesAndTypes # 3: CPU_time = 4.41 secs, Wall_time = 6.62 secs
Mon Aug 24 17:14:19 2026: Image # 213, module Groups # 4: CPU_time = 0.00 secs, Wall_time = 0.00 secs
Mon Aug 24 17:14:19 2026: Image # 213, module FilterObjects # 5: CPU_time = 1.40 secs, Wall_time = 1.40 secs
Mon Aug 24 17:14:20 2026: Image # 213, module FilterObjects # 6: CPU_time = 1.32 secs, Wall_time = 1.32 secs
Mon Aug 24 17:14:22 2026: Image # 213, module MaskImage # 7: CPU_time = 0.21 secs, Wall_time = 0.11 secs
Mon Aug 24 17:14:22 2026: Image # 213, module MaskImage # 8: CPU_time = 0.29 secs, Wall_time = 0.14 secs
Mon Aug 24 17:14:22 2026: Image # 213, module MaskObjects # 9: CPU_time = 0.54 secs, Wall_time = 0.54 secs
Mon Aug 24 17:14:23 2026: Image # 213, module ExpandOrShrinkObjects # 10: CPU_time = 0.83 secs, Wall_time = 0.84 secs
Mon Aug 24 17:14:23 2026: Image # 213, module ExpandOrShrinkObjects # 11: CPU_time = 0.87 secs, Wall_time = 0.87 secs
Mon Aug 24 17:14:24 2026: Image # 213, module MaskObjects # 12: CPU_time = 0.61 secs, Wall_time = 0.61 secs
Mon Aug 24 17:14:25 2026: Image # 213, module EnhanceOrSuppressFeatures # 13: CPU_time = 1.10 secs, Wall_time = 1.10 secs
Mon Aug 24 17:14:26 2026: Image # 213, module IdentifyPrimaryObjects # 14: CPU_time = 3.90 secs, Wall_time = 3.89 secs
Mon Aug 24 17:14:30 2026: Image # 213, module MaskObjects # 15: CPU_time = 0.55 secs, Wall_time = 0.55 secs
Mon Aug 24 17:14:30 2026: Image # 213, module RelateObjects # 16: CPU_time = 1.11 secs, Wall_time = 1.11 secs
Mon Aug 24 17:14:32 2026: Image # 213, module RelateObjects # 17: CPU_time = 1.05 secs, Wall_time = 1.05 secs
Mon Aug 24 17:14:33 2026: Image # 213, module MeasureObjectIntensity # 18: CPU_time = 17.18 secs, Wall_time = 17.16 secs
Mon Aug 24 17:14:50 2026: Image # 213, module RelateObjects # 19: CPU_time = 0.26 secs, Wall_time = 0.25 secs
Mon Aug 24 17:14:50 2026: Image # 213, module ExportToSpreadsheet # 20: CPU_time = 0.00 secs, Wall_time = 0.00 secs
Mon Aug 24 17:14:50 2026: Image # 214, module Images # 1: CPU_time = 0.00 secs, Wall_time = 0.00 secs
Mon Aug 24 17:14:50 2026: Image # 214, module Metadata # 2: CPU_time = 0.00 secs, Wall_time = 0.00 secs
Mon Aug 24 17:14:50 2026: Image # 214, module NamesAndTypes # 3: CPU_time = 4.42 secs, Wall_time = 5.31 secs
Mon Aug 24 17:14:55 2026: Image # 214, module Groups # 4: CPU_time = 0.00 secs, Wall_time = 0.00 secs
Mon Aug 24 17:14:55 2026: Image # 214, module FilterObjects # 5: CPU_time = 1.42 secs, Wall_time = 1.43 secs
Mon Aug 24 17:14:57 2026: Image # 214, module FilterObjects # 6: CPU_time = 1.35 secs, Wall_time = 1.35 secs
Mon Aug 24 17:14:58 2026: Image # 214, module MaskImage # 7: CPU_time = 0.27 secs, Wall_time = 0.12 secs
Mon Aug 24 17:14:58 2026: Image # 214, module MaskImage # 8: CPU_time = 0.26 secs, Wall_time = 0.12 secs
Mon Aug 24 17:14:58 2026: Image # 214, module MaskObjects # 9: CPU_time = 0.56 secs, Wall_time = 0.55 secs
Mon Aug 24 17:14:59 2026: Image # 214, module ExpandOrShrinkObjects # 10: CPU_time = 0.85 secs, Wall_time = 0.86 secs
Mon Aug 24 17:15:00 2026: Image # 214, module ExpandOrShrinkObjects # 11: CPU_time = 0.88 secs, Wall_time = 0.89 secs
Mon Aug 24 17:15:01 2026: Image # 214, module MaskObjects # 12: CPU_time = 0.60 secs, Wall_time = 0.60 secs
Mon Aug 24 17:15:01 2026: Image # 214, module EnhanceOrSuppressFeatures # 13: CPU_time = 1.11 secs, Wall_time = 1.10 secs
Mon Aug 24 17:15:02 2026: Image # 214, module IdentifyPrimaryObjects # 14: CPU_time = 4.53 secs, Wall_time = 4.53 secs
Mon Aug 24 17:15:07 2026: Image # 214, module MaskObjects # 15: CPU_time = 0.55 secs, Wall_time = 0.55 secs
Mon Aug 24 17:15:08 2026: Image # 214, module RelateObjects # 16: CPU_time = 1.15 secs, Wall_time = 1.14 secs
Mon Aug 24 17:15:09 2026: Image # 214, module RelateObjects # 17: CPU_time = 1.07 secs, Wall_time = 1.07 secs
Mon Aug 24 17:15:10 2026: Image # 214, module MeasureObjectIntensity # 18: CPU_time = 17.25 secs, Wall_time = 17.23 secs
Mon Aug 24 17:15:27 2026: Image # 214, module RelateObjects # 19: CPU_time = 0.28 secs, Wall_time = 0.29 secs
Mon Aug 24 17:15:27 2026: Image # 214, module ExportToSpreadsheet # 20: CPU_time = 0.00 secs, Wall_time = 0.00 secs
Mon Aug 24 17:15:27 2026: Image # 215, module Images # 1: CPU_time = 0.00 secs, Wall_time = 0.00 secs
Mon Aug 24 17:15:27 2026: Image # 215, module Metadata # 2: CPU_time = 0.00 secs, Wall_time = 0.00 secs
Mon Aug 24 17:15:27 2026: Image # 215, module NamesAndTypes # 3: CPU_time = 4.41 secs, Wall_time = 6.23 secs
Mon Aug 24 17:15:33 2026: Image # 215, module Groups # 4: CPU_time = 0.00 secs, Wall_time = 0.00 secs
Mon Aug 24 17:15:33 2026: Image # 215, module FilterObjects # 5: CPU_time = 1.43 secs, Wall_time = 1.43 secs
Mon Aug 24 17:15:35 2026: Image # 215, module FilterObjects # 6: CPU_time = 1.31 secs, Wall_time = 1.31 secs
Mon Aug 24 17:15:36 2026: Image # 215, module MaskImage # 7: CPU_time = 0.25 secs, Wall_time = 0.12 secs
Mon Aug 24 17:15:36 2026: Image # 215, module MaskImage # 8: CPU_time = 0.26 secs, Wall_time = 0.13 secs
Mon Aug 24 17:15:37 2026: Image # 215, module MaskObjects # 9: CPU_time = 0.53 secs, Wall_time = 0.54 secs
Mon Aug 24 17:15:37 2026: Image # 215, module ExpandOrShrinkObjects # 10: CPU_time = 0.90 secs, Wall_time = 0.89 secs
Mon Aug 24 17:15:38 2026: Image # 215, module ExpandOrShrinkObjects # 11: CPU_time = 0.92 secs, Wall_time = 0.92 secs
Mon Aug 24 17:15:39 2026: Image # 215, module MaskObjects # 12: CPU_time = 0.58 secs, Wall_time = 0.59 secs
Mon Aug 24 17:15:39 2026: Image # 215, module EnhanceOrSuppressFeatures # 13: CPU_time = 1.09 secs, Wall_time = 1.09 secs
Mon Aug 24 17:15:41 2026: Image # 215, module IdentifyPrimaryObjects # 14: CPU_time = 4.29 secs, Wall_time = 4.28 secs
Mon Aug 24 17:15:45 2026: Image # 215, module MaskObjects # 15: CPU_time = 0.54 secs, Wall_time = 0.54 secs
Mon Aug 24 17:15:45 2026: Image # 215, module RelateObjects # 16: CPU_time = 1.11 secs, Wall_time = 1.11 secs
Mon Aug 24 17:15:46 2026: Image # 215, module RelateObjects # 17: CPU_time = 1.04 secs, Wall_time = 1.04 secs
Mon Aug 24 17:15:48 2026: Image # 215, module MeasureObjectIntensity # 18: CPU_time = 16.08 secs, Wall_time = 16.06 secs
Mon Aug 24 17:16:04 2026: Image # 215, module RelateObjects # 19: CPU_time = 0.26 secs, Wall_time = 0.27 secs
Mon Aug 24 17:16:04 2026: Image # 215, module ExportToSpreadsheet # 20: CPU_time = 0.00 secs, Wall_time = 0.00 secs
Mon Aug 24 17:16:04 2026: Image # 216, module Images # 1: CPU_time = 0.00 secs, Wall_time = 0.00 secs
Mon Aug 24 17:16:04 2026: Image # 216, module Metadata # 2: CPU_time = 0.00 secs, Wall_time = 0.00 secs
Mon Aug 24 17:16:04 2026: Image # 216, module NamesAndTypes # 3: CPU_time = 4.23 secs, Wall_time = 5.58 secs
Mon Aug 24 17:16:09 2026: Image # 216, module Groups # 4: CPU_time = 0.00 secs, Wall_time = 0.00 secs
Mon Aug 24 17:16:09 2026: Image # 216, module FilterObjects # 5: CPU_time = 1.34 secs, Wall_time = 1.33 secs
Mon Aug 24 17:16:11 2026: Image # 216, module FilterObjects # 6: CPU_time = 1.28 secs, Wall_time = 1.28 secs
Mon Aug 24 17:16:12 2026: Image # 216, module MaskImage # 7: CPU_time = 0.31 secs, Wall_time = 0.14 secs
Mon Aug 24 17:16:12 2026: Image # 216, module MaskImage # 8: CPU_time = 0.24 secs, Wall_time = 0.11 secs
Mon Aug 24 17:16:12 2026: Image # 216, module MaskObjects # 9: CPU_time = 0.53 secs, Wall_time = 0.54 secs
Mon Aug 24 17:16:13 2026: Image # 216, module ExpandOrShrinkObjects # 10: CPU_time = 0.79 secs, Wall_time = 0.79 secs
Mon Aug 24 17:16:14 2026: Image # 216, module ExpandOrShrinkObjects # 11: CPU_time = 0.84 secs, Wall_time = 0.84 secs
Mon Aug 24 17:16:15 2026: Image # 216, module MaskObjects # 12: CPU_time = 0.60 secs, Wall_time = 0.60 secs
Mon Aug 24 17:16:15 2026: Image # 216, module EnhanceOrSuppressFeatures # 13: CPU_time = 1.11 secs, Wall_time = 1.10 secs
Mon Aug 24 17:16:16 2026: Image # 216, module IdentifyPrimaryObjects # 14: CPU_time = 3.92 secs, Wall_time = 3.92 secs
Mon Aug 24 17:16:20 2026: Image # 216, module MaskObjects # 15: CPU_time = 0.56 secs, Wall_time = 0.54 secs
Mon Aug 24 17:16:21 2026: Image # 216, module RelateObjects # 16: CPU_time = 0.97 secs, Wall_time = 0.98 secs
Mon Aug 24 17:16:22 2026: Image # 216, module RelateObjects # 17: CPU_time = 0.94 secs, Wall_time = 0.94 secs
Mon Aug 24 17:16:23 2026: Image # 216, module MeasureObjectIntensity # 18: CPU_time = 17.09 secs, Wall_time = 17.07 secs
Mon Aug 24 17:16:40 2026: Image # 216, module RelateObjects # 19: CPU_time = 0.23 secs, Wall_time = 0.23 secs
Mon Aug 24 17:16:40 2026: Image # 216, module ExportToSpreadsheet # 20: CPU_time = 0.00 secs, Wall_time = 0.00 secs
Mon Aug 24 17:16:40 2026: Image # 217, module Images # 1: CPU_time = 0.00 secs, Wall_time = 0.00 secs
Mon Aug 24 17:16:40 2026: Image # 217, module Metadata # 2: CPU_time = 0.00 secs, Wall_time = 0.00 secs
Mon Aug 24 17:16:40 2026: Image # 217, module NamesAndTypes # 3: CPU_time = 4.49 secs, Wall_time = 6.12 secs
Mon Aug 24 17:16:46 2026: Image # 217, module Groups # 4: CPU_time = 0.00 secs, Wall_time = 0.00 secs
Mon Aug 24 17:16:46 2026: Image # 217, module FilterObjects # 5: CPU_time = 1.42 secs, Wall_time = 1.42 secs
Mon Aug 24 17:16:47 2026: Image # 217, module FilterObjects # 6: CPU_time = 1.35 secs, Wall_time = 1.34 secs
Mon Aug 24 17:16:49 2026: Image # 217, module MaskImage # 7: CPU_time = 0.33 secs, Wall_time = 0.16 secs
Mon Aug 24 17:16:49 2026: Image # 217, module MaskImage # 8: CPU_time = 0.26 secs, Wall_time = 0.13 secs
Mon Aug 24 17:16:49 2026: Image # 217, module MaskObjects # 9: CPU_time = 0.56 secs, Wall_time = 0.55 secs
Mon Aug 24 17:16:50 2026: Image # 217, module ExpandOrShrinkObjects # 10: CPU_time = 0.86 secs, Wall_time = 0.86 secs
Mon Aug 24 17:16:51 2026: Image # 217, module ExpandOrShrinkObjects # 11: CPU_time = 0.93 secs, Wall_time = 0.92 secs
Mon Aug 24 17:16:51 2026: Image # 217, module MaskObjects # 12: CPU_time = 0.62 secs, Wall_time = 0.62 secs
Mon Aug 24 17:16:52 2026: Image # 217, module EnhanceOrSuppressFeatures # 13: CPU_time = 1.11 secs, Wall_time = 1.11 secs
Mon Aug 24 17:16:53 2026: Image # 217, module IdentifyPrimaryObjects # 14: CPU_time = 3.67 secs, Wall_time = 3.67 secs
Mon Aug 24 17:16:57 2026: Image # 217, module MaskObjects # 15: CPU_time = 0.54 secs, Wall_time = 0.54 secs
Mon Aug 24 17:16:57 2026: Image # 217, module RelateObjects # 16: CPU_time = 1.18 secs, Wall_time = 1.17 secs
Mon Aug 24 17:16:59 2026: Image # 217, module RelateObjects # 17: CPU_time = 1.18 secs, Wall_time = 1.18 secs
Mon Aug 24 17:17:00 2026: Image # 217, module MeasureObjectIntensity # 18: CPU_time = 17.46 secs, Wall_time = 17.45 secs
Mon Aug 24 17:17:17 2026: Image # 217, module RelateObjects # 19: CPU_time = 0.24 secs, Wall_time = 0.24 secs
Mon Aug 24 17:17:17 2026: Image # 217, module ExportToSpreadsheet # 20: CPU_time = 0.00 secs, Wall_time = 0.00 secs
Mon Aug 24 17:17:17 2026: Image # 218, module Images # 1: CPU_time = 0.00 secs, Wall_time = 0.00 secs
Mon Aug 24 17:17:17 2026: Image # 218, module Metadata # 2: CPU_time = 0.00 secs, Wall_time = 0.00 secs
Mon Aug 24 17:17:18 2026: Image # 218, module NamesAndTypes # 3: CPU_time = 4.43 secs, Wall_time = 7.45 secs
Mon Aug 24 17:17:25 2026: Image # 218, module Groups # 4: CPU_time = 0.00 secs, Wall_time = 0.00 secs
Mon Aug 24 17:17:25 2026: Image # 218, module FilterObjects # 5: CPU_time = 1.43 secs, Wall_time = 1.42 secs
Mon Aug 24 17:17:26 2026: Image # 218, module FilterObjects # 6: CPU_time = 1.32 secs, Wall_time = 1.32 secs
Mon Aug 24 17:17:28 2026: Image # 218, module MaskImage # 7: CPU_time = 0.25 secs, Wall_time = 0.12 secs
Mon Aug 24 17:17:28 2026: Image # 218, module MaskImage # 8: CPU_time = 0.28 secs, Wall_time = 0.14 secs
Mon Aug 24 17:17:28 2026: Image # 218, module MaskObjects # 9: CPU_time = 0.55 secs, Wall_time = 0.55 secs
Mon Aug 24 17:17:29 2026: Image # 218, module ExpandOrShrinkObjects # 10: CPU_time = 0.82 secs, Wall_time = 0.82 secs
Mon Aug 24 17:17:29 2026: Image # 218, module ExpandOrShrinkObjects # 11: CPU_time = 0.89 secs, Wall_time = 0.90 secs
Mon Aug 24 17:17:30 2026: Image # 218, module MaskObjects # 12: CPU_time = 0.61 secs, Wall_time = 0.61 secs
Mon Aug 24 17:17:31 2026: Image # 218, module EnhanceOrSuppressFeatures # 13: CPU_time = 1.11 secs, Wall_time = 1.12 secs
Mon Aug 24 17:17:32 2026: Image # 218, module IdentifyPrimaryObjects # 14: CPU_time = 3.62 secs, Wall_time = 3.62 secs
Mon Aug 24 17:17:36 2026: Image # 218, module MaskObjects # 15: CPU_time = 0.56 secs, Wall_time = 0.55 secs
Mon Aug 24 17:17:36 2026: Image # 218, module RelateObjects # 16: CPU_time = 1.05 secs, Wall_time = 1.05 secs
Mon Aug 24 17:17:37 2026: Image # 218, module RelateObjects # 17: CPU_time = 1.07 secs, Wall_time = 1.07 secs
Mon Aug 24 17:17:38 2026: Image # 218, module MeasureObjectIntensity # 18: CPU_time = 17.27 secs, Wall_time = 17.25 secs
Mon Aug 24 17:17:56 2026: Image # 218, module RelateObjects # 19: CPU_time = 0.23 secs, Wall_time = 0.23 secs
Mon Aug 24 17:17:56 2026: Image # 218, module ExportToSpreadsheet # 20: CPU_time = 0.00 secs, Wall_time = 0.00 secs
Mon Aug 24 17:17:56 2026: Image # 219, module Images # 1: CPU_time = 0.00 secs, Wall_time = 0.00 secs
Mon Aug 24 17:17:56 2026: Image # 219, module Metadata # 2: CPU_time = 0.00 secs, Wall_time = 0.00 secs
Mon Aug 24 17:17:56 2026: Image # 219, module NamesAndTypes # 3: CPU_time = 4.26 secs, Wall_time = 5.44 secs
Mon Aug 24 17:18:01 2026: Image # 219, module Groups # 4: CPU_time = 0.00 secs, Wall_time = 0.00 secs
Mon Aug 24 17:18:01 2026: Image # 219, module FilterObjects # 5: CPU_time = 1.42 secs, Wall_time = 1.42 secs
Mon Aug 24 17:18:03 2026: Image # 219, module FilterObjects # 6: CPU_time = 1.33 secs, Wall_time = 1.32 secs
Mon Aug 24 17:18:04 2026: Image # 219, module MaskImage # 7: CPU_time = 0.26 secs, Wall_time = 0.13 secs
Mon Aug 24 17:18:04 2026: Image # 219, module MaskImage # 8: CPU_time = 0.27 secs, Wall_time = 0.13 secs
Mon Aug 24 17:18:04 2026: Image # 219, module MaskObjects # 9: CPU_time = 0.54 secs, Wall_time = 0.54 secs
Mon Aug 24 17:18:05 2026: Image # 219, module ExpandOrShrinkObjects # 10: CPU_time = 0.83 secs, Wall_time = 0.84 secs
Mon Aug 24 17:18:06 2026: Image # 219, module ExpandOrShrinkObjects # 11: CPU_time = 0.89 secs, Wall_time = 0.89 secs
Mon Aug 24 17:18:07 2026: Image # 219, module MaskObjects # 12: CPU_time = 0.62 secs, Wall_time = 0.61 secs
Mon Aug 24 17:18:07 2026: Image # 219, module EnhanceOrSuppressFeatures # 13: CPU_time = 1.10 secs, Wall_time = 1.10 secs
Mon Aug 24 17:18:08 2026: Image # 219, module IdentifyPrimaryObjects # 14: CPU_time = 3.61 secs, Wall_time = 3.61 secs
Mon Aug 24 17:18:12 2026: Image # 219, module MaskObjects # 15: CPU_time = 0.55 secs, Wall_time = 0.56 secs
Mon Aug 24 17:18:12 2026: Image # 219, module RelateObjects # 16: CPU_time = 1.10 secs, Wall_time = 1.11 secs
Mon Aug 24 17:18:14 2026: Image # 219, module RelateObjects # 17: CPU_time = 1.12 secs, Wall_time = 1.12 secs
Mon Aug 24 17:18:15 2026: Image # 219, module MeasureObjectIntensity # 18: CPU_time = 16.39 secs, Wall_time = 16.37 secs
Mon Aug 24 17:18:31 2026: Image # 219, module RelateObjects # 19: CPU_time = 0.24 secs, Wall_time = 0.25 secs
Mon Aug 24 17:18:31 2026: Image # 219, module ExportToSpreadsheet # 20: CPU_time = 0.00 secs, Wall_time = 0.00 secs
Mon Aug 24 17:18:31 2026: Image # 220, module Images # 1: CPU_time = 0.00 secs, Wall_time = 0.00 secs
Mon Aug 24 17:18:31 2026: Image # 220, module Metadata # 2: CPU_time = 0.00 secs, Wall_time = 0.00 secs
Mon Aug 24 17:18:31 2026: Image # 220, module NamesAndTypes # 3: CPU_time = 4.59 secs, Wall_time = 7.70 secs
Mon Aug 24 17:18:39 2026: Image # 220, module Groups # 4: CPU_time = 0.00 secs, Wall_time = 0.00 secs
Mon Aug 24 17:18:39 2026: Image # 220, module FilterObjects # 5: CPU_time = 1.53 secs, Wall_time = 1.53 secs
Mon Aug 24 17:18:41 2026: Image # 220, module FilterObjects # 6: CPU_time = 1.40 secs, Wall_time = 1.41 secs
Mon Aug 24 17:18:42 2026: Image # 220, module MaskImage # 7: CPU_time = 0.24 secs, Wall_time = 0.13 secs
Mon Aug 24 17:18:42 2026: Image # 220, module MaskImage # 8: CPU_time = 0.23 secs, Wall_time = 0.11 secs
Mon Aug 24 17:18:42 2026: Image # 220, module MaskObjects # 9: CPU_time = 0.55 secs, Wall_time = 0.55 secs
Mon Aug 24 17:18:43 2026: Image # 220, module ExpandOrShrinkObjects # 10: CPU_time = 0.88 secs, Wall_time = 0.88 secs
Mon Aug 24 17:18:44 2026: Image # 220, module ExpandOrShrinkObjects # 11: CPU_time = 0.93 secs, Wall_time = 0.93 secs
Mon Aug 24 17:18:45 2026: Image # 220, module MaskObjects # 12: CPU_time = 0.61 secs, Wall_time = 0.61 secs
Mon Aug 24 17:18:45 2026: Image # 220, module EnhanceOrSuppressFeatures # 13: CPU_time = 1.12 secs, Wall_time = 1.12 secs
Mon Aug 24 17:18:46 2026: Image # 220, module IdentifyPrimaryObjects # 14: CPU_time = 3.86 secs, Wall_time = 3.86 secs
Mon Aug 24 17:18:50 2026: Image # 220, module MaskObjects # 15: CPU_time = 0.55 secs, Wall_time = 0.56 secs
Mon Aug 24 17:18:51 2026: Image # 220, module RelateObjects # 16: CPU_time = 1.18 secs, Wall_time = 1.19 secs
Mon Aug 24 17:18:52 2026: Image # 220, module RelateObjects # 17: CPU_time = 1.17 secs, Wall_time = 1.17 secs
Mon Aug 24 17:18:53 2026: Image # 220, module MeasureObjectIntensity # 18: CPU_time = 17.98 secs, Wall_time = 17.96 secs
Mon Aug 24 17:19:11 2026: Image # 220, module RelateObjects # 19: CPU_time = 0.27 secs, Wall_time = 0.27 secs
Mon Aug 24 17:19:11 2026: Image # 220, module ExportToSpreadsheet # 20: CPU_time = 0.01 secs, Wall_time = 0.12 secs
Mon Aug 24 17:19:11 2026: Image # 221, module Images # 1: CPU_time = 0.00 secs, Wall_time = 0.00 secs
Mon Aug 24 17:19:11 2026: Image # 221, module Metadata # 2: CPU_time = 0.00 secs, Wall_time = 0.00 secs
Mon Aug 24 17:19:11 2026: Image # 221, module NamesAndTypes # 3: CPU_time = 4.55 secs, Wall_time = 7.37 secs
Mon Aug 24 17:19:19 2026: Image # 221, module Groups # 4: CPU_time = 0.00 secs, Wall_time = 0.00 secs
Mon Aug 24 17:19:19 2026: Image # 221, module FilterObjects # 5: CPU_time = 1.59 secs, Wall_time = 1.59 secs
Mon Aug 24 17:19:20 2026: Image # 221, module FilterObjects # 6: CPU_time = 1.48 secs, Wall_time = 1.48 secs
Mon Aug 24 17:19:22 2026: Image # 221, module MaskImage # 7: CPU_time = 0.27 secs, Wall_time = 0.13 secs
Mon Aug 24 17:19:22 2026: Image # 221, module MaskImage # 8: CPU_time = 0.23 secs, Wall_time = 0.12 secs
Mon Aug 24 17:19:22 2026: Image # 221, module MaskObjects # 9: CPU_time = 0.54 secs, Wall_time = 0.55 secs
Mon Aug 24 17:19:23 2026: Image # 221, module ExpandOrShrinkObjects # 10: CPU_time = 0.84 secs, Wall_time = 0.85 secs
Mon Aug 24 17:19:24 2026: Image # 221, module ExpandOrShrinkObjects # 11: CPU_time = 0.89 secs, Wall_time = 0.89 secs
Mon Aug 24 17:19:24 2026: Image # 221, module MaskObjects # 12: CPU_time = 0.58 secs, Wall_time = 0.58 secs
Mon Aug 24 17:19:25 2026: Image # 221, module EnhanceOrSuppressFeatures # 13: CPU_time = 1.12 secs, Wall_time = 1.11 secs
Mon Aug 24 17:19:26 2026: Image # 221, module IdentifyPrimaryObjects # 14: CPU_time = 3.75 secs, Wall_time = 3.74 secs
Mon Aug 24 17:19:30 2026: Image # 221, module MaskObjects # 15: CPU_time = 0.55 secs, Wall_time = 0.55 secs
Mon Aug 24 17:19:30 2026: Image # 221, module RelateObjects # 16: CPU_time = 1.37 secs, Wall_time = 1.37 secs
Mon Aug 24 17:19:32 2026: Image # 221, module RelateObjects # 17: CPU_time = 1.39 secs, Wall_time = 1.38 secs
Mon Aug 24 17:19:33 2026: Image # 221, module MeasureObjectIntensity # 18: CPU_time = 18.82 secs, Wall_time = 18.88 secs
Mon Aug 24 17:19:52 2026: Image # 221, module RelateObjects # 19: CPU_time = 0.34 secs, Wall_time = 0.33 secs
Mon Aug 24 17:19:52 2026: Image # 221, module ExportToSpreadsheet # 20: CPU_time = 0.00 secs, Wall_time = 0.00 secs
Mon Aug 24 17:19:52 2026: Image # 222, module Images # 1: CPU_time = 0.00 secs, Wall_time = 0.00 secs
Mon Aug 24 17:19:52 2026: Image # 222, module Metadata # 2: CPU_time = 0.00 secs, Wall_time = 0.00 secs
Mon Aug 24 17:19:52 2026: Image # 222, module NamesAndTypes # 3: CPU_time = 4.15 secs, Wall_time = 7.60 secs
Mon Aug 24 17:20:00 2026: Image # 222, module Groups # 4: CPU_time = 0.00 secs, Wall_time = 0.00 secs
Mon Aug 24 17:20:00 2026: Image # 222, module FilterObjects # 5: CPU_time = 1.58 secs, Wall_time = 1.57 secs
Mon Aug 24 17:20:02 2026: Image # 222, module FilterObjects # 6: CPU_time = 1.43 secs, Wall_time = 1.43 secs
Mon Aug 24 17:20:03 2026: Image # 222, module MaskImage # 7: CPU_time = 0.13 secs, Wall_time = 0.13 secs
Mon Aug 24 17:20:03 2026: Image # 222, module MaskImage # 8: CPU_time = 0.34 secs, Wall_time = 0.16 secs
Mon Aug 24 17:20:03 2026: Image # 222, module MaskObjects # 9: CPU_time = 0.59 secs, Wall_time = 0.56 secs
Mon Aug 24 17:20:04 2026: Image # 222, module ExpandOrShrinkObjects # 10: CPU_time = 0.88 secs, Wall_time = 0.88 secs
Mon Aug 24 17:20:05 2026: Image # 222, module ExpandOrShrinkObjects # 11: CPU_time = 0.89 secs, Wall_time = 0.89 secs
Mon Aug 24 17:20:06 2026: Image # 222, module MaskObjects # 12: CPU_time = 0.59 secs, Wall_time = 0.58 secs
Mon Aug 24 17:20:06 2026: Image # 222, module EnhanceOrSuppressFeatures # 13: CPU_time = 1.11 secs, Wall_time = 1.10 secs
Mon Aug 24 17:20:07 2026: Image # 222, module IdentifyPrimaryObjects # 14: CPU_time = 3.73 secs, Wall_time = 3.74 secs
Mon Aug 24 17:20:11 2026: Image # 222, module MaskObjects # 15: CPU_time = 0.55 secs, Wall_time = 0.56 secs
Mon Aug 24 17:20:12 2026: Image # 222, module RelateObjects # 16: CPU_time = 1.21 secs, Wall_time = 1.21 secs
Mon Aug 24 17:20:13 2026: Image # 222, module RelateObjects # 17: CPU_time = 1.23 secs, Wall_time = 1.22 secs
Mon Aug 24 17:20:14 2026: Image # 222, module MeasureObjectIntensity # 18: CPU_time = 18.17 secs, Wall_time = 18.17 secs
Mon Aug 24 17:20:32 2026: Image # 222, module RelateObjects # 19: CPU_time = 0.27 secs, Wall_time = 0.27 secs
Mon Aug 24 17:20:33 2026: Image # 222, module ExportToSpreadsheet # 20: CPU_time = 0.00 secs, Wall_time = 0.00 secs
Mon Aug 24 17:20:33 2026: Image # 223, module Images # 1: CPU_time = 0.00 secs, Wall_time = 0.00 secs
Mon Aug 24 17:20:33 2026: Image # 223, module Metadata # 2: CPU_time = 0.00 secs, Wall_time = 0.00 secs
Mon Aug 24 17:20:33 2026: Image # 223, module NamesAndTypes # 3: CPU_time = 4.59 secs, Wall_time = 9.76 secs
Mon Aug 24 17:20:42 2026: Image # 223, module Groups # 4: CPU_time = 0.00 secs, Wall_time = 0.00 secs
Mon Aug 24 17:20:42 2026: Image # 223, module FilterObjects # 5: CPU_time = 1.55 secs, Wall_time = 1.55 secs
Mon Aug 24 17:20:44 2026: Image # 223, module FilterObjects # 6: CPU_time = 1.44 secs, Wall_time = 1.43 secs
Mon Aug 24 17:20:45 2026: Image # 223, module MaskImage # 7: CPU_time = 0.26 secs, Wall_time = 0.13 secs
Mon Aug 24 17:20:46 2026: Image # 223, module MaskImage # 8: CPU_time = 0.26 secs, Wall_time = 0.11 secs
Mon Aug 24 17:20:46 2026: Image # 223, module MaskObjects # 9: CPU_time = 0.54 secs, Wall_time = 0.54 secs
Mon Aug 24 17:20:46 2026: Image # 223, module ExpandOrShrinkObjects # 10: CPU_time = 0.88 secs, Wall_time = 0.88 secs
Mon Aug 24 17:20:47 2026: Image # 223, module ExpandOrShrinkObjects # 11: CPU_time = 0.94 secs, Wall_time = 0.93 secs
Mon Aug 24 17:20:48 2026: Image # 223, module MaskObjects # 12: CPU_time = 0.61 secs, Wall_time = 0.61 secs
Mon Aug 24 17:20:49 2026: Image # 223, module EnhanceOrSuppressFeatures # 13: CPU_time = 1.11 secs, Wall_time = 1.11 secs
Mon Aug 24 17:20:50 2026: Image # 223, module IdentifyPrimaryObjects # 14: CPU_time = 3.72 secs, Wall_time = 3.72 secs
Mon Aug 24 17:20:53 2026: Image # 223, module MaskObjects # 15: CPU_time = 0.57 secs, Wall_time = 0.56 secs
Mon Aug 24 17:20:54 2026: Image # 223, module RelateObjects # 16: CPU_time = 1.27 secs, Wall_time = 1.27 secs
Mon Aug 24 17:20:55 2026: Image # 223, module RelateObjects # 17: CPU_time = 1.28 secs, Wall_time = 1.29 secs
Mon Aug 24 17:20:57 2026: Image # 223, module MeasureObjectIntensity # 18: CPU_time = 18.17 secs, Wall_time = 18.16 secs
Mon Aug 24 17:21:15 2026: Image # 223, module RelateObjects # 19: CPU_time = 0.29 secs, Wall_time = 0.29 secs
Mon Aug 24 17:21:15 2026: Image # 223, module ExportToSpreadsheet # 20: CPU_time = 0.00 secs, Wall_time = 0.00 secs
Mon Aug 24 17:21:15 2026: Image # 224, module Images # 1: CPU_time = 0.00 secs, Wall_time = 0.00 secs
Mon Aug 24 17:21:15 2026: Image # 224, module Metadata # 2: CPU_time = 0.00 secs, Wall_time = 0.00 secs
Mon Aug 24 17:21:15 2026: Image # 224, module NamesAndTypes # 3: CPU_time = 4.56 secs, Wall_time = 6.74 secs
Mon Aug 24 17:21:22 2026: Image # 224, module Groups # 4: CPU_time = 0.00 secs, Wall_time = 0.00 secs
Mon Aug 24 17:21:22 2026: Image # 224, module FilterObjects # 5: CPU_time = 1.52 secs, Wall_time = 1.52 secs
Mon Aug 24 17:21:23 2026: Image # 224, module FilterObjects # 6: CPU_time = 1.40 secs, Wall_time = 1.39 secs
Mon Aug 24 17:21:25 2026: Image # 224, module MaskImage # 7: CPU_time = 0.25 secs, Wall_time = 0.13 secs
Mon Aug 24 17:21:25 2026: Image # 224, module MaskImage # 8: CPU_time = 0.29 secs, Wall_time = 0.15 secs
Mon Aug 24 17:21:25 2026: Image # 224, module MaskObjects # 9: CPU_time = 0.55 secs, Wall_time = 0.56 secs
Mon Aug 24 17:21:26 2026: Image # 224, module ExpandOrShrinkObjects # 10: CPU_time = 0.90 secs, Wall_time = 0.90 secs
Mon Aug 24 17:21:26 2026: Image # 224, module ExpandOrShrinkObjects # 11: CPU_time = 0.94 secs, Wall_time = 0.93 secs
Mon Aug 24 17:21:27 2026: Image # 224, module MaskObjects # 12: CPU_time = 0.59 secs, Wall_time = 0.59 secs
Mon Aug 24 17:21:28 2026: Image # 224, module EnhanceOrSuppressFeatures # 13: CPU_time = 1.09 secs, Wall_time = 1.09 secs
Mon Aug 24 17:21:29 2026: Image # 224, module IdentifyPrimaryObjects # 14: CPU_time = 3.88 secs, Wall_time = 3.87 secs
Mon Aug 24 17:21:33 2026: Image # 224, module MaskObjects # 15: CPU_time = 0.56 secs, Wall_time = 0.56 secs
Mon Aug 24 17:21:34 2026: Image # 224, module RelateObjects # 16: CPU_time = 1.24 secs, Wall_time = 1.23 secs
Mon Aug 24 17:21:35 2026: Image # 224, module RelateObjects # 17: CPU_time = 1.24 secs, Wall_time = 1.24 secs
Mon Aug 24 17:21:36 2026: Image # 224, module MeasureObjectIntensity # 18: CPU_time = 17.35 secs, Wall_time = 17.34 secs
Mon Aug 24 17:21:53 2026: Image # 224, module RelateObjects # 19: CPU_time = 0.28 secs, Wall_time = 0.28 secs
Mon Aug 24 17:21:54 2026: Image # 224, module ExportToSpreadsheet # 20: CPU_time = 0.01 secs, Wall_time = 0.02 secs
Mon Aug 24 17:21:54 2026: Image # 225, module Images # 1: CPU_time = 0.00 secs, Wall_time = 0.00 secs
Mon Aug 24 17:21:54 2026: Image # 225, module Metadata # 2: CPU_time = 0.00 secs, Wall_time = 0.00 secs
Mon Aug 24 17:21:54 2026: Image # 225, module NamesAndTypes # 3: CPU_time = 4.22 secs, Wall_time = 5.27 secs
Mon Aug 24 17:21:59 2026: Image # 225, module Groups # 4: CPU_time = 0.00 secs, Wall_time = 0.00 secs
Mon Aug 24 17:21:59 2026: Image # 225, module FilterObjects # 5: CPU_time = 1.32 secs, Wall_time = 1.32 secs
Mon Aug 24 17:22:00 2026: Image # 225, module FilterObjects # 6: CPU_time = 1.27 secs, Wall_time = 1.27 secs
Mon Aug 24 17:22:02 2026: Image # 225, module MaskImage # 7: CPU_time = 0.23 secs, Wall_time = 0.11 secs
Mon Aug 24 17:22:02 2026: Image # 225, module MaskImage # 8: CPU_time = 0.28 secs, Wall_time = 0.13 secs
Mon Aug 24 17:22:02 2026: Image # 225, module MaskObjects # 9: CPU_time = 0.55 secs, Wall_time = 0.55 secs
Mon Aug 24 17:22:02 2026: Image # 225, module ExpandOrShrinkObjects # 10: CPU_time = 0.81 secs, Wall_time = 0.81 secs
Mon Aug 24 17:22:03 2026: Image # 225, module ExpandOrShrinkObjects # 11: CPU_time = 0.89 secs, Wall_time = 0.88 secs
Mon Aug 24 17:22:04 2026: Image # 225, module MaskObjects # 12: CPU_time = 0.63 secs, Wall_time = 0.63 secs
Mon Aug 24 17:22:05 2026: Image # 225, module EnhanceOrSuppressFeatures # 13: CPU_time = 1.11 secs, Wall_time = 1.10 secs
Mon Aug 24 17:22:06 2026: Image # 225, module IdentifyPrimaryObjects # 14: CPU_time = 3.51 secs, Wall_time = 3.51 secs
Mon Aug 24 17:22:09 2026: Image # 225, module MaskObjects # 15: CPU_time = 0.56 secs, Wall_time = 0.56 secs
Mon Aug 24 17:22:10 2026: Image # 225, module RelateObjects # 16: CPU_time = 1.01 secs, Wall_time = 1.01 secs
Mon Aug 24 17:22:11 2026: Image # 225, module RelateObjects # 17: CPU_time = 1.03 secs, Wall_time = 1.03 secs
Mon Aug 24 17:22:12 2026: Image # 225, module MeasureObjectIntensity # 18: CPU_time = 16.14 secs, Wall_time = 16.14 secs
Mon Aug 24 17:22:28 2026: Image # 225, module RelateObjects # 19: CPU_time = 0.22 secs, Wall_time = 0.22 secs
Mon Aug 24 17:22:28 2026: Image # 225, module ExportToSpreadsheet # 20: CPU_time = 0.00 secs, Wall_time = 0.00 secs
Mon Aug 24 17:22:28 2026: Image # 226, module Images # 1: CPU_time = 0.00 secs, Wall_time = 0.00 secs
Mon Aug 24 17:22:28 2026: Image # 226, module Metadata # 2: CPU_time = 0.00 secs, Wall_time = 0.00 secs
Mon Aug 24 17:22:28 2026: Image # 226, module NamesAndTypes # 3: CPU_time = 4.62 secs, Wall_time = 7.68 secs
Mon Aug 24 17:22:36 2026: Image # 226, module Groups # 4: CPU_time = 0.00 secs, Wall_time = 0.00 secs
Mon Aug 24 17:22:36 2026: Image # 226, module FilterObjects # 5: CPU_time = 1.48 secs, Wall_time = 1.48 secs
Mon Aug 24 17:22:37 2026: Image # 226, module FilterObjects # 6: CPU_time = 1.40 secs, Wall_time = 1.40 secs
Mon Aug 24 17:22:39 2026: Image # 226, module MaskImage # 7: CPU_time = 0.27 secs, Wall_time = 0.13 secs
Mon Aug 24 17:22:39 2026: Image # 226, module MaskImage # 8: CPU_time = 0.25 secs, Wall_time = 0.12 secs
Mon Aug 24 17:22:39 2026: Image # 226, module MaskObjects # 9: CPU_time = 0.56 secs, Wall_time = 0.55 secs
Mon Aug 24 17:22:40 2026: Image # 226, module ExpandOrShrinkObjects # 10: CPU_time = 0.82 secs, Wall_time = 0.82 secs
Mon Aug 24 17:22:40 2026: Image # 226, module ExpandOrShrinkObjects # 11: CPU_time = 0.87 secs, Wall_time = 0.86 secs
Mon Aug 24 17:22:41 2026: Image # 226, module MaskObjects # 12: CPU_time = 0.60 secs, Wall_time = 0.60 secs
Mon Aug 24 17:22:42 2026: Image # 226, module EnhanceOrSuppressFeatures # 13: CPU_time = 1.09 secs, Wall_time = 1.08 secs
Mon Aug 24 17:22:43 2026: Image # 226, module IdentifyPrimaryObjects # 14: CPU_time = 3.84 secs, Wall_time = 3.83 secs
Mon Aug 24 17:22:47 2026: Image # 226, module MaskObjects # 15: CPU_time = 0.55 secs, Wall_time = 0.55 secs
Mon Aug 24 17:22:47 2026: Image # 226, module RelateObjects # 16: CPU_time = 1.19 secs, Wall_time = 1.19 secs
Mon Aug 24 17:22:49 2026: Image # 226, module RelateObjects # 17: CPU_time = 1.19 secs, Wall_time = 1.18 secs
Mon Aug 24 17:22:50 2026: Image # 226, module MeasureObjectIntensity # 18: CPU_time = 16.94 secs, Wall_time = 16.92 secs
Mon Aug 24 17:23:07 2026: Image # 226, module RelateObjects # 19: CPU_time = 0.26 secs, Wall_time = 0.26 secs
Mon Aug 24 17:23:07 2026: Image # 226, module ExportToSpreadsheet # 20: CPU_time = 0.00 secs, Wall_time = 0.00 secs
Mon Aug 24 17:23:07 2026: Image # 227, module Images # 1: CPU_time = 0.00 secs, Wall_time = 0.00 secs
Mon Aug 24 17:23:07 2026: Image # 227, module Metadata # 2: CPU_time = 0.00 secs, Wall_time = 0.00 secs
Mon Aug 24 17:23:07 2026: Image # 227, module NamesAndTypes # 3: CPU_time = 4.31 secs, Wall_time = 6.26 secs
Mon Aug 24 17:23:13 2026: Image # 227, module Groups # 4: CPU_time = 0.00 secs, Wall_time = 0.00 secs
Mon Aug 24 17:23:13 2026: Image # 227, module FilterObjects # 5: CPU_time = 1.60 secs, Wall_time = 1.60 secs
Mon Aug 24 17:23:15 2026: Image # 227, module FilterObjects # 6: CPU_time = 1.41 secs, Wall_time = 1.40 secs
Mon Aug 24 17:23:16 2026: Image # 227, module MaskImage # 7: CPU_time = 0.25 secs, Wall_time = 0.12 secs
Mon Aug 24 17:23:16 2026: Image # 227, module MaskImage # 8: CPU_time = 0.23 secs, Wall_time = 0.12 secs
Mon Aug 24 17:23:16 2026: Image # 227, module MaskObjects # 9: CPU_time = 0.54 secs, Wall_time = 0.54 secs
Mon Aug 24 17:23:17 2026: Image # 227, module ExpandOrShrinkObjects # 10: CPU_time = 0.92 secs, Wall_time = 0.91 secs
Mon Aug 24 17:23:18 2026: Image # 227, module ExpandOrShrinkObjects # 11: CPU_time = 0.95 secs, Wall_time = 0.95 secs
Mon Aug 24 17:23:19 2026: Image # 227, module MaskObjects # 12: CPU_time = 0.57 secs, Wall_time = 0.57 secs
Mon Aug 24 17:23:19 2026: Image # 227, module EnhanceOrSuppressFeatures # 13: CPU_time = 1.10 secs, Wall_time = 1.09 secs
Mon Aug 24 17:23:21 2026: Image # 227, module IdentifyPrimaryObjects # 14: CPU_time = 3.70 secs, Wall_time = 3.71 secs
Mon Aug 24 17:23:24 2026: Image # 227, module MaskObjects # 15: CPU_time = 0.55 secs, Wall_time = 0.55 secs
Mon Aug 24 17:23:25 2026: Image # 227, module RelateObjects # 16: CPU_time = 1.30 secs, Wall_time = 1.30 secs
Mon Aug 24 17:23:26 2026: Image # 227, module RelateObjects # 17: CPU_time = 1.28 secs, Wall_time = 1.29 secs
Mon Aug 24 17:23:27 2026: Image # 227, module MeasureObjectIntensity # 18: CPU_time = 17.88 secs, Wall_time = 17.87 secs
Mon Aug 24 17:23:45 2026: Image # 227, module RelateObjects # 19: CPU_time = 0.29 secs, Wall_time = 0.28 secs
Mon Aug 24 17:23:46 2026: Image # 227, module ExportToSpreadsheet # 20: CPU_time = 0.00 secs, Wall_time = 0.00 secs
Mon Aug 24 17:23:46 2026: Image # 228, module Images # 1: CPU_time = 0.00 secs, Wall_time = 0.00 secs
Mon Aug 24 17:23:46 2026: Image # 228, module Metadata # 2: CPU_time = 0.00 secs, Wall_time = 0.00 secs
Mon Aug 24 17:23:46 2026: Image # 228, module NamesAndTypes # 3: CPU_time = 4.39 secs, Wall_time = 6.41 secs
Mon Aug 24 17:23:52 2026: Image # 228, module Groups # 4: CPU_time = 0.00 secs, Wall_time = 0.00 secs
Mon Aug 24 17:23:52 2026: Image # 228, module FilterObjects # 5: CPU_time = 1.49 secs, Wall_time = 1.49 secs
Mon Aug 24 17:23:54 2026: Image # 228, module FilterObjects # 6: CPU_time = 1.40 secs, Wall_time = 1.40 secs
Mon Aug 24 17:23:55 2026: Image # 228, module MaskImage # 7: CPU_time = 0.24 secs, Wall_time = 0.12 secs
Mon Aug 24 17:23:55 2026: Image # 228, module MaskImage # 8: CPU_time = 0.26 secs, Wall_time = 0.13 secs
Mon Aug 24 17:23:55 2026: Image # 228, module MaskObjects # 9: CPU_time = 0.54 secs, Wall_time = 0.54 secs
Mon Aug 24 17:23:56 2026: Image # 228, module ExpandOrShrinkObjects # 10: CPU_time = 0.90 secs, Wall_time = 0.90 secs
Mon Aug 24 17:23:57 2026: Image # 228, module ExpandOrShrinkObjects # 11: CPU_time = 0.94 secs, Wall_time = 0.93 secs
Mon Aug 24 17:23:58 2026: Image # 228, module MaskObjects # 12: CPU_time = 0.59 secs, Wall_time = 0.59 secs
Mon Aug 24 17:23:58 2026: Image # 228, module EnhanceOrSuppressFeatures # 13: CPU_time = 1.09 secs, Wall_time = 1.09 secs
Mon Aug 24 17:23:59 2026: Image # 228, module IdentifyPrimaryObjects # 14: CPU_time = 3.68 secs, Wall_time = 3.68 secs
Mon Aug 24 17:24:03 2026: Image # 228, module MaskObjects # 15: CPU_time = 0.57 secs, Wall_time = 0.57 secs
Mon Aug 24 17:24:03 2026: Image # 228, module RelateObjects # 16: CPU_time = 1.22 secs, Wall_time = 1.21 secs
Mon Aug 24 17:24:05 2026: Image # 228, module RelateObjects # 17: CPU_time = 1.23 secs, Wall_time = 1.23 secs
Mon Aug 24 17:24:06 2026: Image # 228, module MeasureObjectIntensity # 18: CPU_time = 17.20 secs, Wall_time = 17.18 secs
Mon Aug 24 17:24:23 2026: Image # 228, module RelateObjects # 19: CPU_time = 0.27 secs, Wall_time = 0.27 secs
Mon Aug 24 17:24:23 2026: Image # 228, module ExportToSpreadsheet # 20: CPU_time = 0.00 secs, Wall_time = 0.00 secs
Mon Aug 24 17:24:23 2026: Image # 229, module Images # 1: CPU_time = 0.00 secs, Wall_time = 0.00 secs
Mon Aug 24 17:24:23 2026: Image # 229, module Metadata # 2: CPU_time = 0.00 secs, Wall_time = 0.00 secs
Mon Aug 24 17:24:23 2026: Image # 229, module NamesAndTypes # 3: CPU_time = 4.48 secs, Wall_time = 7.59 secs
Mon Aug 24 17:24:31 2026: Image # 229, module Groups # 4: CPU_time = 0.00 secs, Wall_time = 0.00 secs
Mon Aug 24 17:24:31 2026: Image # 229, module FilterObjects # 5: CPU_time = 1.49 secs, Wall_time = 1.49 secs
Mon Aug 24 17:24:33 2026: Image # 229, module FilterObjects # 6: CPU_time = 1.38 secs, Wall_time = 1.38 secs
Mon Aug 24 17:24:34 2026: Image # 229, module MaskImage # 7: CPU_time = 0.30 secs, Wall_time = 0.15 secs
Mon Aug 24 17:24:34 2026: Image # 229, module MaskImage # 8: CPU_time = 0.24 secs, Wall_time = 0.12 secs
Mon Aug 24 17:24:34 2026: Image # 229, module MaskObjects # 9: CPU_time = 0.56 secs, Wall_time = 0.56 secs
Mon Aug 24 17:24:35 2026: Image # 229, module ExpandOrShrinkObjects # 10: CPU_time = 0.95 secs, Wall_time = 0.94 secs
Mon Aug 24 17:24:36 2026: Image # 229, module ExpandOrShrinkObjects # 11: CPU_time = 0.97 secs, Wall_time = 0.97 secs
Mon Aug 24 17:24:37 2026: Image # 229, module MaskObjects # 12: CPU_time = 0.62 secs, Wall_time = 0.61 secs
Mon Aug 24 17:24:37 2026: Image # 229, module EnhanceOrSuppressFeatures # 13: CPU_time = 1.10 secs, Wall_time = 1.10 secs
Mon Aug 24 17:24:38 2026: Image # 229, module IdentifyPrimaryObjects # 14: CPU_time = 3.68 secs, Wall_time = 3.67 secs
Mon Aug 24 17:24:42 2026: Image # 229, module MaskObjects # 15: CPU_time = 0.56 secs, Wall_time = 0.57 secs
Mon Aug 24 17:24:43 2026: Image # 229, module RelateObjects # 16: CPU_time = 1.18 secs, Wall_time = 1.18 secs
Mon Aug 24 17:24:44 2026: Image # 229, module RelateObjects # 17: CPU_time = 1.19 secs, Wall_time = 1.19 secs
Mon Aug 24 17:24:45 2026: Image # 229, module MeasureObjectIntensity # 18: CPU_time = 17.62 secs, Wall_time = 17.94 secs
Mon Aug 24 17:25:03 2026: Image # 229, module RelateObjects # 19: CPU_time = 0.27 secs, Wall_time = 0.27 secs
Mon Aug 24 17:25:03 2026: Image # 229, module ExportToSpreadsheet # 20: CPU_time = 0.00 secs, Wall_time = 0.00 secs
Mon Aug 24 17:25:03 2026: Image # 230, module Images # 1: CPU_time = 0.00 secs, Wall_time = 0.00 secs
Mon Aug 24 17:25:03 2026: Image # 230, module Metadata # 2: CPU_time = 0.00 secs, Wall_time = 0.00 secs
Mon Aug 24 17:25:03 2026: Image # 230, module NamesAndTypes # 3: CPU_time = 4.53 secs, Wall_time = 5.31 secs
Mon Aug 24 17:25:09 2026: Image # 230, module Groups # 4: CPU_time = 0.00 secs, Wall_time = 0.00 secs
Mon Aug 24 17:25:09 2026: Image # 230, module FilterObjects # 5: CPU_time = 1.67 secs, Wall_time = 1.67 secs
Mon Aug 24 17:25:10 2026: Image # 230, module FilterObjects # 6: CPU_time = 1.45 secs, Wall_time = 1.45 secs
Mon Aug 24 17:25:12 2026: Image # 230, module MaskImage # 7: CPU_time = 0.21 secs, Wall_time = 0.10 secs
Mon Aug 24 17:25:12 2026: Image # 230, module MaskImage # 8: CPU_time = 0.12 secs, Wall_time = 0.11 secs
Mon Aug 24 17:25:12 2026: Image # 230, module MaskObjects # 9: CPU_time = 0.57 secs, Wall_time = 0.57 secs
Mon Aug 24 17:25:12 2026: Image # 230, module ExpandOrShrinkObjects # 10: CPU_time = 0.97 secs, Wall_time = 0.97 secs
Mon Aug 24 17:25:13 2026: Image # 230, module ExpandOrShrinkObjects # 11: CPU_time = 1.01 secs, Wall_time = 1.01 secs
Mon Aug 24 17:25:14 2026: Image # 230, module MaskObjects # 12: CPU_time = 0.60 secs, Wall_time = 0.60 secs
Mon Aug 24 17:25:15 2026: Image # 230, module EnhanceOrSuppressFeatures # 13: CPU_time = 1.09 secs, Wall_time = 1.09 secs
Mon Aug 24 17:25:16 2026: Image # 230, module IdentifyPrimaryObjects # 14: CPU_time = 4.12 secs, Wall_time = 4.18 secs
Mon Aug 24 17:25:20 2026: Image # 230, module MaskObjects # 15: CPU_time = 0.55 secs, Wall_time = 0.54 secs
Mon Aug 24 17:25:21 2026: Image # 230, module RelateObjects # 16: CPU_time = 1.44 secs, Wall_time = 1.43 secs
Mon Aug 24 17:25:22 2026: Image # 230, module RelateObjects # 17: CPU_time = 1.37 secs, Wall_time = 1.37 secs
Mon Aug 24 17:25:24 2026: Image # 230, module MeasureObjectIntensity # 18: CPU_time = 18.40 secs, Wall_time = 18.39 secs
Mon Aug 24 17:25:42 2026: Image # 230, module RelateObjects # 19: CPU_time = 0.32 secs, Wall_time = 0.32 secs
Mon Aug 24 17:25:42 2026: Image # 230, module ExportToSpreadsheet # 20: CPU_time = 0.00 secs, Wall_time = 0.00 secs
Mon Aug 24 17:25:42 2026: Image # 231, module Images # 1: CPU_time = 0.00 secs, Wall_time = 0.00 secs
Mon Aug 24 17:25:42 2026: Image # 231, module Metadata # 2: CPU_time = 0.00 secs, Wall_time = 0.00 secs
Mon Aug 24 17:25:42 2026: Image # 231, module NamesAndTypes # 3: CPU_time = 4.53 secs, Wall_time = 6.45 secs
Mon Aug 24 17:25:49 2026: Image # 231, module Groups # 4: CPU_time = 0.00 secs, Wall_time = 0.00 secs
Mon Aug 24 17:25:49 2026: Image # 231, module FilterObjects # 5: CPU_time = 1.57 secs, Wall_time = 1.57 secs
Mon Aug 24 17:25:50 2026: Image # 231, module FilterObjects # 6: CPU_time = 1.41 secs, Wall_time = 1.42 secs
Mon Aug 24 17:25:52 2026: Image # 231, module MaskImage # 7: CPU_time = 0.22 secs, Wall_time = 0.11 secs
Mon Aug 24 17:25:52 2026: Image # 231, module MaskImage # 8: CPU_time = 0.25 secs, Wall_time = 0.12 secs
Mon Aug 24 17:25:52 2026: Image # 231, module MaskObjects # 9: CPU_time = 0.56 secs, Wall_time = 0.56 secs
Mon Aug 24 17:25:53 2026: Image # 231, module ExpandOrShrinkObjects # 10: CPU_time = 0.90 secs, Wall_time = 0.90 secs
Mon Aug 24 17:25:54 2026: Image # 231, module ExpandOrShrinkObjects # 11: CPU_time = 0.93 secs, Wall_time = 0.93 secs
Mon Aug 24 17:25:55 2026: Image # 231, module MaskObjects # 12: CPU_time = 0.58 secs, Wall_time = 0.58 secs
Mon Aug 24 17:25:55 2026: Image # 231, module EnhanceOrSuppressFeatures # 13: CPU_time = 1.09 secs, Wall_time = 1.09 secs
Mon Aug 24 17:25:56 2026: Image # 231, module IdentifyPrimaryObjects # 14: CPU_time = 3.76 secs, Wall_time = 3.75 secs
Mon Aug 24 17:26:00 2026: Image # 231, module MaskObjects # 15: CPU_time = 0.58 secs, Wall_time = 0.58 secs
Mon Aug 24 17:26:01 2026: Image # 231, module RelateObjects # 16: CPU_time = 1.26 secs, Wall_time = 1.27 secs
Mon Aug 24 17:26:02 2026: Image # 231, module RelateObjects # 17: CPU_time = 1.27 secs, Wall_time = 1.27 secs
Mon Aug 24 17:26:03 2026: Image # 231, module MeasureObjectIntensity # 18: CPU_time = 17.64 secs, Wall_time = 17.61 secs
Mon Aug 24 17:26:21 2026: Image # 231, module RelateObjects # 19: CPU_time = 0.26 secs, Wall_time = 0.27 secs
Mon Aug 24 17:26:21 2026: Image # 231, module ExportToSpreadsheet # 20: CPU_time = 0.00 secs, Wall_time = 0.00 secs
Mon Aug 24 17:26:21 2026: Image # 232, module Images # 1: CPU_time = 0.00 secs, Wall_time = 0.00 secs
Mon Aug 24 17:26:21 2026: Image # 232, module Metadata # 2: CPU_time = 0.00 secs, Wall_time = 0.00 secs
Mon Aug 24 17:26:21 2026: Image # 232, module NamesAndTypes # 3: CPU_time = 4.69 secs, Wall_time = 7.14 secs
Mon Aug 24 17:26:28 2026: Image # 232, module Groups # 4: CPU_time = 0.00 secs, Wall_time = 0.00 secs
Mon Aug 24 17:26:28 2026: Image # 232, module FilterObjects # 5: CPU_time = 1.69 secs, Wall_time = 1.68 secs
Mon Aug 24 17:26:30 2026: Image # 232, module FilterObjects # 6: CPU_time = 1.44 secs, Wall_time = 1.44 secs
Mon Aug 24 17:26:31 2026: Image # 232, module MaskImage # 7: CPU_time = 0.26 secs, Wall_time = 0.11 secs
Mon Aug 24 17:26:31 2026: Image # 232, module MaskImage # 8: CPU_time = 0.12 secs, Wall_time = 0.10 secs
Mon Aug 24 17:26:31 2026: Image # 232, module MaskObjects # 9: CPU_time = 0.53 secs, Wall_time = 0.54 secs
Mon Aug 24 17:26:32 2026: Image # 232, module ExpandOrShrinkObjects # 10: CPU_time = 0.96 secs, Wall_time = 0.95 secs
Mon Aug 24 17:26:33 2026: Image # 232, module ExpandOrShrinkObjects # 11: CPU_time = 0.99 secs, Wall_time = 0.99 secs
Mon Aug 24 17:26:34 2026: Image # 232, module MaskObjects # 12: CPU_time = 0.58 secs, Wall_time = 0.58 secs
Mon Aug 24 17:26:35 2026: Image # 232, module EnhanceOrSuppressFeatures # 13: CPU_time = 1.10 secs, Wall_time = 1.09 secs
Mon Aug 24 17:26:36 2026: Image # 232, module IdentifyPrimaryObjects # 14: CPU_time = 4.09 secs, Wall_time = 4.08 secs
Mon Aug 24 17:26:40 2026: Image # 232, module MaskObjects # 15: CPU_time = 0.55 secs, Wall_time = 0.55 secs
Mon Aug 24 17:26:40 2026: Image # 232, module RelateObjects # 16: CPU_time = 1.38 secs, Wall_time = 1.38 secs
Mon Aug 24 17:26:42 2026: Image # 232, module RelateObjects # 17: CPU_time = 1.37 secs, Wall_time = 1.37 secs
Mon Aug 24 17:26:43 2026: Image # 232, module MeasureObjectIntensity # 18: CPU_time = 18.44 secs, Wall_time = 18.43 secs
Mon Aug 24 17:27:01 2026: Image # 232, module RelateObjects # 19: CPU_time = 0.33 secs, Wall_time = 0.33 secs
Mon Aug 24 17:27:02 2026: Image # 232, module ExportToSpreadsheet # 20: CPU_time = 0.00 secs, Wall_time = 0.00 secs
Mon Aug 24 17:27:02 2026: Image # 233, module Images # 1: CPU_time = 0.00 secs, Wall_time = 0.00 secs
Mon Aug 24 17:27:02 2026: Image # 233, module Metadata # 2: CPU_time = 0.00 secs, Wall_time = 0.00 secs
Mon Aug 24 17:27:02 2026: Image # 233, module NamesAndTypes # 3: CPU_time = 4.31 secs, Wall_time = 5.58 secs
Mon Aug 24 17:27:07 2026: Image # 233, module Groups # 4: CPU_time = 0.00 secs, Wall_time = 0.00 secs
Mon Aug 24 17:27:07 2026: Image # 233, module FilterObjects # 5: CPU_time = 1.32 secs, Wall_time = 1.31 secs
Mon Aug 24 17:27:09 2026: Image # 233, module FilterObjects # 6: CPU_time = 1.27 secs, Wall_time = 1.26 secs
Mon Aug 24 17:27:10 2026: Image # 233, module MaskImage # 7: CPU_time = 0.25 secs, Wall_time = 0.12 secs
Mon Aug 24 17:27:10 2026: Image # 233, module MaskImage # 8: CPU_time = 0.26 secs, Wall_time = 0.12 secs
Mon Aug 24 17:27:10 2026: Image # 233, module MaskObjects # 9: CPU_time = 0.56 secs, Wall_time = 0.54 secs
Mon Aug 24 17:27:11 2026: Image # 233, module ExpandOrShrinkObjects # 10: CPU_time = 0.89 secs, Wall_time = 0.88 secs
Mon Aug 24 17:27:12 2026: Image # 233, module ExpandOrShrinkObjects # 11: CPU_time = 0.95 secs, Wall_time = 0.95 secs
Mon Aug 24 17:27:13 2026: Image # 233, module MaskObjects # 12: CPU_time = 0.64 secs, Wall_time = 0.64 secs
Mon Aug 24 17:27:13 2026: Image # 233, module EnhanceOrSuppressFeatures # 13: CPU_time = 1.09 secs, Wall_time = 1.09 secs
Mon Aug 24 17:27:14 2026: Image # 233, module IdentifyPrimaryObjects # 14: CPU_time = 3.39 secs, Wall_time = 3.40 secs
Mon Aug 24 17:27:18 2026: Image # 233, module MaskObjects # 15: CPU_time = 0.52 secs, Wall_time = 0.52 secs
Mon Aug 24 17:27:18 2026: Image # 233, module RelateObjects # 16: CPU_time = 1.00 secs, Wall_time = 1.00 secs
Mon Aug 24 17:27:19 2026: Image # 233, module RelateObjects # 17: CPU_time = 1.01 secs, Wall_time = 1.01 secs
Mon Aug 24 17:27:20 2026: Image # 233, module MeasureObjectIntensity # 18: CPU_time = 16.21 secs, Wall_time = 16.19 secs
Mon Aug 24 17:27:36 2026: Image # 233, module RelateObjects # 19: CPU_time = 0.22 secs, Wall_time = 0.22 secs
Mon Aug 24 17:27:37 2026: Image # 233, module ExportToSpreadsheet # 20: CPU_time = 0.00 secs, Wall_time = 0.00 secs
Mon Aug 24 17:27:37 2026: Image # 234, module Images # 1: CPU_time = 0.00 secs, Wall_time = 0.00 secs
Mon Aug 24 17:27:37 2026: Image # 234, module Metadata # 2: CPU_time = 0.00 secs, Wall_time = 0.00 secs
Mon Aug 24 17:27:37 2026: Image # 234, module NamesAndTypes # 3: CPU_time = 4.48 secs, Wall_time = 6.16 secs
Mon Aug 24 17:27:43 2026: Image # 234, module Groups # 4: CPU_time = 0.00 secs, Wall_time = 0.00 secs
Mon Aug 24 17:27:43 2026: Image # 234, module FilterObjects # 5: CPU_time = 1.49 secs, Wall_time = 1.49 secs
Mon Aug 24 17:27:44 2026: Image # 234, module FilterObjects # 6: CPU_time = 1.37 secs, Wall_time = 1.36 secs
Mon Aug 24 17:27:46 2026: Image # 234, module MaskImage # 7: CPU_time = 0.25 secs, Wall_time = 0.11 secs
Mon Aug 24 17:27:46 2026: Image # 234, module MaskImage # 8: CPU_time = 0.23 secs, Wall_time = 0.11 secs
Mon Aug 24 17:27:46 2026: Image # 234, module MaskObjects # 9: CPU_time = 0.54 secs, Wall_time = 0.55 secs
Mon Aug 24 17:27:47 2026: Image # 234, module ExpandOrShrinkObjects # 10: CPU_time = 1.03 secs, Wall_time = 1.03 secs
Mon Aug 24 17:27:48 2026: Image # 234, module ExpandOrShrinkObjects # 11: CPU_time = 1.08 secs, Wall_time = 1.07 secs
Mon Aug 24 17:27:49 2026: Image # 234, module MaskObjects # 12: CPU_time = 0.61 secs, Wall_time = 0.61 secs
Mon Aug 24 17:27:49 2026: Image # 234, module EnhanceOrSuppressFeatures # 13: CPU_time = 1.10 secs, Wall_time = 1.10 secs
Mon Aug 24 17:27:50 2026: Image # 234, module IdentifyPrimaryObjects # 14: CPU_time = 3.76 secs, Wall_time = 3.75 secs
Mon Aug 24 17:27:54 2026: Image # 234, module MaskObjects # 15: CPU_time = 0.55 secs, Wall_time = 0.55 secs
Mon Aug 24 17:27:55 2026: Image # 234, module RelateObjects # 16: CPU_time = 1.23 secs, Wall_time = 1.23 secs
Mon Aug 24 17:27:56 2026: Image # 234, module RelateObjects # 17: CPU_time = 1.25 secs, Wall_time = 1.24 secs
Mon Aug 24 17:27:57 2026: Image # 234, module MeasureObjectIntensity # 18: CPU_time = 17.42 secs, Wall_time = 17.40 secs
Mon Aug 24 17:28:15 2026: Image # 234, module RelateObjects # 19: CPU_time = 0.28 secs, Wall_time = 0.28 secs
Mon Aug 24 17:28:15 2026: Image # 234, module ExportToSpreadsheet # 20: CPU_time = 0.00 secs, Wall_time = 0.00 secs
Mon Aug 24 17:28:15 2026: Image # 235, module Images # 1: CPU_time = 0.00 secs, Wall_time = 0.00 secs
Mon Aug 24 17:28:15 2026: Image # 235, module Metadata # 2: CPU_time = 0.00 secs, Wall_time = 0.00 secs
Mon Aug 24 17:28:15 2026: Image # 235, module NamesAndTypes # 3: CPU_time = 4.45 secs, Wall_time = 5.81 secs
Mon Aug 24 17:28:21 2026: Image # 235, module Groups # 4: CPU_time = 0.00 secs, Wall_time = 0.00 secs
Mon Aug 24 17:28:21 2026: Image # 235, module FilterObjects # 5: CPU_time = 1.46 secs, Wall_time = 1.46 secs
Mon Aug 24 17:28:22 2026: Image # 235, module FilterObjects # 6: CPU_time = 1.36 secs, Wall_time = 1.36 secs
Mon Aug 24 17:28:23 2026: Image # 235, module MaskImage # 7: CPU_time = 0.27 secs, Wall_time = 0.12 secs
Mon Aug 24 17:28:24 2026: Image # 235, module MaskImage # 8: CPU_time = 0.23 secs, Wall_time = 0.12 secs
Mon Aug 24 17:28:24 2026: Image # 235, module MaskObjects # 9: CPU_time = 0.54 secs, Wall_time = 0.54 secs
Mon Aug 24 17:28:24 2026: Image # 235, module ExpandOrShrinkObjects # 10: CPU_time = 0.88 secs, Wall_time = 0.89 secs
Mon Aug 24 17:28:25 2026: Image # 235, module ExpandOrShrinkObjects # 11: CPU_time = 0.94 secs, Wall_time = 0.93 secs
Mon Aug 24 17:28:26 2026: Image # 235, module MaskObjects # 12: CPU_time = 0.60 secs, Wall_time = 0.60 secs
Mon Aug 24 17:28:27 2026: Image # 235, module EnhanceOrSuppressFeatures # 13: CPU_time = 1.10 secs, Wall_time = 1.10 secs
Mon Aug 24 17:28:28 2026: Image # 235, module IdentifyPrimaryObjects # 14: CPU_time = 3.85 secs, Wall_time = 3.84 secs
Mon Aug 24 17:28:32 2026: Image # 235, module MaskObjects # 15: CPU_time = 0.56 secs, Wall_time = 0.56 secs
Mon Aug 24 17:28:32 2026: Image # 235, module RelateObjects # 16: CPU_time = 1.19 secs, Wall_time = 1.19 secs
Mon Aug 24 17:28:33 2026: Image # 235, module RelateObjects # 17: CPU_time = 1.18 secs, Wall_time = 1.19 secs
Mon Aug 24 17:28:35 2026: Image # 235, module MeasureObjectIntensity # 18: CPU_time = 17.81 secs, Wall_time = 17.78 secs
Mon Aug 24 17:28:52 2026: Image # 235, module RelateObjects # 19: CPU_time = 0.26 secs, Wall_time = 0.26 secs
Mon Aug 24 17:28:53 2026: Image # 235, module ExportToSpreadsheet # 20: CPU_time = 0.00 secs, Wall_time = 0.00 secs
Mon Aug 24 17:28:53 2026: Image # 236, module Images # 1: CPU_time = 0.00 secs, Wall_time = 0.00 secs
Mon Aug 24 17:28:53 2026: Image # 236, module Metadata # 2: CPU_time = 0.00 secs, Wall_time = 0.00 secs
Mon Aug 24 17:28:53 2026: Image # 236, module NamesAndTypes # 3: CPU_time = 4.45 secs, Wall_time = 6.62 secs
Mon Aug 24 17:28:59 2026: Image # 236, module Groups # 4: CPU_time = 0.00 secs, Wall_time = 0.00 secs
Mon Aug 24 17:28:59 2026: Image # 236, module FilterObjects # 5: CPU_time = 1.49 secs, Wall_time = 1.49 secs
Mon Aug 24 17:29:01 2026: Image # 236, module FilterObjects # 6: CPU_time = 1.37 secs, Wall_time = 1.38 secs
Mon Aug 24 17:29:02 2026: Image # 236, module MaskImage # 7: CPU_time = 0.30 secs, Wall_time = 0.15 secs
Mon Aug 24 17:29:02 2026: Image # 236, module MaskImage # 8: CPU_time = 0.24 secs, Wall_time = 0.12 secs
Mon Aug 24 17:29:02 2026: Image # 236, module MaskObjects # 9: CPU_time = 0.54 secs, Wall_time = 0.54 secs
Mon Aug 24 17:29:03 2026: Image # 236, module ExpandOrShrinkObjects # 10: CPU_time = 0.91 secs, Wall_time = 0.91 secs
Mon Aug 24 17:29:04 2026: Image # 236, module ExpandOrShrinkObjects # 11: CPU_time = 0.94 secs, Wall_time = 0.94 secs
Mon Aug 24 17:29:05 2026: Image # 236, module MaskObjects # 12: CPU_time = 0.58 secs, Wall_time = 0.59 secs
Mon Aug 24 17:29:05 2026: Image # 236, module EnhanceOrSuppressFeatures # 13: CPU_time = 1.10 secs, Wall_time = 1.10 secs
Mon Aug 24 17:29:07 2026: Image # 236, module IdentifyPrimaryObjects # 14: CPU_time = 3.80 secs, Wall_time = 3.80 secs
Mon Aug 24 17:29:10 2026: Image # 236, module MaskObjects # 15: CPU_time = 0.55 secs, Wall_time = 0.56 secs
Mon Aug 24 17:29:11 2026: Image # 236, module RelateObjects # 16: CPU_time = 1.18 secs, Wall_time = 1.18 secs
Mon Aug 24 17:29:12 2026: Image # 236, module RelateObjects # 17: CPU_time = 1.15 secs, Wall_time = 1.16 secs
Mon Aug 24 17:29:13 2026: Image # 236, module MeasureObjectIntensity # 18: CPU_time = 17.21 secs, Wall_time = 17.19 secs
Mon Aug 24 17:29:30 2026: Image # 236, module RelateObjects # 19: CPU_time = 0.27 secs, Wall_time = 0.26 secs
Mon Aug 24 17:29:31 2026: Image # 236, module ExportToSpreadsheet # 20: CPU_time = 0.00 secs, Wall_time = 0.00 secs
Mon Aug 24 17:29:31 2026: Image # 237, module Images # 1: CPU_time = 0.00 secs, Wall_time = 0.00 secs
Mon Aug 24 17:29:31 2026: Image # 237, module Metadata # 2: CPU_time = 0.00 secs, Wall_time = 0.00 secs
Mon Aug 24 17:29:31 2026: Image # 237, module NamesAndTypes # 3: CPU_time = 4.30 secs, Wall_time = 5.67 secs
Mon Aug 24 17:29:36 2026: Image # 237, module Groups # 4: CPU_time = 0.00 secs, Wall_time = 0.00 secs
Mon Aug 24 17:29:36 2026: Image # 237, module FilterObjects # 5: CPU_time = 1.47 secs, Wall_time = 1.47 secs
Mon Aug 24 17:29:38 2026: Image # 237, module FilterObjects # 6: CPU_time = 1.35 secs, Wall_time = 1.35 secs
Mon Aug 24 17:29:39 2026: Image # 237, module MaskImage # 7: CPU_time = 0.25 secs, Wall_time = 0.12 secs
Mon Aug 24 17:29:39 2026: Image # 237, module MaskImage # 8: CPU_time = 0.24 secs, Wall_time = 0.13 secs
Mon Aug 24 17:29:39 2026: Image # 237, module MaskObjects # 9: CPU_time = 0.55 secs, Wall_time = 0.56 secs
Mon Aug 24 17:29:40 2026: Image # 237, module ExpandOrShrinkObjects # 10: CPU_time = 1.07 secs, Wall_time = 1.07 secs
Mon Aug 24 17:29:41 2026: Image # 237, module ExpandOrShrinkObjects # 11: CPU_time = 1.09 secs, Wall_time = 1.09 secs
Mon Aug 24 17:29:42 2026: Image # 237, module MaskObjects # 12: CPU_time = 0.61 secs, Wall_time = 0.61 secs
Mon Aug 24 17:29:43 2026: Image # 237, module EnhanceOrSuppressFeatures # 13: CPU_time = 1.10 secs, Wall_time = 1.10 secs
Mon Aug 24 17:29:44 2026: Image # 237, module IdentifyPrimaryObjects # 14: CPU_time = 3.75 secs, Wall_time = 3.97 secs
Mon Aug 24 17:29:48 2026: Image # 237, module MaskObjects # 15: CPU_time = 0.56 secs, Wall_time = 0.55 secs
Mon Aug 24 17:29:48 2026: Image # 237, module RelateObjects # 16: CPU_time = 1.13 secs, Wall_time = 1.13 secs
Mon Aug 24 17:29:50 2026: Image # 237, module RelateObjects # 17: CPU_time = 1.15 secs, Wall_time = 1.15 secs
Mon Aug 24 17:29:51 2026: Image # 237, module MeasureObjectIntensity # 18: CPU_time = 16.99 secs, Wall_time = 17.15 secs
Mon Aug 24 17:30:08 2026: Image # 237, module RelateObjects # 19: CPU_time = 0.25 secs, Wall_time = 0.25 secs
Mon Aug 24 17:30:08 2026: Image # 237, module ExportToSpreadsheet # 20: CPU_time = 0.00 secs, Wall_time = 0.00 secs
Mon Aug 24 17:30:08 2026: Image # 238, module Images # 1: CPU_time = 0.00 secs, Wall_time = 0.00 secs
Mon Aug 24 17:30:08 2026: Image # 238, module Metadata # 2: CPU_time = 0.00 secs, Wall_time = 0.00 secs
Mon Aug 24 17:30:08 2026: Image # 238, module NamesAndTypes # 3: CPU_time = 4.42 secs, Wall_time = 5.45 secs
Mon Aug 24 17:30:14 2026: Image # 238, module Groups # 4: CPU_time = 0.00 secs, Wall_time = 0.00 secs
Mon Aug 24 17:30:14 2026: Image # 238, module FilterObjects # 5: CPU_time = 1.35 secs, Wall_time = 1.36 secs
Mon Aug 24 17:30:15 2026: Image # 238, module FilterObjects # 6: CPU_time = 1.29 secs, Wall_time = 1.30 secs
Mon Aug 24 17:30:16 2026: Image # 238, module MaskImage # 7: CPU_time = 0.25 secs, Wall_time = 0.13 secs
Mon Aug 24 17:30:16 2026: Image # 238, module MaskImage # 8: CPU_time = 0.22 secs, Wall_time = 0.12 secs
Mon Aug 24 17:30:17 2026: Image # 238, module MaskObjects # 9: CPU_time = 0.54 secs, Wall_time = 0.53 secs
Mon Aug 24 17:30:17 2026: Image # 238, module ExpandOrShrinkObjects # 10: CPU_time = 0.90 secs, Wall_time = 0.90 secs
Mon Aug 24 17:30:18 2026: Image # 238, module ExpandOrShrinkObjects # 11: CPU_time = 0.97 secs, Wall_time = 0.97 secs
Mon Aug 24 17:30:19 2026: Image # 238, module MaskObjects # 12: CPU_time = 0.58 secs, Wall_time = 0.59 secs
Mon Aug 24 17:30:20 2026: Image # 238, module EnhanceOrSuppressFeatures # 13: CPU_time = 1.10 secs, Wall_time = 1.10 secs
Mon Aug 24 17:30:21 2026: Image # 238, module IdentifyPrimaryObjects # 14: CPU_time = 3.67 secs, Wall_time = 3.67 secs
Mon Aug 24 17:30:24 2026: Image # 238, module MaskObjects # 15: CPU_time = 0.53 secs, Wall_time = 0.53 secs
Mon Aug 24 17:30:25 2026: Image # 238, module RelateObjects # 16: CPU_time = 1.08 secs, Wall_time = 1.07 secs
Mon Aug 24 17:30:26 2026: Image # 238, module RelateObjects # 17: CPU_time = 1.06 secs, Wall_time = 1.06 secs
Mon Aug 24 17:30:27 2026: Image # 238, module MeasureObjectIntensity # 18: CPU_time = 15.80 secs, Wall_time = 15.78 secs
Mon Aug 24 17:30:43 2026: Image # 238, module RelateObjects # 19: CPU_time = 0.23 secs, Wall_time = 0.23 secs
Mon Aug 24 17:30:43 2026: Image # 238, module ExportToSpreadsheet # 20: CPU_time = 0.00 secs, Wall_time = 0.00 secs
Mon Aug 24 17:30:43 2026: Image # 239, module Images # 1: CPU_time = 0.00 secs, Wall_time = 0.00 secs
Mon Aug 24 17:30:43 2026: Image # 239, module Metadata # 2: CPU_time = 0.00 secs, Wall_time = 0.00 secs
Mon Aug 24 17:30:43 2026: Image # 239, module NamesAndTypes # 3: CPU_time = 4.25 secs, Wall_time = 4.84 secs
Mon Aug 24 17:30:48 2026: Image # 239, module Groups # 4: CPU_time = 0.00 secs, Wall_time = 0.00 secs
Mon Aug 24 17:30:48 2026: Image # 239, module FilterObjects # 5: CPU_time = 1.33 secs, Wall_time = 1.32 secs
Mon Aug 24 17:30:49 2026: Image # 239, module FilterObjects # 6: CPU_time = 1.28 secs, Wall_time = 1.28 secs
Mon Aug 24 17:30:50 2026: Image # 239, module MaskImage # 7: CPU_time = 0.26 secs, Wall_time = 0.13 secs
Mon Aug 24 17:30:51 2026: Image # 239, module MaskImage # 8: CPU_time = 0.12 secs, Wall_time = 0.12 secs
Mon Aug 24 17:30:51 2026: Image # 239, module MaskObjects # 9: CPU_time = 0.54 secs, Wall_time = 0.55 secs
Mon Aug 24 17:30:51 2026: Image # 239, module ExpandOrShrinkObjects # 10: CPU_time = 0.85 secs, Wall_time = 0.85 secs
Mon Aug 24 17:30:52 2026: Image # 239, module ExpandOrShrinkObjects # 11: CPU_time = 1.06 secs, Wall_time = 1.06 secs
Mon Aug 24 17:30:53 2026: Image # 239, module MaskObjects # 12: CPU_time = 0.62 secs, Wall_time = 0.61 secs
Mon Aug 24 17:30:54 2026: Image # 239, module EnhanceOrSuppressFeatures # 13: CPU_time = 1.11 secs, Wall_time = 1.11 secs
Mon Aug 24 17:30:55 2026: Image # 239, module IdentifyPrimaryObjects # 14: CPU_time = 3.36 secs, Wall_time = 3.36 secs
Mon Aug 24 17:30:58 2026: Image # 239, module MaskObjects # 15: CPU_time = 0.54 secs, Wall_time = 0.54 secs
Mon Aug 24 17:30:59 2026: Image # 239, module RelateObjects # 16: CPU_time = 0.99 secs, Wall_time = 0.99 secs
Mon Aug 24 17:31:00 2026: Image # 239, module RelateObjects # 17: CPU_time = 1.03 secs, Wall_time = 1.02 secs
Mon Aug 24 17:31:01 2026: Image # 239, module MeasureObjectIntensity # 18: CPU_time = 16.07 secs, Wall_time = 16.05 secs
Mon Aug 24 17:31:17 2026: Image # 239, module RelateObjects # 19: CPU_time = 0.21 secs, Wall_time = 0.22 secs
Mon Aug 24 17:31:17 2026: Image # 239, module ExportToSpreadsheet # 20: CPU_time = 0.00 secs, Wall_time = 0.00 secs
Mon Aug 24 17:31:17 2026: Image # 240, module Images # 1: CPU_time = 0.00 secs, Wall_time = 0.00 secs
Mon Aug 24 17:31:17 2026: Image # 240, module Metadata # 2: CPU_time = 0.00 secs, Wall_time = 0.00 secs
Mon Aug 24 17:31:17 2026: Image # 240, module NamesAndTypes # 3: CPU_time = 4.41 secs, Wall_time = 5.91 secs
Mon Aug 24 17:31:23 2026: Image # 240, module Groups # 4: CPU_time = 0.00 secs, Wall_time = 0.00 secs
Mon Aug 24 17:31:23 2026: Image # 240, module FilterObjects # 5: CPU_time = 1.54 secs, Wall_time = 1.52 secs
Mon Aug 24 17:31:25 2026: Image # 240, module FilterObjects # 6: CPU_time = 1.37 secs, Wall_time = 1.37 secs
Mon Aug 24 17:31:26 2026: Image # 240, module MaskImage # 7: CPU_time = 0.21 secs, Wall_time = 0.10 secs
Mon Aug 24 17:31:26 2026: Image # 240, module MaskImage # 8: CPU_time = 0.24 secs, Wall_time = 0.11 secs
Mon Aug 24 17:31:26 2026: Image # 240, module MaskObjects # 9: CPU_time = 0.56 secs, Wall_time = 0.55 secs
Mon Aug 24 17:31:27 2026: Image # 240, module ExpandOrShrinkObjects # 10: CPU_time = 0.89 secs, Wall_time = 0.89 secs
Mon Aug 24 17:31:28 2026: Image # 240, module ExpandOrShrinkObjects # 11: CPU_time = 0.95 secs, Wall_time = 0.94 secs
Mon Aug 24 17:31:29 2026: Image # 240, module MaskObjects # 12: CPU_time = 0.61 secs, Wall_time = 0.61 secs
Mon Aug 24 17:31:29 2026: Image # 240, module EnhanceOrSuppressFeatures # 13: CPU_time = 1.10 secs, Wall_time = 1.11 secs
Mon Aug 24 17:31:30 2026: Image # 240, module IdentifyPrimaryObjects # 14: CPU_time = 3.64 secs, Wall_time = 3.63 secs
Mon Aug 24 17:31:34 2026: Image # 240, module MaskObjects # 15: CPU_time = 0.52 secs, Wall_time = 0.53 secs
Mon Aug 24 17:31:34 2026: Image # 240, module RelateObjects # 16: CPU_time = 1.19 secs, Wall_time = 1.19 secs
Mon Aug 24 17:31:36 2026: Image # 240, module RelateObjects # 17: CPU_time = 1.23 secs, Wall_time = 1.23 secs
Mon Aug 24 17:31:37 2026: Image # 240, module MeasureObjectIntensity # 18: CPU_time = 17.26 secs, Wall_time = 17.25 secs
Mon Aug 24 17:31:54 2026: Image # 240, module RelateObjects # 19: CPU_time = 0.27 secs, Wall_time = 0.26 secs
Mon Aug 24 17:31:54 2026: Image # 240, module ExportToSpreadsheet # 20: CPU_time = 0.00 secs, Wall_time = 0.01 secs
Mon Aug 24 17:31:54 2026: Image # 241, module Images # 1: CPU_time = 0.00 secs, Wall_time = 0.00 secs
Mon Aug 24 17:31:54 2026: Image # 241, module Metadata # 2: CPU_time = 0.00 secs, Wall_time = 0.00 secs
Mon Aug 24 17:31:54 2026: Image # 241, module NamesAndTypes # 3: CPU_time = 4.05 secs, Wall_time = 6.65 secs
Mon Aug 24 17:32:01 2026: Image # 241, module Groups # 4: CPU_time = 0.00 secs, Wall_time = 0.00 secs
Mon Aug 24 17:32:01 2026: Image # 241, module FilterObjects # 5: CPU_time = 1.44 secs, Wall_time = 1.43 secs
Mon Aug 24 17:32:02 2026: Image # 241, module FilterObjects # 6: CPU_time = 1.33 secs, Wall_time = 1.34 secs
Mon Aug 24 17:32:04 2026: Image # 241, module MaskImage # 7: CPU_time = 0.11 secs, Wall_time = 0.12 secs
Mon Aug 24 17:32:04 2026: Image # 241, module MaskImage # 8: CPU_time = 0.32 secs, Wall_time = 0.16 secs
Mon Aug 24 17:32:04 2026: Image # 241, module MaskObjects # 9: CPU_time = 0.53 secs, Wall_time = 0.53 secs
Mon Aug 24 17:32:05 2026: Image # 241, module ExpandOrShrinkObjects # 10: CPU_time = 0.90 secs, Wall_time = 0.90 secs
Mon Aug 24 17:32:06 2026: Image # 241, module ExpandOrShrinkObjects # 11: CPU_time = 0.95 secs, Wall_time = 0.94 secs
Mon Aug 24 17:32:06 2026: Image # 241, module MaskObjects # 12: CPU_time = 0.58 secs, Wall_time = 0.58 secs
Mon Aug 24 17:32:07 2026: Image # 241, module EnhanceOrSuppressFeatures # 13: CPU_time = 1.09 secs, Wall_time = 1.09 secs
Mon Aug 24 17:32:08 2026: Image # 241, module IdentifyPrimaryObjects # 14: CPU_time = 3.65 secs, Wall_time = 3.65 secs
Mon Aug 24 17:32:12 2026: Image # 241, module MaskObjects # 15: CPU_time = 0.54 secs, Wall_time = 0.55 secs
Mon Aug 24 17:32:12 2026: Image # 241, module RelateObjects # 16: CPU_time = 1.17 secs, Wall_time = 1.16 secs
Mon Aug 24 17:32:14 2026: Image # 241, module RelateObjects # 17: CPU_time = 1.17 secs, Wall_time = 1.17 secs
Mon Aug 24 17:32:15 2026: Image # 241, module MeasureObjectIntensity # 18: CPU_time = 16.81 secs, Wall_time = 16.80 secs
Mon Aug 24 17:32:31 2026: Image # 241, module RelateObjects # 19: CPU_time = 0.25 secs, Wall_time = 0.25 secs
Mon Aug 24 17:32:32 2026: Image # 241, module ExportToSpreadsheet # 20: CPU_time = 0.00 secs, Wall_time = 0.00 secs
Mon Aug 24 17:32:32 2026: Image # 242, module Images # 1: CPU_time = 0.00 secs, Wall_time = 0.00 secs
Mon Aug 24 17:32:32 2026: Image # 242, module Metadata # 2: CPU_time = 0.00 secs, Wall_time = 0.00 secs
Mon Aug 24 17:32:32 2026: Image # 242, module NamesAndTypes # 3: CPU_time = 4.23 secs, Wall_time = 5.61 secs
Mon Aug 24 17:32:37 2026: Image # 242, module Groups # 4: CPU_time = 0.00 secs, Wall_time = 0.00 secs
Mon Aug 24 17:32:37 2026: Image # 242, module FilterObjects # 5: CPU_time = 1.47 secs, Wall_time = 1.47 secs
Mon Aug 24 17:32:39 2026: Image # 242, module FilterObjects # 6: CPU_time = 1.35 secs, Wall_time = 1.34 secs
Mon Aug 24 17:32:40 2026: Image # 242, module MaskImage # 7: CPU_time = 0.26 secs, Wall_time = 0.12 secs
Mon Aug 24 17:32:40 2026: Image # 242, module MaskImage # 8: CPU_time = 0.14 secs, Wall_time = 0.12 secs
Mon Aug 24 17:32:41 2026: Image # 242, module MaskObjects # 9: CPU_time = 0.55 secs, Wall_time = 0.55 secs
Mon Aug 24 17:32:41 2026: Image # 242, module ExpandOrShrinkObjects # 10: CPU_time = 0.89 secs, Wall_time = 0.87 secs
Mon Aug 24 17:32:42 2026: Image # 242, module ExpandOrShrinkObjects # 11: CPU_time = 0.92 secs, Wall_time = 0.93 secs
Mon Aug 24 17:32:43 2026: Image # 242, module MaskObjects # 12: CPU_time = 0.62 secs, Wall_time = 0.62 secs
Mon Aug 24 17:32:43 2026: Image # 242, module EnhanceOrSuppressFeatures # 13: CPU_time = 1.09 secs, Wall_time = 1.09 secs
Mon Aug 24 17:32:45 2026: Image # 242, module IdentifyPrimaryObjects # 14: CPU_time = 3.55 secs, Wall_time = 3.55 secs
Mon Aug 24 17:32:48 2026: Image # 242, module MaskObjects # 15: CPU_time = 0.56 secs, Wall_time = 0.56 secs
Mon Aug 24 17:32:49 2026: Image # 242, module RelateObjects # 16: CPU_time = 1.14 secs, Wall_time = 1.14 secs
Mon Aug 24 17:32:50 2026: Image # 242, module RelateObjects # 17: CPU_time = 1.17 secs, Wall_time = 1.17 secs
Mon Aug 24 17:32:51 2026: Image # 242, module MeasureObjectIntensity # 18: CPU_time = 16.86 secs, Wall_time = 16.85 secs
Mon Aug 24 17:33:08 2026: Image # 242, module RelateObjects # 19: CPU_time = 0.25 secs, Wall_time = 0.26 secs
Mon Aug 24 17:33:08 2026: Image # 242, module ExportToSpreadsheet # 20: CPU_time = 0.00 secs, Wall_time = 0.00 secs
Mon Aug 24 17:33:08 2026: Image # 243, module Images # 1: CPU_time = 0.00 secs, Wall_time = 0.00 secs
Mon Aug 24 17:33:08 2026: Image # 243, module Metadata # 2: CPU_time = 0.00 secs, Wall_time = 0.00 secs
Mon Aug 24 17:33:08 2026: Image # 243, module NamesAndTypes # 3: CPU_time = 4.32 secs, Wall_time = 6.11 secs
Mon Aug 24 17:33:14 2026: Image # 243, module Groups # 4: CPU_time = 0.00 secs, Wall_time = 0.00 secs
Mon Aug 24 17:33:14 2026: Image # 243, module FilterObjects # 5: CPU_time = 1.30 secs, Wall_time = 1.30 secs
Mon Aug 24 17:33:16 2026: Image # 243, module FilterObjects # 6: CPU_time = 1.25 secs, Wall_time = 1.25 secs
Mon Aug 24 17:33:17 2026: Image # 243, module MaskImage # 7: CPU_time = 0.29 secs, Wall_time = 0.13 secs
Mon Aug 24 17:33:17 2026: Image # 243, module MaskImage # 8: CPU_time = 0.12 secs, Wall_time = 0.11 secs
Mon Aug 24 17:33:17 2026: Image # 243, module MaskObjects # 9: CPU_time = 0.55 secs, Wall_time = 0.54 secs
Mon Aug 24 17:33:18 2026: Image # 243, module ExpandOrShrinkObjects # 10: CPU_time = 0.80 secs, Wall_time = 0.80 secs
Mon Aug 24 17:33:18 2026: Image # 243, module ExpandOrShrinkObjects # 11: CPU_time = 0.93 secs, Wall_time = 0.93 secs
Mon Aug 24 17:33:19 2026: Image # 243, module MaskObjects # 12: CPU_time = 0.62 secs, Wall_time = 0.62 secs
Mon Aug 24 17:33:20 2026: Image # 243, module EnhanceOrSuppressFeatures # 13: CPU_time = 1.10 secs, Wall_time = 1.10 secs
Mon Aug 24 17:33:21 2026: Image # 243, module IdentifyPrimaryObjects # 14: CPU_time = 3.39 secs, Wall_time = 3.39 secs
Mon Aug 24 17:33:25 2026: Image # 243, module MaskObjects # 15: CPU_time = 0.51 secs, Wall_time = 0.51 secs
Mon Aug 24 17:33:25 2026: Image # 243, module RelateObjects # 16: CPU_time = 0.98 secs, Wall_time = 0.98 secs
Mon Aug 24 17:33:26 2026: Image # 243, module RelateObjects # 17: CPU_time = 1.00 secs, Wall_time = 1.00 secs
Mon Aug 24 17:33:27 2026: Image # 243, module MeasureObjectIntensity # 18: CPU_time = 15.40 secs, Wall_time = 15.44 secs
Mon Aug 24 17:33:42 2026: Image # 243, module RelateObjects # 19: CPU_time = 0.21 secs, Wall_time = 0.21 secs
Mon Aug 24 17:33:43 2026: Image # 243, module ExportToSpreadsheet # 20: CPU_time = 0.00 secs, Wall_time = 0.00 secs
Mon Aug 24 17:33:43 2026: Image # 244, module Images # 1: CPU_time = 0.00 secs, Wall_time = 0.00 secs
Mon Aug 24 17:33:43 2026: Image # 244, module Metadata # 2: CPU_time = 0.00 secs, Wall_time = 0.00 secs
Mon Aug 24 17:33:43 2026: Image # 244, module NamesAndTypes # 3: CPU_time = 4.55 secs, Wall_time = 5.85 secs
Mon Aug 24 17:33:49 2026: Image # 244, module Groups # 4: CPU_time = 0.00 secs, Wall_time = 0.00 secs
Mon Aug 24 17:33:49 2026: Image # 244, module FilterObjects # 5: CPU_time = 1.41 secs, Wall_time = 1.41 secs
Mon Aug 24 17:33:50 2026: Image # 244, module FilterObjects # 6: CPU_time = 1.34 secs, Wall_time = 1.34 secs
Mon Aug 24 17:33:51 2026: Image # 244, module MaskImage # 7: CPU_time = 0.24 secs, Wall_time = 0.12 secs
Mon Aug 24 17:33:51 2026: Image # 244, module MaskImage # 8: CPU_time = 0.26 secs, Wall_time = 0.13 secs
Mon Aug 24 17:33:52 2026: Image # 244, module MaskObjects # 9: CPU_time = 0.56 secs, Wall_time = 0.56 secs
Mon Aug 24 17:33:52 2026: Image # 244, module ExpandOrShrinkObjects # 10: CPU_time = 0.86 secs, Wall_time = 0.86 secs
Mon Aug 24 17:33:53 2026: Image # 244, module ExpandOrShrinkObjects # 11: CPU_time = 0.88 secs, Wall_time = 0.88 secs
Mon Aug 24 17:33:54 2026: Image # 244, module MaskObjects # 12: CPU_time = 0.59 secs, Wall_time = 0.60 secs
Mon Aug 24 17:33:54 2026: Image # 244, module EnhanceOrSuppressFeatures # 13: CPU_time = 1.09 secs, Wall_time = 1.09 secs
Mon Aug 24 17:33:56 2026: Image # 244, module IdentifyPrimaryObjects # 14: CPU_time = 3.71 secs, Wall_time = 3.70 secs
Mon Aug 24 17:33:59 2026: Image # 244, module MaskObjects # 15: CPU_time = 0.55 secs, Wall_time = 0.55 secs
Mon Aug 24 17:34:00 2026: Image # 244, module RelateObjects # 16: CPU_time = 1.10 secs, Wall_time = 1.10 secs
Mon Aug 24 17:34:01 2026: Image # 244, module RelateObjects # 17: CPU_time = 1.10 secs, Wall_time = 1.11 secs
Mon Aug 24 17:34:02 2026: Image # 244, module MeasureObjectIntensity # 18: CPU_time = 16.65 secs, Wall_time = 16.63 secs
Mon Aug 24 17:34:19 2026: Image # 244, module RelateObjects # 19: CPU_time = 0.24 secs, Wall_time = 0.23 secs
Mon Aug 24 17:34:19 2026: Image # 244, module ExportToSpreadsheet # 20: CPU_time = 0.01 secs, Wall_time = 0.00 secs
Mon Aug 24 17:34:19 2026: Image # 245, module Images # 1: CPU_time = 0.00 secs, Wall_time = 0.00 secs
Mon Aug 24 17:34:19 2026: Image # 245, module Metadata # 2: CPU_time = 0.00 secs, Wall_time = 0.00 secs
Mon Aug 24 17:34:19 2026: Image # 245, module NamesAndTypes # 3: CPU_time = 4.27 secs, Wall_time = 4.96 secs
Mon Aug 24 17:34:24 2026: Image # 245, module Groups # 4: CPU_time = 0.00 secs, Wall_time = 0.00 secs
Mon Aug 24 17:34:24 2026: Image # 245, module FilterObjects # 5: CPU_time = 1.22 secs, Wall_time = 1.21 secs
Mon Aug 24 17:34:25 2026: Image # 245, module FilterObjects # 6: CPU_time = 1.22 secs, Wall_time = 1.21 secs
Mon Aug 24 17:34:26 2026: Image # 245, module MaskImage # 7: CPU_time = 0.31 secs, Wall_time = 0.15 secs
Mon Aug 24 17:34:26 2026: Image # 245, module MaskImage # 8: CPU_time = 0.25 secs, Wall_time = 0.12 secs
Mon Aug 24 17:34:27 2026: Image # 245, module MaskObjects # 9: CPU_time = 0.54 secs, Wall_time = 0.54 secs
Mon Aug 24 17:34:27 2026: Image # 245, module ExpandOrShrinkObjects # 10: CPU_time = 0.70 secs, Wall_time = 0.70 secs
Mon Aug 24 17:34:28 2026: Image # 245, module ExpandOrShrinkObjects # 11: CPU_time = 0.81 secs, Wall_time = 0.80 secs
Mon Aug 24 17:34:29 2026: Image # 245, module MaskObjects # 12: CPU_time = 0.63 secs, Wall_time = 0.63 secs
Mon Aug 24 17:34:29 2026: Image # 245, module EnhanceOrSuppressFeatures # 13: CPU_time = 1.12 secs, Wall_time = 1.12 secs
Mon Aug 24 17:34:30 2026: Image # 245, module IdentifyPrimaryObjects # 14: CPU_time = 3.36 secs, Wall_time = 3.35 secs
Mon Aug 24 17:34:34 2026: Image # 245, module MaskObjects # 15: CPU_time = 0.52 secs, Wall_time = 0.52 secs
Mon Aug 24 17:34:34 2026: Image # 245, module RelateObjects # 16: CPU_time = 0.84 secs, Wall_time = 0.83 secs
Mon Aug 24 17:34:35 2026: Image # 245, module RelateObjects # 17: CPU_time = 0.84 secs, Wall_time = 0.84 secs
Mon Aug 24 17:34:36 2026: Image # 245, module MeasureObjectIntensity # 18: CPU_time = 15.21 secs, Wall_time = 15.25 secs
Mon Aug 24 17:34:51 2026: Image # 245, module RelateObjects # 19: CPU_time = 0.17 secs, Wall_time = 0.17 secs
Mon Aug 24 17:34:51 2026: Image # 245, module ExportToSpreadsheet # 20: CPU_time = 0.00 secs, Wall_time = 0.00 secs
Mon Aug 24 17:34:51 2026: Image # 246, module Images # 1: CPU_time = 0.00 secs, Wall_time = 0.00 secs
Mon Aug 24 17:34:51 2026: Image # 246, module Metadata # 2: CPU_time = 0.00 secs, Wall_time = 0.00 secs
Mon Aug 24 17:34:51 2026: Image # 246, module NamesAndTypes # 3: CPU_time = 4.14 secs, Wall_time = 5.45 secs
Mon Aug 24 17:34:57 2026: Image # 246, module Groups # 4: CPU_time = 0.00 secs, Wall_time = 0.00 secs
Mon Aug 24 17:34:57 2026: Image # 246, module FilterObjects # 5: CPU_time = 1.30 secs, Wall_time = 1.31 secs
Mon Aug 24 17:34:58 2026: Image # 246, module FilterObjects # 6: CPU_time = 1.25 secs, Wall_time = 1.25 secs
Mon Aug 24 17:34:59 2026: Image # 246, module MaskImage # 7: CPU_time = 0.32 secs, Wall_time = 0.16 secs
Mon Aug 24 17:35:00 2026: Image # 246, module MaskImage # 8: CPU_time = 0.25 secs, Wall_time = 0.12 secs
Mon Aug 24 17:35:00 2026: Image # 246, module MaskObjects # 9: CPU_time = 0.54 secs, Wall_time = 0.54 secs
Mon Aug 24 17:35:00 2026: Image # 246, module ExpandOrShrinkObjects # 10: CPU_time = 0.96 secs, Wall_time = 0.96 secs
Mon Aug 24 17:35:01 2026: Image # 246, module ExpandOrShrinkObjects # 11: CPU_time = 1.01 secs, Wall_time = 1.02 secs
Mon Aug 24 17:35:02 2026: Image # 246, module MaskObjects # 12: CPU_time = 0.61 secs, Wall_time = 0.60 secs
Mon Aug 24 17:35:03 2026: Image # 246, module EnhanceOrSuppressFeatures # 13: CPU_time = 1.09 secs, Wall_time = 1.09 secs
Mon Aug 24 17:35:04 2026: Image # 246, module IdentifyPrimaryObjects # 14: CPU_time = 3.44 secs, Wall_time = 3.44 secs
Mon Aug 24 17:35:07 2026: Image # 246, module MaskObjects # 15: CPU_time = 0.55 secs, Wall_time = 0.55 secs
Mon Aug 24 17:35:08 2026: Image # 246, module RelateObjects # 16: CPU_time = 0.98 secs, Wall_time = 0.98 secs
Mon Aug 24 17:35:09 2026: Image # 246, module RelateObjects # 17: CPU_time = 0.97 secs, Wall_time = 0.98 secs
Mon Aug 24 17:35:10 2026: Image # 246, module MeasureObjectIntensity # 18: CPU_time = 15.70 secs, Wall_time = 15.69 secs
Mon Aug 24 17:35:26 2026: Image # 246, module RelateObjects # 19: CPU_time = 0.20 secs, Wall_time = 0.20 secs
Mon Aug 24 17:35:26 2026: Image # 246, module ExportToSpreadsheet # 20: CPU_time = 0.00 secs, Wall_time = 0.00 secs
Mon Aug 24 17:35:26 2026: Image # 247, module Images # 1: CPU_time = 0.00 secs, Wall_time = 0.00 secs
Mon Aug 24 17:35:26 2026: Image # 247, module Metadata # 2: CPU_time = 0.00 secs, Wall_time = 0.00 secs
Mon Aug 24 17:35:26 2026: Image # 247, module NamesAndTypes # 3: CPU_time = 4.04 secs, Wall_time = 5.52 secs
Mon Aug 24 17:35:31 2026: Image # 247, module Groups # 4: CPU_time = 0.00 secs, Wall_time = 0.00 secs
Mon Aug 24 17:35:31 2026: Image # 247, module FilterObjects # 5: CPU_time = 1.43 secs, Wall_time = 1.43 secs
Mon Aug 24 17:35:33 2026: Image # 247, module FilterObjects # 6: CPU_time = 1.35 secs, Wall_time = 1.35 secs
Mon Aug 24 17:35:34 2026: Image # 247, module MaskImage # 7: CPU_time = 0.12 secs, Wall_time = 0.11 secs
Mon Aug 24 17:35:34 2026: Image # 247, module MaskImage # 8: CPU_time = 0.24 secs, Wall_time = 0.11 secs
Mon Aug 24 17:35:34 2026: Image # 247, module MaskObjects # 9: CPU_time = 0.53 secs, Wall_time = 0.53 secs
Mon Aug 24 17:35:35 2026: Image # 247, module ExpandOrShrinkObjects # 10: CPU_time = 0.82 secs, Wall_time = 0.83 secs
Mon Aug 24 17:35:36 2026: Image # 247, module ExpandOrShrinkObjects # 11: CPU_time = 0.90 secs, Wall_time = 0.90 secs
Mon Aug 24 17:35:37 2026: Image # 247, module MaskObjects # 12: CPU_time = 0.63 secs, Wall_time = 0.63 secs
Mon Aug 24 17:35:37 2026: Image # 247, module EnhanceOrSuppressFeatures # 13: CPU_time = 1.11 secs, Wall_time = 1.11 secs
Mon Aug 24 17:35:38 2026: Image # 247, module IdentifyPrimaryObjects # 14: CPU_time = 3.74 secs, Wall_time = 3.74 secs
Mon Aug 24 17:35:42 2026: Image # 247, module MaskObjects # 15: CPU_time = 0.56 secs, Wall_time = 0.56 secs
Mon Aug 24 17:35:43 2026: Image # 247, module RelateObjects # 16: CPU_time = 1.10 secs, Wall_time = 1.10 secs
Mon Aug 24 17:35:44 2026: Image # 247, module RelateObjects # 17: CPU_time = 1.08 secs, Wall_time = 1.08 secs
Mon Aug 24 17:35:45 2026: Image # 247, module MeasureObjectIntensity # 18: CPU_time = 16.46 secs, Wall_time = 16.45 secs
Mon Aug 24 17:36:01 2026: Image # 247, module RelateObjects # 19: CPU_time = 0.23 secs, Wall_time = 0.23 secs
Mon Aug 24 17:36:02 2026: Image # 247, module ExportToSpreadsheet # 20: CPU_time = 0.00 secs, Wall_time = 0.00 secs
Mon Aug 24 17:36:02 2026: Image # 248, module Images # 1: CPU_time = 0.00 secs, Wall_time = 0.00 secs
Mon Aug 24 17:36:02 2026: Image # 248, module Metadata # 2: CPU_time = 0.00 secs, Wall_time = 0.00 secs
Mon Aug 24 17:36:02 2026: Image # 248, module NamesAndTypes # 3: CPU_time = 4.39 secs, Wall_time = 5.74 secs
Mon Aug 24 17:36:07 2026: Image # 248, module Groups # 4: CPU_time = 0.00 secs, Wall_time = 0.00 secs
Mon Aug 24 17:36:07 2026: Image # 248, module FilterObjects # 5: CPU_time = 1.55 secs, Wall_time = 1.55 secs
Mon Aug 24 17:36:09 2026: Image # 248, module FilterObjects # 6: CPU_time = 1.44 secs, Wall_time = 1.44 secs
Mon Aug 24 17:36:10 2026: Image # 248, module MaskImage # 7: CPU_time = 0.23 secs, Wall_time = 0.11 secs
Mon Aug 24 17:36:10 2026: Image # 248, module MaskImage # 8: CPU_time = 0.25 secs, Wall_time = 0.11 secs
Mon Aug 24 17:36:11 2026: Image # 248, module MaskObjects # 9: CPU_time = 0.53 secs, Wall_time = 0.53 secs
Mon Aug 24 17:36:11 2026: Image # 248, module ExpandOrShrinkObjects # 10: CPU_time = 0.98 secs, Wall_time = 0.97 secs
Mon Aug 24 17:36:12 2026: Image # 248, module ExpandOrShrinkObjects # 11: CPU_time = 1.01 secs, Wall_time = 1.01 secs
Mon Aug 24 17:36:13 2026: Image # 248, module MaskObjects # 12: CPU_time = 0.56 secs, Wall_time = 0.56 secs
Mon Aug 24 17:36:14 2026: Image # 248, module EnhanceOrSuppressFeatures # 13: CPU_time = 1.08 secs, Wall_time = 1.08 secs
Mon Aug 24 17:36:15 2026: Image # 248, module IdentifyPrimaryObjects # 14: CPU_time = 3.81 secs, Wall_time = 3.82 secs
Mon Aug 24 17:36:19 2026: Image # 248, module MaskObjects # 15: CPU_time = 0.58 secs, Wall_time = 0.57 secs
Mon Aug 24 17:36:19 2026: Image # 248, module RelateObjects # 16: CPU_time = 1.32 secs, Wall_time = 1.32 secs
Mon Aug 24 17:36:20 2026: Image # 248, module RelateObjects # 17: CPU_time = 1.32 secs, Wall_time = 1.32 secs
Mon Aug 24 17:36:22 2026: Image # 248, module MeasureObjectIntensity # 18: CPU_time = 18.16 secs, Wall_time = 18.14 secs
Mon Aug 24 17:36:40 2026: Image # 248, module RelateObjects # 19: CPU_time = 0.29 secs, Wall_time = 0.29 secs
Mon Aug 24 17:36:40 2026: Image # 248, module ExportToSpreadsheet # 20: CPU_time = 0.00 secs, Wall_time = 0.00 secs
Mon Aug 24 17:36:40 2026: Image # 249, module Images # 1: CPU_time = 0.00 secs, Wall_time = 0.00 secs
Mon Aug 24 17:36:40 2026: Image # 249, module Metadata # 2: CPU_time = 0.00 secs, Wall_time = 0.00 secs
Mon Aug 24 17:36:40 2026: Image # 249, module NamesAndTypes # 3: CPU_time = 4.12 secs, Wall_time = 5.26 secs
Mon Aug 24 17:36:45 2026: Image # 249, module Groups # 4: CPU_time = 0.00 secs, Wall_time = 0.00 secs
Mon Aug 24 17:36:45 2026: Image # 249, module FilterObjects # 5: CPU_time = 1.25 secs, Wall_time = 1.25 secs
Mon Aug 24 17:36:47 2026: Image # 249, module FilterObjects # 6: CPU_time = 1.24 secs, Wall_time = 1.24 secs
Mon Aug 24 17:36:48 2026: Image # 249, module MaskImage # 7: CPU_time = 0.25 secs, Wall_time = 0.11 secs
Mon Aug 24 17:36:48 2026: Image # 249, module MaskImage # 8: CPU_time = 0.29 secs, Wall_time = 0.14 secs
Mon Aug 24 17:36:48 2026: Image # 249, module MaskObjects # 9: CPU_time = 0.58 secs, Wall_time = 0.57 secs
Mon Aug 24 17:36:49 2026: Image # 249, module ExpandOrShrinkObjects # 10: CPU_time = 0.79 secs, Wall_time = 0.79 secs
Mon Aug 24 17:36:50 2026: Image # 249, module ExpandOrShrinkObjects # 11: CPU_time = 0.81 secs, Wall_time = 0.81 secs
Mon Aug 24 17:36:50 2026: Image # 249, module MaskObjects # 12: CPU_time = 0.66 secs, Wall_time = 0.65 secs
Mon Aug 24 17:36:51 2026: Image # 249, module EnhanceOrSuppressFeatures # 13: CPU_time = 1.09 secs, Wall_time = 1.10 secs
Mon Aug 24 17:36:52 2026: Image # 249, module IdentifyPrimaryObjects # 14: CPU_time = 3.49 secs, Wall_time = 3.49 secs
Mon Aug 24 17:36:56 2026: Image # 249, module MaskObjects # 15: CPU_time = 0.53 secs, Wall_time = 0.52 secs
Mon Aug 24 17:36:56 2026: Image # 249, module RelateObjects # 16: CPU_time = 0.92 secs, Wall_time = 0.91 secs
Mon Aug 24 17:36:57 2026: Image # 249, module RelateObjects # 17: CPU_time = 0.94 secs, Wall_time = 0.94 secs
Mon Aug 24 17:36:58 2026: Image # 249, module MeasureObjectIntensity # 18: CPU_time = 15.88 secs, Wall_time = 15.86 secs
Mon Aug 24 17:37:14 2026: Image # 249, module RelateObjects # 19: CPU_time = 0.19 secs, Wall_time = 0.20 secs
Mon Aug 24 17:37:14 2026: Image # 249, module ExportToSpreadsheet # 20: CPU_time = 0.00 secs, Wall_time = 0.00 secs
Mon Aug 24 17:37:14 2026: Image # 250, module Images # 1: CPU_time = 0.00 secs, Wall_time = 0.00 secs
Mon Aug 24 17:37:14 2026: Image # 250, module Metadata # 2: CPU_time = 0.00 secs, Wall_time = 0.00 secs
Mon Aug 24 17:37:14 2026: Image # 250, module NamesAndTypes # 3: CPU_time = 4.26 secs, Wall_time = 5.69 secs
Mon Aug 24 17:37:20 2026: Image # 250, module Groups # 4: CPU_time = 0.00 secs, Wall_time = 0.00 secs
Mon Aug 24 17:37:20 2026: Image # 250, module FilterObjects # 5: CPU_time = 1.42 secs, Wall_time = 1.41 secs
Mon Aug 24 17:37:21 2026: Image # 250, module FilterObjects # 6: CPU_time = 1.32 secs, Wall_time = 1.32 secs
Mon Aug 24 17:37:23 2026: Image # 250, module MaskImage # 7: CPU_time = 0.29 secs, Wall_time = 0.14 secs
Mon Aug 24 17:37:23 2026: Image # 250, module MaskImage # 8: CPU_time = 0.24 secs, Wall_time = 0.12 secs
Mon Aug 24 17:37:23 2026: Image # 250, module MaskObjects # 9: CPU_time = 0.55 secs, Wall_time = 0.56 secs
Mon Aug 24 17:37:23 2026: Image # 250, module ExpandOrShrinkObjects # 10: CPU_time = 0.80 secs, Wall_time = 0.80 secs
Mon Aug 24 17:37:24 2026: Image # 250, module ExpandOrShrinkObjects # 11: CPU_time = 0.86 secs, Wall_time = 0.86 secs
Mon Aug 24 17:37:25 2026: Image # 250, module MaskObjects # 12: CPU_time = 0.60 secs, Wall_time = 0.61 secs
Mon Aug 24 17:37:26 2026: Image # 250, module EnhanceOrSuppressFeatures # 13: CPU_time = 1.11 secs, Wall_time = 1.11 secs
Mon Aug 24 17:37:27 2026: Image # 250, module IdentifyPrimaryObjects # 14: CPU_time = 3.71 secs, Wall_time = 3.70 secs
Mon Aug 24 17:37:30 2026: Image # 250, module MaskObjects # 15: CPU_time = 0.55 secs, Wall_time = 0.56 secs
Mon Aug 24 17:37:31 2026: Image # 250, module RelateObjects # 16: CPU_time = 1.17 secs, Wall_time = 1.18 secs
Mon Aug 24 17:37:32 2026: Image # 250, module RelateObjects # 17: CPU_time = 1.13 secs, Wall_time = 1.14 secs
Mon Aug 24 17:37:33 2026: Image # 250, module MeasureObjectIntensity # 18: CPU_time = 17.21 secs, Wall_time = 17.19 secs
Mon Aug 24 17:37:51 2026: Image # 250, module RelateObjects # 19: CPU_time = 0.25 secs, Wall_time = 0.26 secs
Mon Aug 24 17:37:51 2026: Image # 250, module ExportToSpreadsheet # 20: CPU_time = 0.00 secs, Wall_time = 0.00 secs
Mon Aug 24 17:37:51 2026: Image # 251, module Images # 1: CPU_time = 0.00 secs, Wall_time = 0.00 secs
Mon Aug 24 17:37:51 2026: Image # 251, module Metadata # 2: CPU_time = 0.00 secs, Wall_time = 0.00 secs
Mon Aug 24 17:37:51 2026: Image # 251, module NamesAndTypes # 3: CPU_time = 4.03 secs, Wall_time = 5.13 secs
Mon Aug 24 17:37:56 2026: Image # 251, module Groups # 4: CPU_time = 0.00 secs, Wall_time = 0.00 secs
Mon Aug 24 17:37:56 2026: Image # 251, module FilterObjects # 5: CPU_time = 1.23 secs, Wall_time = 1.23 secs
Mon Aug 24 17:37:57 2026: Image # 251, module FilterObjects # 6: CPU_time = 1.23 secs, Wall_time = 1.22 secs
Mon Aug 24 17:37:58 2026: Image # 251, module MaskImage # 7: CPU_time = 0.26 secs, Wall_time = 0.13 secs
Mon Aug 24 17:37:59 2026: Image # 251, module MaskImage # 8: CPU_time = 0.31 secs, Wall_time = 0.15 secs
Mon Aug 24 17:37:59 2026: Image # 251, module MaskObjects # 9: CPU_time = 0.52 secs, Wall_time = 0.52 secs
Mon Aug 24 17:37:59 2026: Image # 251, module ExpandOrShrinkObjects # 10: CPU_time = 0.75 secs, Wall_time = 0.76 secs
Mon Aug 24 17:38:00 2026: Image # 251, module ExpandOrShrinkObjects # 11: CPU_time = 0.83 secs, Wall_time = 0.83 secs
Mon Aug 24 17:38:01 2026: Image # 251, module MaskObjects # 12: CPU_time = 0.62 secs, Wall_time = 0.62 secs
Mon Aug 24 17:38:01 2026: Image # 251, module EnhanceOrSuppressFeatures # 13: CPU_time = 1.10 secs, Wall_time = 1.10 secs
Mon Aug 24 17:38:03 2026: Image # 251, module IdentifyPrimaryObjects # 14: CPU_time = 3.46 secs, Wall_time = 3.45 secs
Mon Aug 24 17:38:06 2026: Image # 251, module MaskObjects # 15: CPU_time = 0.55 secs, Wall_time = 0.55 secs
Mon Aug 24 17:38:07 2026: Image # 251, module RelateObjects # 16: CPU_time = 0.89 secs, Wall_time = 0.89 secs
Mon Aug 24 17:38:07 2026: Image # 251, module RelateObjects # 17: CPU_time = 0.92 secs, Wall_time = 0.92 secs
Mon Aug 24 17:38:08 2026: Image # 251, module MeasureObjectIntensity # 18: CPU_time = 16.42 secs, Wall_time = 16.41 secs
Mon Aug 24 17:38:25 2026: Image # 251, module RelateObjects # 19: CPU_time = 0.19 secs, Wall_time = 0.19 secs
Mon Aug 24 17:38:25 2026: Image # 251, module ExportToSpreadsheet # 20: CPU_time = 0.00 secs, Wall_time = 0.00 secs
Mon Aug 24 17:38:25 2026: Image # 252, module Images # 1: CPU_time = 0.00 secs, Wall_time = 0.00 secs
Mon Aug 24 17:38:25 2026: Image # 252, module Metadata # 2: CPU_time = 0.00 secs, Wall_time = 0.00 secs
Mon Aug 24 17:38:25 2026: Image # 252, module NamesAndTypes # 3: CPU_time = 4.25 secs, Wall_time = 5.00 secs
Mon Aug 24 17:38:30 2026: Image # 252, module Groups # 4: CPU_time = 0.00 secs, Wall_time = 0.00 secs
Mon Aug 24 17:38:30 2026: Image # 252, module FilterObjects # 5: CPU_time = 1.34 secs, Wall_time = 1.35 secs
Mon Aug 24 17:38:31 2026: Image # 252, module FilterObjects # 6: CPU_time = 1.30 secs, Wall_time = 1.30 secs
Mon Aug 24 17:38:33 2026: Image # 252, module MaskImage # 7: CPU_time = 0.25 secs, Wall_time = 0.12 secs
Mon Aug 24 17:38:33 2026: Image # 252, module MaskImage # 8: CPU_time = 0.26 secs, Wall_time = 0.12 secs
Mon Aug 24 17:38:33 2026: Image # 252, module MaskObjects # 9: CPU_time = 0.52 secs, Wall_time = 0.53 secs
Mon Aug 24 17:38:33 2026: Image # 252, module ExpandOrShrinkObjects # 10: CPU_time = 0.86 secs, Wall_time = 0.85 secs
Mon Aug 24 17:38:34 2026: Image # 252, module ExpandOrShrinkObjects # 11: CPU_time = 0.86 secs, Wall_time = 0.86 secs
Mon Aug 24 17:38:35 2026: Image # 252, module MaskObjects # 12: CPU_time = 0.60 secs, Wall_time = 0.60 secs
Mon Aug 24 17:38:36 2026: Image # 252, module EnhanceOrSuppressFeatures # 13: CPU_time = 1.11 secs, Wall_time = 1.10 secs
Mon Aug 24 17:38:37 2026: Image # 252, module IdentifyPrimaryObjects # 14: CPU_time = 3.54 secs, Wall_time = 3.54 secs
Mon Aug 24 17:38:40 2026: Image # 252, module MaskObjects # 15: CPU_time = 0.56 secs, Wall_time = 0.55 secs
Mon Aug 24 17:38:41 2026: Image # 252, module RelateObjects # 16: CPU_time = 1.02 secs, Wall_time = 1.02 secs
Mon Aug 24 17:38:42 2026: Image # 252, module RelateObjects # 17: CPU_time = 1.04 secs, Wall_time = 1.02 secs
Mon Aug 24 17:38:43 2026: Image # 252, module MeasureObjectIntensity # 18: CPU_time = 15.93 secs, Wall_time = 15.92 secs
Mon Aug 24 17:38:59 2026: Image # 252, module RelateObjects # 19: CPU_time = 0.21 secs, Wall_time = 0.22 secs
Mon Aug 24 17:38:59 2026: Image # 252, module ExportToSpreadsheet # 20: CPU_time = 0.00 secs, Wall_time = 0.00 secs
