Times reported are CPU and Wall-clock times for each module
Sat Aug 22 10:04:43 2026: Image # 1, module Images # 1: CPU_time = 0.00 secs, Wall_time = 0.00 secs
Sat Aug 22 10:04:43 2026: Image # 1, module Metadata # 2: CPU_time = 0.00 secs, Wall_time = 0.00 secs
Sat Aug 22 10:04:43 2026: Image # 1, module NamesAndTypes # 3: CPU_time = 5.09 secs, Wall_time = 3.59 secs
Sat Aug 22 10:04:46 2026: Image # 1, module Groups # 4: CPU_time = 0.00 secs, Wall_time = 0.00 secs
Sat Aug 22 10:04:46 2026: Image # 1, module MaskImage # 5: CPU_time = 0.19 secs, Wall_time = 0.12 secs
Sat Aug 22 10:04:47 2026: Image # 1, module MaskImage # 6: CPU_time = 0.18 secs, Wall_time = 0.12 secs
Sat Aug 22 10:04:47 2026: Image # 1, module MaskImage # 7: CPU_time = 0.19 secs, Wall_time = 0.12 secs
Sat Aug 22 10:04:47 2026: Image # 1, module MaskImage # 8: CPU_time = 0.18 secs, Wall_time = 0.12 secs
Sat Aug 22 10:04:47 2026: Image # 1, module MaskObjects # 9: CPU_time = 0.53 secs, Wall_time = 0.53 secs
Sat Aug 22 10:04:48 2026: Image # 1, module MeasureObjectIntensity # 10: CPU_time = 4.75 secs, Wall_time = 4.75 secs
Sat Aug 22 10:04:52 2026: Image # 1, module MeasureGranularity # 11: CPU_time = 38.48 secs, Wall_time = 38.44 secs
Sat Aug 22 10:05:31 2026: Image # 1, module MeasureGranularity # 12: CPU_time = 27.46 secs, Wall_time = 27.43 secs
Sat Aug 22 10:05:58 2026: Image # 1, module MeasureObjectIntensityDistribution # 13: CPU_time = 13.66 secs, Wall_time = 13.65 secs
Sat Aug 22 10:06:12 2026: Image # 1, module MeasureObjectIntensityDistribution # 14: CPU_time = 11.87 secs, Wall_time = 11.86 secs
Sat Aug 22 10:06:24 2026: Image # 1, module RescaleIntensity # 15: CPU_time = 0.14 secs, Wall_time = 0.14 secs
Sat Aug 22 10:06:24 2026: Image # 1, module RescaleIntensity # 16: CPU_time = 0.14 secs, Wall_time = 0.14 secs
Sat Aug 22 10:06:24 2026: Image # 1, module RescaleIntensity # 17: CPU_time = 0.14 secs, Wall_time = 0.14 secs
Sat Aug 22 10:06:24 2026: Image # 1, module MeasureTexture # 18: CPU_time = 3.81 secs, Wall_time = 3.82 secs
Sat Aug 22 10:06:28 2026: Image # 1, module MeasureTexture # 19: CPU_time = 3.04 secs, Wall_time = 3.04 secs
/lab/cheeseman_sequencing/jhe/miniforge3/envs/cellprofiler_env/lib/python3.8/site-packages/scipy/stats/_stats_py.py:4424: ConstantInputWarning: An input array is constant; the correlation coefficient is not defined.
  warnings.warn(stats.ConstantInputWarning(msg))
Sat Aug 22 10:06:31 2026: Image # 1, module MeasureColocalization # 20: CPU_time = 45.93 secs, Wall_time = 13.71 secs
Sat Aug 22 10:06:45 2026: Image # 1, module ExportToSpreadsheet # 21: CPU_time = 0.00 secs, Wall_time = 0.00 secs
Sat Aug 22 10:06:45 2026: Image # 2, module Images # 1: CPU_time = 0.00 secs, Wall_time = 0.00 secs
Sat Aug 22 10:06:45 2026: Image # 2, module Metadata # 2: CPU_time = 0.00 secs, Wall_time = 0.00 secs
Sat Aug 22 10:06:45 2026: Image # 2, module NamesAndTypes # 3: CPU_time = 3.66 secs, Wall_time = 3.50 secs
Sat Aug 22 10:06:48 2026: Image # 2, module Groups # 4: CPU_time = 0.00 secs, Wall_time = 0.00 secs
Sat Aug 22 10:06:48 2026: Image # 2, module MaskImage # 5: CPU_time = 0.18 secs, Wall_time = 0.12 secs
Sat Aug 22 10:06:48 2026: Image # 2, module MaskImage # 6: CPU_time = 0.17 secs, Wall_time = 0.11 secs
Sat Aug 22 10:06:48 2026: Image # 2, module MaskImage # 7: CPU_time = 0.18 secs, Wall_time = 0.11 secs
Sat Aug 22 10:06:49 2026: Image # 2, module MaskImage # 8: CPU_time = 0.18 secs, Wall_time = 0.11 secs
Sat Aug 22 10:06:49 2026: Image # 2, module MaskObjects # 9: CPU_time = 0.53 secs, Wall_time = 0.54 secs
Sat Aug 22 10:06:49 2026: Image # 2, module MeasureObjectIntensity # 10: CPU_time = 7.09 secs, Wall_time = 7.09 secs
Sat Aug 22 10:06:56 2026: Image # 2, module MeasureGranularity # 11: CPU_time = 46.08 secs, Wall_time = 46.02 secs
Sat Aug 22 10:07:42 2026: Image # 2, module MeasureGranularity # 12: CPU_time = 27.58 secs, Wall_time = 27.55 secs
Sat Aug 22 10:08:10 2026: Image # 2, module MeasureObjectIntensityDistribution # 13: CPU_time = 24.87 secs, Wall_time = 24.84 secs
Sat Aug 22 10:08:35 2026: Image # 2, module MeasureObjectIntensityDistribution # 14: CPU_time = 21.06 secs, Wall_time = 21.03 secs
Sat Aug 22 10:08:56 2026: Image # 2, module RescaleIntensity # 15: CPU_time = 0.22 secs, Wall_time = 0.21 secs
Sat Aug 22 10:08:56 2026: Image # 2, module RescaleIntensity # 16: CPU_time = 0.21 secs, Wall_time = 0.21 secs
Sat Aug 22 10:08:56 2026: Image # 2, module RescaleIntensity # 17: CPU_time = 0.22 secs, Wall_time = 0.21 secs
Sat Aug 22 10:08:56 2026: Image # 2, module MeasureTexture # 18: CPU_time = 4.39 secs, Wall_time = 4.38 secs
Sat Aug 22 10:09:01 2026: Image # 2, module MeasureTexture # 19: CPU_time = 3.59 secs, Wall_time = 3.59 secs
Sat Aug 22 10:09:04 2026: Image # 2, module MeasureColocalization # 20: CPU_time = 151.19 secs, Wall_time = 42.95 secs
Sat Aug 22 10:09:47 2026: Image # 2, module ExportToSpreadsheet # 21: CPU_time = 0.00 secs, Wall_time = 0.00 secs
Sat Aug 22 10:09:47 2026: Image # 3, module Images # 1: CPU_time = 0.00 secs, Wall_time = 0.00 secs
Sat Aug 22 10:09:47 2026: Image # 3, module Metadata # 2: CPU_time = 0.00 secs, Wall_time = 0.00 secs
Sat Aug 22 10:09:47 2026: Image # 3, module NamesAndTypes # 3: CPU_time = 2.97 secs, Wall_time = 3.97 secs
Sat Aug 22 10:09:51 2026: Image # 3, module Groups # 4: CPU_time = 0.00 secs, Wall_time = 0.00 secs
Sat Aug 22 10:09:51 2026: Image # 3, module MaskImage # 5: CPU_time = 0.19 secs, Wall_time = 0.12 secs
Sat Aug 22 10:09:51 2026: Image # 3, module MaskImage # 6: CPU_time = 0.18 secs, Wall_time = 0.11 secs
Sat Aug 22 10:09:52 2026: Image # 3, module MaskImage # 7: CPU_time = 0.17 secs, Wall_time = 0.11 secs
Sat Aug 22 10:09:52 2026: Image # 3, module MaskImage # 8: CPU_time = 0.16 secs, Wall_time = 0.11 secs
Sat Aug 22 10:09:52 2026: Image # 3, module MaskObjects # 9: CPU_time = 0.53 secs, Wall_time = 0.53 secs
Sat Aug 22 10:09:52 2026: Image # 3, module MeasureObjectIntensity # 10: CPU_time = 5.69 secs, Wall_time = 5.68 secs
Sat Aug 22 10:09:58 2026: Image # 3, module MeasureGranularity # 11: CPU_time = 41.80 secs, Wall_time = 41.76 secs
Sat Aug 22 10:10:40 2026: Image # 3, module MeasureGranularity # 12: CPU_time = 26.65 secs, Wall_time = 26.62 secs
Sat Aug 22 10:11:06 2026: Image # 3, module MeasureObjectIntensityDistribution # 13: CPU_time = 18.48 secs, Wall_time = 18.47 secs
Sat Aug 22 10:11:25 2026: Image # 3, module MeasureObjectIntensityDistribution # 14: CPU_time = 16.08 secs, Wall_time = 16.06 secs
Sat Aug 22 10:11:41 2026: Image # 3, module RescaleIntensity # 15: CPU_time = 0.17 secs, Wall_time = 0.17 secs
Sat Aug 22 10:11:41 2026: Image # 3, module RescaleIntensity # 16: CPU_time = 0.16 secs, Wall_time = 0.16 secs
Sat Aug 22 10:11:41 2026: Image # 3, module RescaleIntensity # 17: CPU_time = 0.16 secs, Wall_time = 0.16 secs
Sat Aug 22 10:11:41 2026: Image # 3, module MeasureTexture # 18: CPU_time = 3.82 secs, Wall_time = 3.82 secs
Sat Aug 22 10:11:45 2026: Image # 3, module MeasureTexture # 19: CPU_time = 3.10 secs, Wall_time = 3.10 secs
Sat Aug 22 10:11:48 2026: Image # 3, module MeasureColocalization # 20: CPU_time = 70.23 secs, Wall_time = 20.71 secs
Sat Aug 22 10:12:09 2026: Image # 3, module ExportToSpreadsheet # 21: CPU_time = 0.00 secs, Wall_time = 0.00 secs
Sat Aug 22 10:12:09 2026: Image # 4, module Images # 1: CPU_time = 0.00 secs, Wall_time = 0.00 secs
Sat Aug 22 10:12:09 2026: Image # 4, module Metadata # 2: CPU_time = 0.00 secs, Wall_time = 0.00 secs
Sat Aug 22 10:12:09 2026: Image # 4, module NamesAndTypes # 3: CPU_time = 2.90 secs, Wall_time = 3.40 secs
Sat Aug 22 10:12:13 2026: Image # 4, module Groups # 4: CPU_time = 0.00 secs, Wall_time = 0.00 secs
Sat Aug 22 10:12:13 2026: Image # 4, module MaskImage # 5: CPU_time = 0.15 secs, Wall_time = 0.11 secs
Sat Aug 22 10:12:13 2026: Image # 4, module MaskImage # 6: CPU_time = 0.13 secs, Wall_time = 0.09 secs
Sat Aug 22 10:12:13 2026: Image # 4, module MaskImage # 7: CPU_time = 0.12 secs, Wall_time = 0.09 secs
Sat Aug 22 10:12:13 2026: Image # 4, module MaskImage # 8: CPU_time = 0.14 secs, Wall_time = 0.09 secs
Sat Aug 22 10:12:13 2026: Image # 4, module MaskObjects # 9: CPU_time = 0.52 secs, Wall_time = 0.52 secs
Sat Aug 22 10:12:13 2026: Image # 4, module MeasureObjectIntensity # 10: CPU_time = 4.21 secs, Wall_time = 4.21 secs
Sat Aug 22 10:12:18 2026: Image # 4, module MeasureGranularity # 11: CPU_time = 36.65 secs, Wall_time = 36.62 secs
Sat Aug 22 10:12:54 2026: Image # 4, module MeasureGranularity # 12: CPU_time = 26.10 secs, Wall_time = 26.07 secs
Sat Aug 22 10:13:20 2026: Image # 4, module MeasureObjectIntensityDistribution # 13: CPU_time = 11.19 secs, Wall_time = 11.18 secs
Sat Aug 22 10:13:32 2026: Image # 4, module MeasureObjectIntensityDistribution # 14: CPU_time = 9.74 secs, Wall_time = 9.73 secs
Sat Aug 22 10:13:41 2026: Image # 4, module RescaleIntensity # 15: CPU_time = 0.11 secs, Wall_time = 0.11 secs
Sat Aug 22 10:13:41 2026: Image # 4, module RescaleIntensity # 16: CPU_time = 0.12 secs, Wall_time = 0.12 secs
Sat Aug 22 10:13:41 2026: Image # 4, module RescaleIntensity # 17: CPU_time = 0.11 secs, Wall_time = 0.11 secs
Sat Aug 22 10:13:42 2026: Image # 4, module MeasureTexture # 18: CPU_time = 3.43 secs, Wall_time = 3.42 secs
Sat Aug 22 10:13:45 2026: Image # 4, module MeasureTexture # 19: CPU_time = 2.70 secs, Wall_time = 2.70 secs
Sat Aug 22 10:13:48 2026: Image # 4, module MeasureColocalization # 20: CPU_time = 26.22 secs, Wall_time = 8.00 secs
Sat Aug 22 10:13:56 2026: Image # 4, module ExportToSpreadsheet # 21: CPU_time = 0.01 secs, Wall_time = 0.00 secs
Sat Aug 22 10:13:56 2026: Image # 5, module Images # 1: CPU_time = 0.00 secs, Wall_time = 0.00 secs
Sat Aug 22 10:13:56 2026: Image # 5, module Metadata # 2: CPU_time = 0.00 secs, Wall_time = 0.00 secs
Sat Aug 22 10:13:56 2026: Image # 5, module NamesAndTypes # 3: CPU_time = 2.81 secs, Wall_time = 2.89 secs
Sat Aug 22 10:13:59 2026: Image # 5, module Groups # 4: CPU_time = 0.00 secs, Wall_time = 0.00 secs
Sat Aug 22 10:13:59 2026: Image # 5, module MaskImage # 5: CPU_time = 0.13 secs, Wall_time = 0.10 secs
Sat Aug 22 10:13:59 2026: Image # 5, module MaskImage # 6: CPU_time = 0.13 secs, Wall_time = 0.08 secs
Sat Aug 22 10:13:59 2026: Image # 5, module MaskImage # 7: CPU_time = 0.12 secs, Wall_time = 0.08 secs
Sat Aug 22 10:13:59 2026: Image # 5, module MaskImage # 8: CPU_time = 0.13 secs, Wall_time = 0.09 secs
Sat Aug 22 10:13:59 2026: Image # 5, module MaskObjects # 9: CPU_time = 0.49 secs, Wall_time = 0.49 secs
Sat Aug 22 10:13:59 2026: Image # 5, module MeasureObjectIntensity # 10: CPU_time = 4.26 secs, Wall_time = 4.26 secs
Sat Aug 22 10:14:04 2026: Image # 5, module MeasureGranularity # 11: CPU_time = 35.30 secs, Wall_time = 35.26 secs
Sat Aug 22 10:14:39 2026: Image # 5, module MeasureGranularity # 12: CPU_time = 24.81 secs, Wall_time = 24.78 secs
Sat Aug 22 10:15:04 2026: Image # 5, module MeasureObjectIntensityDistribution # 13: CPU_time = 12.36 secs, Wall_time = 12.35 secs
Sat Aug 22 10:15:16 2026: Image # 5, module MeasureObjectIntensityDistribution # 14: CPU_time = 10.78 secs, Wall_time = 10.77 secs
Sat Aug 22 10:15:27 2026: Image # 5, module RescaleIntensity # 15: CPU_time = 0.13 secs, Wall_time = 0.12 secs
Sat Aug 22 10:15:27 2026: Image # 5, module RescaleIntensity # 16: CPU_time = 0.13 secs, Wall_time = 0.12 secs
Sat Aug 22 10:15:27 2026: Image # 5, module RescaleIntensity # 17: CPU_time = 0.13 secs, Wall_time = 0.12 secs
Sat Aug 22 10:15:27 2026: Image # 5, module MeasureTexture # 18: CPU_time = 3.36 secs, Wall_time = 3.36 secs
Sat Aug 22 10:15:31 2026: Image # 5, module MeasureTexture # 19: CPU_time = 2.67 secs, Wall_time = 2.68 secs
Sat Aug 22 10:15:33 2026: Image # 5, module MeasureColocalization # 20: CPU_time = 59.10 secs, Wall_time = 16.49 secs
Sat Aug 22 10:15:50 2026: Image # 5, module ExportToSpreadsheet # 21: CPU_time = 0.00 secs, Wall_time = 0.00 secs
Sat Aug 22 10:15:50 2026: Image # 6, module Images # 1: CPU_time = 0.00 secs, Wall_time = 0.00 secs
Sat Aug 22 10:15:50 2026: Image # 6, module Metadata # 2: CPU_time = 0.00 secs, Wall_time = 0.00 secs
Sat Aug 22 10:15:50 2026: Image # 6, module NamesAndTypes # 3: CPU_time = 2.68 secs, Wall_time = 5.26 secs
Sat Aug 22 10:15:55 2026: Image # 6, module Groups # 4: CPU_time = 0.00 secs, Wall_time = 0.00 secs
Sat Aug 22 10:15:55 2026: Image # 6, module MaskImage # 5: CPU_time = 0.14 secs, Wall_time = 0.10 secs
Sat Aug 22 10:15:55 2026: Image # 6, module MaskImage # 6: CPU_time = 0.12 secs, Wall_time = 0.08 secs
Sat Aug 22 10:15:55 2026: Image # 6, module MaskImage # 7: CPU_time = 0.13 secs, Wall_time = 0.08 secs
Sat Aug 22 10:15:55 2026: Image # 6, module MaskImage # 8: CPU_time = 0.13 secs, Wall_time = 0.08 secs
Sat Aug 22 10:15:55 2026: Image # 6, module MaskObjects # 9: CPU_time = 0.47 secs, Wall_time = 0.47 secs
Sat Aug 22 10:15:56 2026: Image # 6, module MeasureObjectIntensity # 10: CPU_time = 4.40 secs, Wall_time = 4.38 secs
Sat Aug 22 10:16:00 2026: Image # 6, module MeasureGranularity # 11: CPU_time = 34.94 secs, Wall_time = 34.91 secs
Sat Aug 22 10:16:35 2026: Image # 6, module MeasureGranularity # 12: CPU_time = 24.84 secs, Wall_time = 24.81 secs
Sat Aug 22 10:17:00 2026: Image # 6, module MeasureObjectIntensityDistribution # 13: CPU_time = 13.15 secs, Wall_time = 13.14 secs
Sat Aug 22 10:17:13 2026: Image # 6, module MeasureObjectIntensityDistribution # 14: CPU_time = 11.49 secs, Wall_time = 11.48 secs
Sat Aug 22 10:17:25 2026: Image # 6, module RescaleIntensity # 15: CPU_time = 0.13 secs, Wall_time = 0.14 secs
Sat Aug 22 10:17:25 2026: Image # 6, module RescaleIntensity # 16: CPU_time = 0.13 secs, Wall_time = 0.14 secs
Sat Aug 22 10:17:25 2026: Image # 6, module RescaleIntensity # 17: CPU_time = 0.14 secs, Wall_time = 0.14 secs
Sat Aug 22 10:17:25 2026: Image # 6, module MeasureTexture # 18: CPU_time = 3.58 secs, Wall_time = 3.58 secs
Sat Aug 22 10:17:29 2026: Image # 6, module MeasureTexture # 19: CPU_time = 2.88 secs, Wall_time = 2.88 secs
Sat Aug 22 10:17:32 2026: Image # 6, module MeasureColocalization # 20: CPU_time = 47.97 secs, Wall_time = 14.10 secs
Sat Aug 22 10:17:46 2026: Image # 6, module ExportToSpreadsheet # 21: CPU_time = 0.00 secs, Wall_time = 0.00 secs
Sat Aug 22 10:17:46 2026: Image # 7, module Images # 1: CPU_time = 0.00 secs, Wall_time = 0.00 secs
Sat Aug 22 10:17:46 2026: Image # 7, module Metadata # 2: CPU_time = 0.00 secs, Wall_time = 0.00 secs
Sat Aug 22 10:17:46 2026: Image # 7, module NamesAndTypes # 3: CPU_time = 2.54 secs, Wall_time = 3.62 secs
Sat Aug 22 10:17:49 2026: Image # 7, module Groups # 4: CPU_time = 0.00 secs, Wall_time = 0.00 secs
Sat Aug 22 10:17:49 2026: Image # 7, module MaskImage # 5: CPU_time = 0.16 secs, Wall_time = 0.10 secs
Sat Aug 22 10:17:49 2026: Image # 7, module MaskImage # 6: CPU_time = 0.18 secs, Wall_time = 0.11 secs
Sat Aug 22 10:17:50 2026: Image # 7, module MaskImage # 7: CPU_time = 0.17 secs, Wall_time = 0.11 secs
Sat Aug 22 10:17:50 2026: Image # 7, module MaskImage # 8: CPU_time = 0.17 secs, Wall_time = 0.11 secs
Sat Aug 22 10:17:50 2026: Image # 7, module MaskObjects # 9: CPU_time = 0.53 secs, Wall_time = 0.53 secs
Sat Aug 22 10:17:50 2026: Image # 7, module MeasureObjectIntensity # 10: CPU_time = 9.31 secs, Wall_time = 9.31 secs
Sat Aug 22 10:18:00 2026: Image # 7, module MeasureGranularity # 11: CPU_time = 50.43 secs, Wall_time = 50.39 secs
Sat Aug 22 10:18:50 2026: Image # 7, module MeasureGranularity # 12: CPU_time = 27.66 secs, Wall_time = 27.64 secs
Sat Aug 22 10:19:18 2026: Image # 7, module MeasureObjectIntensityDistribution # 13: CPU_time = 33.05 secs, Wall_time = 33.02 secs
Sat Aug 22 10:19:51 2026: Image # 7, module MeasureObjectIntensityDistribution # 14: CPU_time = 20.47 secs, Wall_time = 20.46 secs
Sat Aug 22 10:20:11 2026: Image # 7, module RescaleIntensity # 15: CPU_time = 0.33 secs, Wall_time = 0.32 secs
Sat Aug 22 10:20:11 2026: Image # 7, module RescaleIntensity # 16: CPU_time = 0.32 secs, Wall_time = 0.33 secs
Sat Aug 22 10:20:12 2026: Image # 7, module RescaleIntensity # 17: CPU_time = 0.32 secs, Wall_time = 0.32 secs
Sat Aug 22 10:20:12 2026: Image # 7, module MeasureTexture # 18: CPU_time = 6.80 secs, Wall_time = 6.80 secs
Sat Aug 22 10:20:19 2026: Image # 7, module MeasureTexture # 19: CPU_time = 6.67 secs, Wall_time = 6.67 secs
Sat Aug 22 10:20:26 2026: Image # 7, module MeasureColocalization # 20: CPU_time = 599.88 secs, Wall_time = 158.64 secs
Sat Aug 22 10:23:04 2026: Image # 7, module ExportToSpreadsheet # 21: CPU_time = 0.00 secs, Wall_time = 0.00 secs
Sat Aug 22 10:23:04 2026: Image # 8, module Images # 1: CPU_time = 0.00 secs, Wall_time = 0.00 secs
Sat Aug 22 10:23:04 2026: Image # 8, module Metadata # 2: CPU_time = 0.00 secs, Wall_time = 0.00 secs
Sat Aug 22 10:23:04 2026: Image # 8, module NamesAndTypes # 3: CPU_time = 2.72 secs, Wall_time = 4.10 secs
Sat Aug 22 10:23:08 2026: Image # 8, module Groups # 4: CPU_time = 0.00 secs, Wall_time = 0.00 secs
Sat Aug 22 10:23:08 2026: Image # 8, module MaskImage # 5: CPU_time = 0.17 secs, Wall_time = 0.10 secs
Sat Aug 22 10:23:08 2026: Image # 8, module MaskImage # 6: CPU_time = 0.16 secs, Wall_time = 0.10 secs
Sat Aug 22 10:23:09 2026: Image # 8, module MaskImage # 7: CPU_time = 0.17 secs, Wall_time = 0.11 secs
Sat Aug 22 10:23:09 2026: Image # 8, module MaskImage # 8: CPU_time = 0.16 secs, Wall_time = 0.11 secs
Sat Aug 22 10:23:09 2026: Image # 8, module MaskObjects # 9: CPU_time = 0.51 secs, Wall_time = 0.50 secs
Sat Aug 22 10:23:09 2026: Image # 8, module MeasureObjectIntensity # 10: CPU_time = 10.99 secs, Wall_time = 10.98 secs
Sat Aug 22 10:23:20 2026: Image # 8, module MeasureGranularity # 11: CPU_time = 56.57 secs, Wall_time = 56.52 secs
Sat Aug 22 10:24:17 2026: Image # 8, module MeasureGranularity # 12: CPU_time = 27.94 secs, Wall_time = 27.91 secs
Sat Aug 22 10:24:45 2026: Image # 8, module MeasureObjectIntensityDistribution # 13: CPU_time = 44.53 secs, Wall_time = 44.48 secs
Sat Aug 22 10:25:29 2026: Image # 8, module MeasureObjectIntensityDistribution # 14: CPU_time = 28.34 secs, Wall_time = 28.30 secs
Sat Aug 22 10:25:58 2026: Image # 8, module RescaleIntensity # 15: CPU_time = 0.44 secs, Wall_time = 0.44 secs
Sat Aug 22 10:25:58 2026: Image # 8, module RescaleIntensity # 16: CPU_time = 0.43 secs, Wall_time = 0.43 secs
Sat Aug 22 10:25:59 2026: Image # 8, module RescaleIntensity # 17: CPU_time = 0.43 secs, Wall_time = 0.43 secs
Sat Aug 22 10:25:59 2026: Image # 8, module MeasureTexture # 18: CPU_time = 8.67 secs, Wall_time = 8.66 secs
Sat Aug 22 10:26:08 2026: Image # 8, module MeasureTexture # 19: CPU_time = 8.56 secs, Wall_time = 8.56 secs
Sat Aug 22 10:26:16 2026: Image # 8, module MeasureColocalization # 20: CPU_time = 537.20 secs, Wall_time = 159.57 secs
Sat Aug 22 10:28:56 2026: Image # 8, module ExportToSpreadsheet # 21: CPU_time = 0.00 secs, Wall_time = 0.01 secs
Sat Aug 22 10:28:56 2026: Image # 9, module Images # 1: CPU_time = 0.00 secs, Wall_time = 0.00 secs
Sat Aug 22 10:28:56 2026: Image # 9, module Metadata # 2: CPU_time = 0.00 secs, Wall_time = 0.00 secs
Sat Aug 22 10:28:56 2026: Image # 9, module NamesAndTypes # 3: CPU_time = 3.02 secs, Wall_time = 3.14 secs
Sat Aug 22 10:28:59 2026: Image # 9, module Groups # 4: CPU_time = 0.00 secs, Wall_time = 0.00 secs
Sat Aug 22 10:28:59 2026: Image # 9, module MaskImage # 5: CPU_time = 0.14 secs, Wall_time = 0.11 secs
Sat Aug 22 10:28:59 2026: Image # 9, module MaskImage # 6: CPU_time = 0.13 secs, Wall_time = 0.09 secs
Sat Aug 22 10:28:59 2026: Image # 9, module MaskImage # 7: CPU_time = 0.14 secs, Wall_time = 0.09 secs
Sat Aug 22 10:28:59 2026: Image # 9, module MaskImage # 8: CPU_time = 0.13 secs, Wall_time = 0.09 secs
Sat Aug 22 10:28:59 2026: Image # 9, module MaskObjects # 9: CPU_time = 0.58 secs, Wall_time = 0.58 secs
Sat Aug 22 10:29:00 2026: Image # 9, module MeasureObjectIntensity # 10: CPU_time = 12.66 secs, Wall_time = 12.65 secs
Sat Aug 22 10:29:13 2026: Image # 9, module MeasureGranularity # 11: CPU_time = 74.87 secs, Wall_time = 74.79 secs
Sat Aug 22 10:30:27 2026: Image # 9, module MeasureGranularity # 12: CPU_time = 33.87 secs, Wall_time = 33.84 secs
Sat Aug 22 10:31:01 2026: Image # 9, module MeasureObjectIntensityDistribution # 13: CPU_time = 45.82 secs, Wall_time = 45.77 secs
Sat Aug 22 10:31:47 2026: Image # 9, module MeasureObjectIntensityDistribution # 14: CPU_time = 28.12 secs, Wall_time = 28.09 secs
Sat Aug 22 10:32:15 2026: Image # 9, module RescaleIntensity # 15: CPU_time = 0.46 secs, Wall_time = 0.46 secs
Sat Aug 22 10:32:15 2026: Image # 9, module RescaleIntensity # 16: CPU_time = 0.44 secs, Wall_time = 0.44 secs
Sat Aug 22 10:32:16 2026: Image # 9, module RescaleIntensity # 17: CPU_time = 0.44 secs, Wall_time = 0.44 secs
Sat Aug 22 10:32:16 2026: Image # 9, module MeasureTexture # 18: CPU_time = 9.26 secs, Wall_time = 9.25 secs
Sat Aug 22 10:32:26 2026: Image # 9, module MeasureTexture # 19: CPU_time = 9.29 secs, Wall_time = 9.28 secs
Sat Aug 22 10:32:35 2026: Image # 9, module MeasureColocalization # 20: CPU_time = 560.41 secs, Wall_time = 165.54 secs
Sat Aug 22 10:35:20 2026: Image # 9, module ExportToSpreadsheet # 21: CPU_time = 0.00 secs, Wall_time = 0.00 secs
Sat Aug 22 10:35:20 2026: Image # 10, module Images # 1: CPU_time = 0.00 secs, Wall_time = 0.00 secs
Sat Aug 22 10:35:20 2026: Image # 10, module Metadata # 2: CPU_time = 0.00 secs, Wall_time = 0.00 secs
Sat Aug 22 10:35:20 2026: Image # 10, module NamesAndTypes # 3: CPU_time = 2.81 secs, Wall_time = 3.54 secs
Sat Aug 22 10:35:24 2026: Image # 10, module Groups # 4: CPU_time = 0.00 secs, Wall_time = 0.00 secs
Sat Aug 22 10:35:24 2026: Image # 10, module MaskImage # 5: CPU_time = 0.15 secs, Wall_time = 0.11 secs
Sat Aug 22 10:35:24 2026: Image # 10, module MaskImage # 6: CPU_time = 0.13 secs, Wall_time = 0.09 secs
Sat Aug 22 10:35:24 2026: Image # 10, module MaskImage # 7: CPU_time = 0.14 secs, Wall_time = 0.10 secs
Sat Aug 22 10:35:24 2026: Image # 10, module MaskImage # 8: CPU_time = 0.14 secs, Wall_time = 0.09 secs
Sat Aug 22 10:35:24 2026: Image # 10, module MaskObjects # 9: CPU_time = 0.59 secs, Wall_time = 0.59 secs
Sat Aug 22 10:35:25 2026: Image # 10, module MeasureObjectIntensity # 10: CPU_time = 14.47 secs, Wall_time = 14.46 secs
Sat Aug 22 10:35:39 2026: Image # 10, module MeasureGranularity # 11: CPU_time = 81.56 secs, Wall_time = 81.47 secs
Sat Aug 22 10:37:01 2026: Image # 10, module MeasureGranularity # 12: CPU_time = 35.03 secs, Wall_time = 34.99 secs
Sat Aug 22 10:37:36 2026: Image # 10, module MeasureObjectIntensityDistribution # 13: CPU_time = 55.47 secs, Wall_time = 55.41 secs
Sat Aug 22 10:38:31 2026: Image # 10, module MeasureObjectIntensityDistribution # 14: CPU_time = 32.19 secs, Wall_time = 32.15 secs
Sat Aug 22 10:39:04 2026: Image # 10, module RescaleIntensity # 15: CPU_time = 0.53 secs, Wall_time = 0.52 secs
Sat Aug 22 10:39:04 2026: Image # 10, module RescaleIntensity # 16: CPU_time = 0.52 secs, Wall_time = 0.52 secs
Sat Aug 22 10:39:05 2026: Image # 10, module RescaleIntensity # 17: CPU_time = 0.51 secs, Wall_time = 0.51 secs
Sat Aug 22 10:39:05 2026: Image # 10, module MeasureTexture # 18: CPU_time = 10.24 secs, Wall_time = 10.23 secs
Sat Aug 22 10:39:15 2026: Image # 10, module MeasureTexture # 19: CPU_time = 10.45 secs, Wall_time = 10.44 secs
Sat Aug 22 10:39:26 2026: Image # 10, module MeasureColocalization # 20: CPU_time = 554.14 secs, Wall_time = 175.11 secs
Sat Aug 22 10:42:21 2026: Image # 10, module ExportToSpreadsheet # 21: CPU_time = 0.00 secs, Wall_time = 0.00 secs
Sat Aug 22 10:42:21 2026: Image # 11, module Images # 1: CPU_time = 0.00 secs, Wall_time = 0.00 secs
Sat Aug 22 10:42:21 2026: Image # 11, module Metadata # 2: CPU_time = 0.00 secs, Wall_time = 0.00 secs
Sat Aug 22 10:42:21 2026: Image # 11, module NamesAndTypes # 3: CPU_time = 2.76 secs, Wall_time = 3.49 secs
Sat Aug 22 10:42:24 2026: Image # 11, module Groups # 4: CPU_time = 0.00 secs, Wall_time = 0.00 secs
Sat Aug 22 10:42:24 2026: Image # 11, module MaskImage # 5: CPU_time = 0.15 secs, Wall_time = 0.11 secs
Sat Aug 22 10:42:25 2026: Image # 11, module MaskImage # 6: CPU_time = 0.14 secs, Wall_time = 0.09 secs
Sat Aug 22 10:42:25 2026: Image # 11, module MaskImage # 7: CPU_time = 0.13 secs, Wall_time = 0.09 secs
Sat Aug 22 10:42:25 2026: Image # 11, module MaskImage # 8: CPU_time = 0.14 secs, Wall_time = 0.09 secs
Sat Aug 22 10:42:25 2026: Image # 11, module MaskObjects # 9: CPU_time = 0.60 secs, Wall_time = 0.59 secs
Sat Aug 22 10:42:25 2026: Image # 11, module MeasureObjectIntensity # 10: CPU_time = 14.31 secs, Wall_time = 14.29 secs
Sat Aug 22 10:42:40 2026: Image # 11, module MeasureGranularity # 11: CPU_time = 83.25 secs, Wall_time = 83.16 secs
Sat Aug 22 10:44:03 2026: Image # 11, module MeasureGranularity # 12: CPU_time = 34.36 secs, Wall_time = 34.32 secs
Sat Aug 22 10:44:37 2026: Image # 11, module MeasureObjectIntensityDistribution # 13: CPU_time = 51.76 secs, Wall_time = 51.70 secs
Sat Aug 22 10:45:29 2026: Image # 11, module MeasureObjectIntensityDistribution # 14: CPU_time = 31.31 secs, Wall_time = 31.28 secs
Sat Aug 22 10:46:00 2026: Image # 11, module RescaleIntensity # 15: CPU_time = 0.52 secs, Wall_time = 0.51 secs
Sat Aug 22 10:46:01 2026: Image # 11, module RescaleIntensity # 16: CPU_time = 0.50 secs, Wall_time = 0.50 secs
Sat Aug 22 10:46:01 2026: Image # 11, module RescaleIntensity # 17: CPU_time = 0.49 secs, Wall_time = 0.49 secs
Sat Aug 22 10:46:02 2026: Image # 11, module MeasureTexture # 18: CPU_time = 9.91 secs, Wall_time = 9.91 secs
Sat Aug 22 10:46:12 2026: Image # 11, module MeasureTexture # 19: CPU_time = 9.94 secs, Wall_time = 9.93 secs
Sat Aug 22 10:46:22 2026: Image # 11, module MeasureColocalization # 20: CPU_time = 548.82 secs, Wall_time = 172.31 secs
Sat Aug 22 10:49:14 2026: Image # 11, module ExportToSpreadsheet # 21: CPU_time = 0.00 secs, Wall_time = 0.00 secs
Sat Aug 22 10:49:14 2026: Image # 12, module Images # 1: CPU_time = 0.00 secs, Wall_time = 0.00 secs
Sat Aug 22 10:49:14 2026: Image # 12, module Metadata # 2: CPU_time = 0.00 secs, Wall_time = 0.00 secs
Sat Aug 22 10:49:14 2026: Image # 12, module NamesAndTypes # 3: CPU_time = 2.84 secs, Wall_time = 3.75 secs
Sat Aug 22 10:49:18 2026: Image # 12, module Groups # 4: CPU_time = 0.00 secs, Wall_time = 0.00 secs
Sat Aug 22 10:49:18 2026: Image # 12, module MaskImage # 5: CPU_time = 0.17 secs, Wall_time = 0.11 secs
Sat Aug 22 10:49:18 2026: Image # 12, module MaskImage # 6: CPU_time = 0.14 secs, Wall_time = 0.09 secs
Sat Aug 22 10:49:18 2026: Image # 12, module MaskImage # 7: CPU_time = 0.17 secs, Wall_time = 0.11 secs
Sat Aug 22 10:49:18 2026: Image # 12, module MaskImage # 8: CPU_time = 0.18 secs, Wall_time = 0.11 secs
Sat Aug 22 10:49:18 2026: Image # 12, module MaskObjects # 9: CPU_time = 0.51 secs, Wall_time = 0.51 secs
Sat Aug 22 10:49:19 2026: Image # 12, module MeasureObjectIntensity # 10: CPU_time = 11.84 secs, Wall_time = 11.82 secs
Sat Aug 22 10:49:30 2026: Image # 12, module MeasureGranularity # 11: CPU_time = 71.11 secs, Wall_time = 71.04 secs
Sat Aug 22 10:50:41 2026: Image # 12, module MeasureGranularity # 12: CPU_time = 31.27 secs, Wall_time = 31.24 secs
Sat Aug 22 10:51:13 2026: Image # 12, module MeasureObjectIntensityDistribution # 13: CPU_time = 42.07 secs, Wall_time = 42.02 secs
Sat Aug 22 10:51:55 2026: Image # 12, module MeasureObjectIntensityDistribution # 14: CPU_time = 26.10 secs, Wall_time = 26.06 secs
Sat Aug 22 10:52:21 2026: Image # 12, module RescaleIntensity # 15: CPU_time = 0.42 secs, Wall_time = 0.42 secs
Sat Aug 22 10:52:21 2026: Image # 12, module RescaleIntensity # 16: CPU_time = 0.42 secs, Wall_time = 0.42 secs
Sat Aug 22 10:52:22 2026: Image # 12, module RescaleIntensity # 17: CPU_time = 0.41 secs, Wall_time = 0.41 secs
Sat Aug 22 10:52:22 2026: Image # 12, module MeasureTexture # 18: CPU_time = 8.45 secs, Wall_time = 8.45 secs
Sat Aug 22 10:52:30 2026: Image # 12, module MeasureTexture # 19: CPU_time = 8.43 secs, Wall_time = 8.43 secs
Sat Aug 22 10:52:39 2026: Image # 12, module MeasureColocalization # 20: CPU_time = 719.26 secs, Wall_time = 205.39 secs
Sat Aug 22 10:56:04 2026: Image # 12, module ExportToSpreadsheet # 21: CPU_time = 0.00 secs, Wall_time = 0.00 secs
Sat Aug 22 10:56:04 2026: Image # 13, module Images # 1: CPU_time = 0.01 secs, Wall_time = 0.00 secs
Sat Aug 22 10:56:04 2026: Image # 13, module Metadata # 2: CPU_time = 0.00 secs, Wall_time = 0.00 secs
Sat Aug 22 10:56:04 2026: Image # 13, module NamesAndTypes # 3: CPU_time = 2.90 secs, Wall_time = 3.21 secs
Sat Aug 22 10:56:08 2026: Image # 13, module Groups # 4: CPU_time = 0.00 secs, Wall_time = 0.00 secs
Sat Aug 22 10:56:08 2026: Image # 13, module MaskImage # 5: CPU_time = 0.15 secs, Wall_time = 0.11 secs
Sat Aug 22 10:56:08 2026: Image # 13, module MaskImage # 6: CPU_time = 0.12 secs, Wall_time = 0.09 secs
Sat Aug 22 10:56:08 2026: Image # 13, module MaskImage # 7: CPU_time = 0.13 secs, Wall_time = 0.09 secs
Sat Aug 22 10:56:08 2026: Image # 13, module MaskImage # 8: CPU_time = 0.14 secs, Wall_time = 0.09 secs
Sat Aug 22 10:56:08 2026: Image # 13, module MaskObjects # 9: CPU_time = 0.47 secs, Wall_time = 0.48 secs
Sat Aug 22 10:56:08 2026: Image # 13, module MeasureObjectIntensity # 10: CPU_time = 6.71 secs, Wall_time = 6.70 secs
Sat Aug 22 10:56:15 2026: Image # 13, module MeasureGranularity # 11: CPU_time = 44.85 secs, Wall_time = 44.81 secs
Sat Aug 22 10:57:00 2026: Image # 13, module MeasureGranularity # 12: CPU_time = 26.74 secs, Wall_time = 26.70 secs
Sat Aug 22 10:57:27 2026: Image # 13, module MeasureObjectIntensityDistribution # 13: CPU_time = 25.11 secs, Wall_time = 25.08 secs
Sat Aug 22 10:57:52 2026: Image # 13, module MeasureObjectIntensityDistribution # 14: CPU_time = 19.48 secs, Wall_time = 19.46 secs
Sat Aug 22 10:58:11 2026: Image # 13, module RescaleIntensity # 15: CPU_time = 0.20 secs, Wall_time = 0.21 secs
Sat Aug 22 10:58:11 2026: Image # 13, module RescaleIntensity # 16: CPU_time = 0.21 secs, Wall_time = 0.21 secs
Sat Aug 22 10:58:12 2026: Image # 13, module RescaleIntensity # 17: CPU_time = 0.20 secs, Wall_time = 0.20 secs
Sat Aug 22 10:58:12 2026: Image # 13, module MeasureTexture # 18: CPU_time = 4.17 secs, Wall_time = 4.17 secs
Sat Aug 22 10:58:16 2026: Image # 13, module MeasureTexture # 19: CPU_time = 3.44 secs, Wall_time = 3.43 secs
Sat Aug 22 10:58:19 2026: Image # 13, module MeasureColocalization # 20: CPU_time = 224.54 secs, Wall_time = 61.89 secs
Sat Aug 22 10:59:21 2026: Image # 13, module ExportToSpreadsheet # 21: CPU_time = 0.00 secs, Wall_time = 0.00 secs
Sat Aug 22 10:59:21 2026: Image # 14, module Images # 1: CPU_time = 0.00 secs, Wall_time = 0.00 secs
Sat Aug 22 10:59:21 2026: Image # 14, module Metadata # 2: CPU_time = 0.00 secs, Wall_time = 0.00 secs
Sat Aug 22 10:59:21 2026: Image # 14, module NamesAndTypes # 3: CPU_time = 3.10 secs, Wall_time = 4.05 secs
Sat Aug 22 10:59:25 2026: Image # 14, module Groups # 4: CPU_time = 0.00 secs, Wall_time = 0.00 secs
Sat Aug 22 10:59:25 2026: Image # 14, module MaskImage # 5: CPU_time = 0.15 secs, Wall_time = 0.11 secs
Sat Aug 22 10:59:25 2026: Image # 14, module MaskImage # 6: CPU_time = 0.13 secs, Wall_time = 0.09 secs
Sat Aug 22 10:59:26 2026: Image # 14, module MaskImage # 7: CPU_time = 0.18 secs, Wall_time = 0.11 secs
Sat Aug 22 10:59:26 2026: Image # 14, module MaskImage # 8: CPU_time = 0.18 secs, Wall_time = 0.11 secs
Sat Aug 22 10:59:26 2026: Image # 14, module MaskObjects # 9: CPU_time = 0.47 secs, Wall_time = 0.47 secs
Sat Aug 22 10:59:26 2026: Image # 14, module MeasureObjectIntensity # 10: CPU_time = 7.89 secs, Wall_time = 7.88 secs
Sat Aug 22 10:59:34 2026: Image # 14, module MeasureGranularity # 11: CPU_time = 49.65 secs, Wall_time = 49.60 secs
Sat Aug 22 11:00:24 2026: Image # 14, module MeasureGranularity # 12: CPU_time = 28.09 secs, Wall_time = 28.06 secs
Sat Aug 22 11:00:52 2026: Image # 14, module MeasureObjectIntensityDistribution # 13: CPU_time = 30.12 secs, Wall_time = 30.09 secs
Sat Aug 22 11:01:22 2026: Image # 14, module MeasureObjectIntensityDistribution # 14: CPU_time = 24.24 secs, Wall_time = 24.21 secs
Sat Aug 22 11:01:46 2026: Image # 14, module RescaleIntensity # 15: CPU_time = 0.25 secs, Wall_time = 0.25 secs
Sat Aug 22 11:01:46 2026: Image # 14, module RescaleIntensity # 16: CPU_time = 0.25 secs, Wall_time = 0.25 secs
Sat Aug 22 11:01:47 2026: Image # 14, module RescaleIntensity # 17: CPU_time = 0.26 secs, Wall_time = 0.25 secs
Sat Aug 22 11:01:47 2026: Image # 14, module MeasureTexture # 18: CPU_time = 4.50 secs, Wall_time = 4.49 secs
Sat Aug 22 11:01:51 2026: Image # 14, module MeasureTexture # 19: CPU_time = 3.63 secs, Wall_time = 3.64 secs
Sat Aug 22 11:01:55 2026: Image # 14, module MeasureColocalization # 20: CPU_time = 276.28 secs, Wall_time = 75.05 secs
Sat Aug 22 11:03:10 2026: Image # 14, module ExportToSpreadsheet # 21: CPU_time = 0.00 secs, Wall_time = 0.00 secs
Sat Aug 22 11:03:10 2026: Image # 15, module Images # 1: CPU_time = 0.00 secs, Wall_time = 0.00 secs
Sat Aug 22 11:03:10 2026: Image # 15, module Metadata # 2: CPU_time = 0.00 secs, Wall_time = 0.00 secs
Sat Aug 22 11:03:10 2026: Image # 15, module NamesAndTypes # 3: CPU_time = 3.00 secs, Wall_time = 3.54 secs
Sat Aug 22 11:03:14 2026: Image # 15, module Groups # 4: CPU_time = 0.00 secs, Wall_time = 0.00 secs
Sat Aug 22 11:03:14 2026: Image # 15, module MaskImage # 5: CPU_time = 0.16 secs, Wall_time = 0.11 secs
Sat Aug 22 11:03:14 2026: Image # 15, module MaskImage # 6: CPU_time = 0.14 secs, Wall_time = 0.09 secs
Sat Aug 22 11:03:14 2026: Image # 15, module MaskImage # 7: CPU_time = 0.13 secs, Wall_time = 0.09 secs
Sat Aug 22 11:03:14 2026: Image # 15, module MaskImage # 8: CPU_time = 0.13 secs, Wall_time = 0.09 secs
Sat Aug 22 11:03:14 2026: Image # 15, module MaskObjects # 9: CPU_time = 0.49 secs, Wall_time = 0.49 secs
Sat Aug 22 11:03:15 2026: Image # 15, module MeasureObjectIntensity # 10: CPU_time = 13.10 secs, Wall_time = 13.09 secs
Sat Aug 22 11:03:28 2026: Image # 15, module MeasureGranularity # 11: CPU_time = 71.23 secs, Wall_time = 71.15 secs
Sat Aug 22 11:04:39 2026: Image # 15, module MeasureGranularity # 12: CPU_time = 31.65 secs, Wall_time = 31.62 secs
Sat Aug 22 11:05:10 2026: Image # 15, module MeasureObjectIntensityDistribution # 13: CPU_time = 53.81 secs, Wall_time = 53.74 secs
Sat Aug 22 11:06:04 2026: Image # 15, module MeasureObjectIntensityDistribution # 14: CPU_time = 41.73 secs, Wall_time = 41.69 secs
Sat Aug 22 11:06:46 2026: Image # 15, module RescaleIntensity # 15: CPU_time = 0.46 secs, Wall_time = 0.46 secs
Sat Aug 22 11:06:46 2026: Image # 15, module RescaleIntensity # 16: CPU_time = 0.45 secs, Wall_time = 0.45 secs
Sat Aug 22 11:06:47 2026: Image # 15, module RescaleIntensity # 17: CPU_time = 0.45 secs, Wall_time = 0.45 secs
Sat Aug 22 11:06:47 2026: Image # 15, module MeasureTexture # 18: CPU_time = 5.65 secs, Wall_time = 5.64 secs
Sat Aug 22 11:06:53 2026: Image # 15, module MeasureTexture # 19: CPU_time = 4.89 secs, Wall_time = 4.88 secs
Sat Aug 22 11:06:58 2026: Image # 15, module MeasureColocalization # 20: CPU_time = 622.53 secs, Wall_time = 188.37 secs
Sat Aug 22 11:10:06 2026: Image # 15, module ExportToSpreadsheet # 21: CPU_time = 0.00 secs, Wall_time = 0.00 secs
Sat Aug 22 11:10:06 2026: Image # 16, module Images # 1: CPU_time = 0.00 secs, Wall_time = 0.00 secs
Sat Aug 22 11:10:06 2026: Image # 16, module Metadata # 2: CPU_time = 0.00 secs, Wall_time = 0.00 secs
Sat Aug 22 11:10:06 2026: Image # 16, module NamesAndTypes # 3: CPU_time = 2.85 secs, Wall_time = 3.80 secs
Sat Aug 22 11:10:10 2026: Image # 16, module Groups # 4: CPU_time = 0.00 secs, Wall_time = 0.00 secs
Sat Aug 22 11:10:10 2026: Image # 16, module MaskImage # 5: CPU_time = 0.18 secs, Wall_time = 0.11 secs
Sat Aug 22 11:10:10 2026: Image # 16, module MaskImage # 6: CPU_time = 0.19 secs, Wall_time = 0.11 secs
Sat Aug 22 11:10:10 2026: Image # 16, module MaskImage # 7: CPU_time = 0.17 secs, Wall_time = 0.11 secs
Sat Aug 22 11:10:10 2026: Image # 16, module MaskImage # 8: CPU_time = 0.18 secs, Wall_time = 0.11 secs
Sat Aug 22 11:10:10 2026: Image # 16, module MaskObjects # 9: CPU_time = 0.52 secs, Wall_time = 0.51 secs
Sat Aug 22 11:10:11 2026: Image # 16, module MeasureObjectIntensity # 10: CPU_time = 13.39 secs, Wall_time = 13.37 secs
Sat Aug 22 11:10:24 2026: Image # 16, module MeasureGranularity # 11: CPU_time = 71.19 secs, Wall_time = 71.11 secs
Sat Aug 22 11:11:35 2026: Image # 16, module MeasureGranularity # 12: CPU_time = 32.15 secs, Wall_time = 32.11 secs
Sat Aug 22 11:12:08 2026: Image # 16, module MeasureObjectIntensityDistribution # 13: CPU_time = 54.79 secs, Wall_time = 54.72 secs
Sat Aug 22 11:13:02 2026: Image # 16, module MeasureObjectIntensityDistribution # 14: CPU_time = 43.22 secs, Wall_time = 43.17 secs
Sat Aug 22 11:13:45 2026: Image # 16, module RescaleIntensity # 15: CPU_time = 0.46 secs, Wall_time = 0.46 secs
Sat Aug 22 11:13:46 2026: Image # 16, module RescaleIntensity # 16: CPU_time = 0.46 secs, Wall_time = 0.45 secs
Sat Aug 22 11:13:46 2026: Image # 16, module RescaleIntensity # 17: CPU_time = 0.45 secs, Wall_time = 0.45 secs
Sat Aug 22 11:13:47 2026: Image # 16, module MeasureTexture # 18: CPU_time = 5.95 secs, Wall_time = 5.95 secs
Sat Aug 22 11:13:53 2026: Image # 16, module MeasureTexture # 19: CPU_time = 5.19 secs, Wall_time = 5.19 secs
Sat Aug 22 11:13:58 2026: Image # 16, module MeasureColocalization # 20: CPU_time = 785.47 secs, Wall_time = 225.26 secs
Sat Aug 22 11:17:43 2026: Image # 16, module ExportToSpreadsheet # 21: CPU_time = 0.00 secs, Wall_time = 0.00 secs
Sat Aug 22 11:17:43 2026: Image # 17, module Images # 1: CPU_time = 0.00 secs, Wall_time = 0.00 secs
Sat Aug 22 11:17:43 2026: Image # 17, module Metadata # 2: CPU_time = 0.00 secs, Wall_time = 0.00 secs
Sat Aug 22 11:17:43 2026: Image # 17, module NamesAndTypes # 3: CPU_time = 2.92 secs, Wall_time = 3.54 secs
Sat Aug 22 11:17:47 2026: Image # 17, module Groups # 4: CPU_time = 0.00 secs, Wall_time = 0.00 secs
Sat Aug 22 11:17:47 2026: Image # 17, module MaskImage # 5: CPU_time = 0.17 secs, Wall_time = 0.11 secs
Sat Aug 22 11:17:47 2026: Image # 17, module MaskImage # 6: CPU_time = 0.17 secs, Wall_time = 0.11 secs
Sat Aug 22 11:17:47 2026: Image # 17, module MaskImage # 7: CPU_time = 0.17 secs, Wall_time = 0.11 secs
Sat Aug 22 11:17:47 2026: Image # 17, module MaskImage # 8: CPU_time = 0.17 secs, Wall_time = 0.11 secs
Sat Aug 22 11:17:47 2026: Image # 17, module MaskObjects # 9: CPU_time = 0.47 secs, Wall_time = 0.47 secs
Sat Aug 22 11:17:48 2026: Image # 17, module MeasureObjectIntensity # 10: CPU_time = 8.25 secs, Wall_time = 8.23 secs
Sat Aug 22 11:17:56 2026: Image # 17, module MeasureGranularity # 11: CPU_time = 50.03 secs, Wall_time = 49.98 secs
Sat Aug 22 11:18:46 2026: Image # 17, module MeasureGranularity # 12: CPU_time = 27.06 secs, Wall_time = 27.02 secs
Sat Aug 22 11:19:13 2026: Image # 17, module MeasureObjectIntensityDistribution # 13: CPU_time = 30.98 secs, Wall_time = 30.95 secs
Sat Aug 22 11:19:44 2026: Image # 17, module MeasureObjectIntensityDistribution # 14: CPU_time = 24.51 secs, Wall_time = 24.48 secs
Sat Aug 22 11:20:08 2026: Image # 17, module RescaleIntensity # 15: CPU_time = 0.27 secs, Wall_time = 0.27 secs
Sat Aug 22 11:20:09 2026: Image # 17, module RescaleIntensity # 16: CPU_time = 0.27 secs, Wall_time = 0.27 secs
Sat Aug 22 11:20:09 2026: Image # 17, module RescaleIntensity # 17: CPU_time = 0.26 secs, Wall_time = 0.26 secs
Sat Aug 22 11:20:09 2026: Image # 17, module MeasureTexture # 18: CPU_time = 4.29 secs, Wall_time = 4.28 secs
Sat Aug 22 11:20:13 2026: Image # 17, module MeasureTexture # 19: CPU_time = 3.57 secs, Wall_time = 3.56 secs
Sat Aug 22 11:20:17 2026: Image # 17, module MeasureColocalization # 20: CPU_time = 382.50 secs, Wall_time = 104.45 secs
Sat Aug 22 11:22:02 2026: Image # 17, module ExportToSpreadsheet # 21: CPU_time = 0.01 secs, Wall_time = 0.00 secs
Sat Aug 22 11:22:02 2026: Image # 18, module Images # 1: CPU_time = 0.00 secs, Wall_time = 0.00 secs
Sat Aug 22 11:22:02 2026: Image # 18, module Metadata # 2: CPU_time = 0.00 secs, Wall_time = 0.00 secs
Sat Aug 22 11:22:02 2026: Image # 18, module NamesAndTypes # 3: CPU_time = 2.87 secs, Wall_time = 4.51 secs
Sat Aug 22 11:22:06 2026: Image # 18, module Groups # 4: CPU_time = 0.00 secs, Wall_time = 0.00 secs
Sat Aug 22 11:22:06 2026: Image # 18, module MaskImage # 5: CPU_time = 0.18 secs, Wall_time = 0.11 secs
Sat Aug 22 11:22:06 2026: Image # 18, module MaskImage # 6: CPU_time = 0.18 secs, Wall_time = 0.11 secs
Sat Aug 22 11:22:06 2026: Image # 18, module MaskImage # 7: CPU_time = 0.18 secs, Wall_time = 0.11 secs
Sat Aug 22 11:22:06 2026: Image # 18, module MaskImage # 8: CPU_time = 0.17 secs, Wall_time = 0.11 secs
Sat Aug 22 11:22:06 2026: Image # 18, module MaskObjects # 9: CPU_time = 0.47 secs, Wall_time = 0.47 secs
Sat Aug 22 11:22:07 2026: Image # 18, module MeasureObjectIntensity # 10: CPU_time = 7.24 secs, Wall_time = 7.23 secs
Sat Aug 22 11:22:14 2026: Image # 18, module MeasureGranularity # 11: CPU_time = 45.65 secs, Wall_time = 45.60 secs
Sat Aug 22 11:23:00 2026: Image # 18, module MeasureGranularity # 12: CPU_time = 26.79 secs, Wall_time = 26.76 secs
Sat Aug 22 11:23:27 2026: Image # 18, module MeasureObjectIntensityDistribution # 13: CPU_time = 28.13 secs, Wall_time = 28.10 secs
Sat Aug 22 11:23:55 2026: Image # 18, module MeasureObjectIntensityDistribution # 14: CPU_time = 22.19 secs, Wall_time = 22.17 secs
Sat Aug 22 11:24:17 2026: Image # 18, module RescaleIntensity # 15: CPU_time = 0.23 secs, Wall_time = 0.24 secs
Sat Aug 22 11:24:17 2026: Image # 18, module RescaleIntensity # 16: CPU_time = 0.23 secs, Wall_time = 0.24 secs
Sat Aug 22 11:24:17 2026: Image # 18, module RescaleIntensity # 17: CPU_time = 0.23 secs, Wall_time = 0.23 secs
Sat Aug 22 11:24:18 2026: Image # 18, module MeasureTexture # 18: CPU_time = 4.23 secs, Wall_time = 4.22 secs
Sat Aug 22 11:24:22 2026: Image # 18, module MeasureTexture # 19: CPU_time = 3.49 secs, Wall_time = 3.49 secs
Sat Aug 22 11:24:25 2026: Image # 18, module MeasureColocalization # 20: CPU_time = 485.00 secs, Wall_time = 130.76 secs
Sat Aug 22 11:26:36 2026: Image # 18, module ExportToSpreadsheet # 21: CPU_time = 0.00 secs, Wall_time = 0.00 secs
Sat Aug 22 11:26:36 2026: Image # 19, module Images # 1: CPU_time = 0.00 secs, Wall_time = 0.00 secs
Sat Aug 22 11:26:36 2026: Image # 19, module Metadata # 2: CPU_time = 0.00 secs, Wall_time = 0.00 secs
Sat Aug 22 11:26:36 2026: Image # 19, module NamesAndTypes # 3: CPU_time = 2.85 secs, Wall_time = 3.03 secs
Sat Aug 22 11:26:39 2026: Image # 19, module Groups # 4: CPU_time = 0.00 secs, Wall_time = 0.00 secs
Sat Aug 22 11:26:39 2026: Image # 19, module MaskImage # 5: CPU_time = 0.28 secs, Wall_time = 0.12 secs
Sat Aug 22 11:26:39 2026: Image # 19, module MaskImage # 6: CPU_time = 0.18 secs, Wall_time = 0.11 secs
Sat Aug 22 11:26:39 2026: Image # 19, module MaskImage # 7: CPU_time = 0.17 secs, Wall_time = 0.11 secs
Sat Aug 22 11:26:39 2026: Image # 19, module MaskImage # 8: CPU_time = 0.18 secs, Wall_time = 0.11 secs
Sat Aug 22 11:26:40 2026: Image # 19, module MaskObjects # 9: CPU_time = 0.47 secs, Wall_time = 0.47 secs
Sat Aug 22 11:26:40 2026: Image # 19, module MeasureObjectIntensity # 10: CPU_time = 4.35 secs, Wall_time = 4.34 secs
Sat Aug 22 11:26:44 2026: Image # 19, module MeasureGranularity # 11: CPU_time = 35.46 secs, Wall_time = 35.42 secs
Sat Aug 22 11:27:20 2026: Image # 19, module MeasureGranularity # 12: CPU_time = 24.62 secs, Wall_time = 24.59 secs
Sat Aug 22 11:27:44 2026: Image # 19, module MeasureObjectIntensityDistribution # 13: CPU_time = 12.91 secs, Wall_time = 12.89 secs
Sat Aug 22 11:27:57 2026: Image # 19, module MeasureObjectIntensityDistribution # 14: CPU_time = 10.50 secs, Wall_time = 10.49 secs
Sat Aug 22 11:28:08 2026: Image # 19, module RescaleIntensity # 15: CPU_time = 0.11 secs, Wall_time = 0.12 secs
Sat Aug 22 11:28:08 2026: Image # 19, module RescaleIntensity # 16: CPU_time = 0.12 secs, Wall_time = 0.12 secs
Sat Aug 22 11:28:08 2026: Image # 19, module RescaleIntensity # 17: CPU_time = 0.12 secs, Wall_time = 0.12 secs
Sat Aug 22 11:28:08 2026: Image # 19, module MeasureTexture # 18: CPU_time = 3.57 secs, Wall_time = 3.56 secs
Sat Aug 22 11:28:12 2026: Image # 19, module MeasureTexture # 19: CPU_time = 2.88 secs, Wall_time = 2.88 secs
Sat Aug 22 11:28:15 2026: Image # 19, module MeasureColocalization # 20: CPU_time = 90.91 secs, Wall_time = 24.69 secs
Sat Aug 22 11:28:39 2026: Image # 19, module ExportToSpreadsheet # 21: CPU_time = 0.01 secs, Wall_time = 0.00 secs
Sat Aug 22 11:28:39 2026: Image # 20, module Images # 1: CPU_time = 0.00 secs, Wall_time = 0.00 secs
Sat Aug 22 11:28:39 2026: Image # 20, module Metadata # 2: CPU_time = 0.00 secs, Wall_time = 0.00 secs
Sat Aug 22 11:28:39 2026: Image # 20, module NamesAndTypes # 3: CPU_time = 2.83 secs, Wall_time = 3.37 secs
Sat Aug 22 11:28:43 2026: Image # 20, module Groups # 4: CPU_time = 0.00 secs, Wall_time = 0.00 secs
Sat Aug 22 11:28:43 2026: Image # 20, module MaskImage # 5: CPU_time = 0.14 secs, Wall_time = 0.11 secs
Sat Aug 22 11:28:43 2026: Image # 20, module MaskImage # 6: CPU_time = 0.13 secs, Wall_time = 0.09 secs
Sat Aug 22 11:28:43 2026: Image # 20, module MaskImage # 7: CPU_time = 0.14 secs, Wall_time = 0.09 secs
Sat Aug 22 11:28:43 2026: Image # 20, module MaskImage # 8: CPU_time = 0.14 secs, Wall_time = 0.09 secs
Sat Aug 22 11:28:43 2026: Image # 20, module MaskObjects # 9: CPU_time = 0.46 secs, Wall_time = 0.46 secs
Sat Aug 22 11:28:44 2026: Image # 20, module MeasureObjectIntensity # 10: CPU_time = 5.34 secs, Wall_time = 5.34 secs
Sat Aug 22 11:28:49 2026: Image # 20, module MeasureGranularity # 11: CPU_time = 38.81 secs, Wall_time = 38.77 secs
Sat Aug 22 11:29:28 2026: Image # 20, module MeasureGranularity # 12: CPU_time = 25.18 secs, Wall_time = 25.15 secs
Sat Aug 22 11:29:53 2026: Image # 20, module MeasureObjectIntensityDistribution # 13: CPU_time = 18.14 secs, Wall_time = 18.13 secs
Sat Aug 22 11:30:11 2026: Image # 20, module MeasureObjectIntensityDistribution # 14: CPU_time = 15.16 secs, Wall_time = 15.15 secs
Sat Aug 22 11:30:26 2026: Image # 20, module RescaleIntensity # 15: CPU_time = 0.16 secs, Wall_time = 0.16 secs
Sat Aug 22 11:30:26 2026: Image # 20, module RescaleIntensity # 16: CPU_time = 0.16 secs, Wall_time = 0.16 secs
Sat Aug 22 11:30:26 2026: Image # 20, module RescaleIntensity # 17: CPU_time = 0.16 secs, Wall_time = 0.16 secs
Sat Aug 22 11:30:27 2026: Image # 20, module MeasureTexture # 18: CPU_time = 3.88 secs, Wall_time = 3.88 secs
Sat Aug 22 11:30:30 2026: Image # 20, module MeasureTexture # 19: CPU_time = 3.22 secs, Wall_time = 3.22 secs
Sat Aug 22 11:30:34 2026: Image # 20, module MeasureColocalization # 20: CPU_time = 123.46 secs, Wall_time = 34.06 secs
Sat Aug 22 11:31:08 2026: Image # 20, module ExportToSpreadsheet # 21: CPU_time = 0.00 secs, Wall_time = 0.00 secs
Sat Aug 22 11:31:08 2026: Image # 21, module Images # 1: CPU_time = 0.00 secs, Wall_time = 0.00 secs
Sat Aug 22 11:31:08 2026: Image # 21, module Metadata # 2: CPU_time = 0.00 secs, Wall_time = 0.00 secs
Sat Aug 22 11:31:08 2026: Image # 21, module NamesAndTypes # 3: CPU_time = 2.73 secs, Wall_time = 3.11 secs
Sat Aug 22 11:31:11 2026: Image # 21, module Groups # 4: CPU_time = 0.00 secs, Wall_time = 0.00 secs
Sat Aug 22 11:31:11 2026: Image # 21, module MaskImage # 5: CPU_time = 0.16 secs, Wall_time = 0.11 secs
Sat Aug 22 11:31:11 2026: Image # 21, module MaskImage # 6: CPU_time = 0.13 secs, Wall_time = 0.09 secs
Sat Aug 22 11:31:11 2026: Image # 21, module MaskImage # 7: CPU_time = 0.14 secs, Wall_time = 0.09 secs
Sat Aug 22 11:31:11 2026: Image # 21, module MaskImage # 8: CPU_time = 0.14 secs, Wall_time = 0.09 secs
Sat Aug 22 11:31:11 2026: Image # 21, module MaskObjects # 9: CPU_time = 0.48 secs, Wall_time = 0.47 secs
Sat Aug 22 11:31:12 2026: Image # 21, module MeasureObjectIntensity # 10: CPU_time = 5.46 secs, Wall_time = 5.45 secs
Sat Aug 22 11:31:17 2026: Image # 21, module MeasureGranularity # 11: CPU_time = 39.44 secs, Wall_time = 39.40 secs
Sat Aug 22 11:31:57 2026: Image # 21, module MeasureGranularity # 12: CPU_time = 25.49 secs, Wall_time = 25.46 secs
Sat Aug 22 11:32:22 2026: Image # 21, module MeasureObjectIntensityDistribution # 13: CPU_time = 18.48 secs, Wall_time = 18.46 secs
Sat Aug 22 11:32:41 2026: Image # 21, module MeasureObjectIntensityDistribution # 14: CPU_time = 15.19 secs, Wall_time = 15.18 secs
Sat Aug 22 11:32:56 2026: Image # 21, module RescaleIntensity # 15: CPU_time = 0.16 secs, Wall_time = 0.16 secs
Sat Aug 22 11:32:56 2026: Image # 21, module RescaleIntensity # 16: CPU_time = 0.16 secs, Wall_time = 0.16 secs
Sat Aug 22 11:32:56 2026: Image # 21, module RescaleIntensity # 17: CPU_time = 0.15 secs, Wall_time = 0.16 secs
Sat Aug 22 11:32:56 2026: Image # 21, module MeasureTexture # 18: CPU_time = 3.91 secs, Wall_time = 3.90 secs
Sat Aug 22 11:33:00 2026: Image # 21, module MeasureTexture # 19: CPU_time = 3.22 secs, Wall_time = 3.21 secs
Sat Aug 22 11:33:03 2026: Image # 21, module MeasureColocalization # 20: CPU_time = 118.22 secs, Wall_time = 32.69 secs
Sat Aug 22 11:33:36 2026: Image # 21, module ExportToSpreadsheet # 21: CPU_time = 0.02 secs, Wall_time = 0.01 secs
Sat Aug 22 11:33:36 2026: Image # 22, module Images # 1: CPU_time = 0.00 secs, Wall_time = 0.00 secs
Sat Aug 22 11:33:36 2026: Image # 22, module Metadata # 2: CPU_time = 0.00 secs, Wall_time = 0.00 secs
Sat Aug 22 11:33:36 2026: Image # 22, module NamesAndTypes # 3: CPU_time = 2.64 secs, Wall_time = 3.13 secs
Sat Aug 22 11:33:39 2026: Image # 22, module Groups # 4: CPU_time = 0.00 secs, Wall_time = 0.00 secs
Sat Aug 22 11:33:39 2026: Image # 22, module MaskImage # 5: CPU_time = 0.15 secs, Wall_time = 0.11 secs
Sat Aug 22 11:33:39 2026: Image # 22, module MaskImage # 6: CPU_time = 0.14 secs, Wall_time = 0.09 secs
Sat Aug 22 11:33:39 2026: Image # 22, module MaskImage # 7: CPU_time = 0.13 secs, Wall_time = 0.09 secs
Sat Aug 22 11:33:40 2026: Image # 22, module MaskImage # 8: CPU_time = 0.13 secs, Wall_time = 0.09 secs
Sat Aug 22 11:33:40 2026: Image # 22, module MaskObjects # 9: CPU_time = 0.46 secs, Wall_time = 0.47 secs
Sat Aug 22 11:33:40 2026: Image # 22, module MeasureObjectIntensity # 10: CPU_time = 5.11 secs, Wall_time = 5.11 secs
Sat Aug 22 11:33:45 2026: Image # 22, module MeasureGranularity # 11: CPU_time = 38.44 secs, Wall_time = 38.41 secs
Sat Aug 22 11:34:24 2026: Image # 22, module MeasureGranularity # 12: CPU_time = 25.23 secs, Wall_time = 25.20 secs
Sat Aug 22 11:34:49 2026: Image # 22, module MeasureObjectIntensityDistribution # 13: CPU_time = 16.98 secs, Wall_time = 16.96 secs
Sat Aug 22 11:35:06 2026: Image # 22, module MeasureObjectIntensityDistribution # 14: CPU_time = 14.33 secs, Wall_time = 14.31 secs
Sat Aug 22 11:35:20 2026: Image # 22, module RescaleIntensity # 15: CPU_time = 0.15 secs, Wall_time = 0.15 secs
Sat Aug 22 11:35:20 2026: Image # 22, module RescaleIntensity # 16: CPU_time = 0.15 secs, Wall_time = 0.15 secs
Sat Aug 22 11:35:20 2026: Image # 22, module RescaleIntensity # 17: CPU_time = 0.15 secs, Wall_time = 0.15 secs
Sat Aug 22 11:35:21 2026: Image # 22, module MeasureTexture # 18: CPU_time = 3.75 secs, Wall_time = 3.74 secs
Sat Aug 22 11:35:24 2026: Image # 22, module MeasureTexture # 19: CPU_time = 3.19 secs, Wall_time = 3.18 secs
Sat Aug 22 11:35:27 2026: Image # 22, module MeasureColocalization # 20: CPU_time = 90.87 secs, Wall_time = 25.65 secs
Sat Aug 22 11:35:53 2026: Image # 22, module ExportToSpreadsheet # 21: CPU_time = 0.00 secs, Wall_time = 0.00 secs
Sat Aug 22 11:35:53 2026: Image # 23, module Images # 1: CPU_time = 0.00 secs, Wall_time = 0.00 secs
Sat Aug 22 11:35:53 2026: Image # 23, module Metadata # 2: CPU_time = 0.00 secs, Wall_time = 0.00 secs
Sat Aug 22 11:35:53 2026: Image # 23, module NamesAndTypes # 3: CPU_time = 2.73 secs, Wall_time = 3.85 secs
Sat Aug 22 11:35:57 2026: Image # 23, module Groups # 4: CPU_time = 0.00 secs, Wall_time = 0.00 secs
Sat Aug 22 11:35:57 2026: Image # 23, module MaskImage # 5: CPU_time = 0.16 secs, Wall_time = 0.11 secs
Sat Aug 22 11:35:57 2026: Image # 23, module MaskImage # 6: CPU_time = 0.13 secs, Wall_time = 0.09 secs
Sat Aug 22 11:35:57 2026: Image # 23, module MaskImage # 7: CPU_time = 0.13 secs, Wall_time = 0.09 secs
Sat Aug 22 11:35:57 2026: Image # 23, module MaskImage # 8: CPU_time = 0.13 secs, Wall_time = 0.09 secs
Sat Aug 22 11:35:57 2026: Image # 23, module MaskObjects # 9: CPU_time = 0.49 secs, Wall_time = 0.49 secs
Sat Aug 22 11:35:58 2026: Image # 23, module MeasureObjectIntensity # 10: CPU_time = 4.51 secs, Wall_time = 4.50 secs
Sat Aug 22 11:36:02 2026: Image # 23, module MeasureGranularity # 11: CPU_time = 38.56 secs, Wall_time = 38.52 secs
Sat Aug 22 11:36:41 2026: Image # 23, module MeasureGranularity # 12: CPU_time = 26.84 secs, Wall_time = 26.80 secs
Sat Aug 22 11:37:08 2026: Image # 23, module MeasureObjectIntensityDistribution # 13: CPU_time = 13.54 secs, Wall_time = 13.53 secs
Sat Aug 22 11:37:21 2026: Image # 23, module MeasureObjectIntensityDistribution # 14: CPU_time = 11.54 secs, Wall_time = 11.52 secs
Sat Aug 22 11:37:33 2026: Image # 23, module RescaleIntensity # 15: CPU_time = 0.12 secs, Wall_time = 0.12 secs
Sat Aug 22 11:37:33 2026: Image # 23, module RescaleIntensity # 16: CPU_time = 0.12 secs, Wall_time = 0.13 secs
Sat Aug 22 11:37:33 2026: Image # 23, module RescaleIntensity # 17: CPU_time = 0.13 secs, Wall_time = 0.13 secs
Sat Aug 22 11:37:33 2026: Image # 23, module MeasureTexture # 18: CPU_time = 3.86 secs, Wall_time = 3.86 secs
Sat Aug 22 11:37:37 2026: Image # 23, module MeasureTexture # 19: CPU_time = 2.94 secs, Wall_time = 2.93 secs
Sat Aug 22 11:37:40 2026: Image # 23, module MeasureColocalization # 20: CPU_time = 69.51 secs, Wall_time = 19.49 secs
Sat Aug 22 11:37:59 2026: Image # 23, module ExportToSpreadsheet # 21: CPU_time = 0.00 secs, Wall_time = 0.00 secs
Sat Aug 22 11:37:59 2026: Image # 24, module Images # 1: CPU_time = 0.00 secs, Wall_time = 0.00 secs
Sat Aug 22 11:37:59 2026: Image # 24, module Metadata # 2: CPU_time = 0.00 secs, Wall_time = 0.00 secs
Sat Aug 22 11:37:59 2026: Image # 24, module NamesAndTypes # 3: CPU_time = 2.78 secs, Wall_time = 3.66 secs
Sat Aug 22 11:38:03 2026: Image # 24, module Groups # 4: CPU_time = 0.00 secs, Wall_time = 0.00 secs
Sat Aug 22 11:38:03 2026: Image # 24, module MaskImage # 5: CPU_time = 0.15 secs, Wall_time = 0.11 secs
Sat Aug 22 11:38:03 2026: Image # 24, module MaskImage # 6: CPU_time = 0.15 secs, Wall_time = 0.09 secs
Sat Aug 22 11:38:03 2026: Image # 24, module MaskImage # 7: CPU_time = 0.13 secs, Wall_time = 0.09 secs
Sat Aug 22 11:38:03 2026: Image # 24, module MaskImage # 8: CPU_time = 0.13 secs, Wall_time = 0.09 secs
Sat Aug 22 11:38:04 2026: Image # 24, module MaskObjects # 9: CPU_time = 0.49 secs, Wall_time = 0.49 secs
Sat Aug 22 11:38:04 2026: Image # 24, module MeasureObjectIntensity # 10: CPU_time = 4.08 secs, Wall_time = 4.08 secs
Sat Aug 22 11:38:08 2026: Image # 24, module MeasureGranularity # 11: CPU_time = 36.54 secs, Wall_time = 36.50 secs
Sat Aug 22 11:38:45 2026: Image # 24, module MeasureGranularity # 12: CPU_time = 25.37 secs, Wall_time = 25.35 secs
Sat Aug 22 11:39:10 2026: Image # 24, module MeasureObjectIntensityDistribution # 13: CPU_time = 12.08 secs, Wall_time = 12.06 secs
Sat Aug 22 11:39:22 2026: Image # 24, module MeasureObjectIntensityDistribution # 14: CPU_time = 9.95 secs, Wall_time = 9.95 secs
Sat Aug 22 11:39:32 2026: Image # 24, module RescaleIntensity # 15: CPU_time = 0.11 secs, Wall_time = 0.11 secs
Sat Aug 22 11:39:32 2026: Image # 24, module RescaleIntensity # 16: CPU_time = 0.12 secs, Wall_time = 0.11 secs
Sat Aug 22 11:39:32 2026: Image # 24, module RescaleIntensity # 17: CPU_time = 0.11 secs, Wall_time = 0.11 secs
Sat Aug 22 11:39:32 2026: Image # 24, module MeasureTexture # 18: CPU_time = 3.77 secs, Wall_time = 3.77 secs
Sat Aug 22 11:39:36 2026: Image # 24, module MeasureTexture # 19: CPU_time = 3.05 secs, Wall_time = 3.03 secs
Sat Aug 22 11:39:39 2026: Image # 24, module MeasureColocalization # 20: CPU_time = 25.75 secs, Wall_time = 8.14 secs
Sat Aug 22 11:39:47 2026: Image # 24, module ExportToSpreadsheet # 21: CPU_time = 0.00 secs, Wall_time = 0.00 secs
Sat Aug 22 11:39:47 2026: Image # 25, module Images # 1: CPU_time = 0.00 secs, Wall_time = 0.00 secs
Sat Aug 22 11:39:47 2026: Image # 25, module Metadata # 2: CPU_time = 0.00 secs, Wall_time = 0.00 secs
Sat Aug 22 11:39:47 2026: Image # 25, module NamesAndTypes # 3: CPU_time = 2.57 secs, Wall_time = 3.51 secs
Sat Aug 22 11:39:51 2026: Image # 25, module Groups # 4: CPU_time = 0.00 secs, Wall_time = 0.00 secs
Sat Aug 22 11:39:51 2026: Image # 25, module MaskImage # 5: CPU_time = 0.15 secs, Wall_time = 0.11 secs
Sat Aug 22 11:39:51 2026: Image # 25, module MaskImage # 6: CPU_time = 0.13 secs, Wall_time = 0.09 secs
Sat Aug 22 11:39:51 2026: Image # 25, module MaskImage # 7: CPU_time = 0.14 secs, Wall_time = 0.09 secs
Sat Aug 22 11:39:51 2026: Image # 25, module MaskImage # 8: CPU_time = 0.14 secs, Wall_time = 0.09 secs
Sat Aug 22 11:39:51 2026: Image # 25, module MaskObjects # 9: CPU_time = 0.51 secs, Wall_time = 0.51 secs
Sat Aug 22 11:39:52 2026: Image # 25, module MeasureObjectIntensity # 10: CPU_time = 6.15 secs, Wall_time = 6.14 secs
Sat Aug 22 11:39:58 2026: Image # 25, module MeasureGranularity # 11: CPU_time = 44.34 secs, Wall_time = 44.30 secs
Sat Aug 22 11:40:42 2026: Image # 25, module MeasureGranularity # 12: CPU_time = 26.67 secs, Wall_time = 26.64 secs
Sat Aug 22 11:41:09 2026: Image # 25, module MeasureObjectIntensityDistribution # 13: CPU_time = 21.81 secs, Wall_time = 21.78 secs
Sat Aug 22 11:41:31 2026: Image # 25, module MeasureObjectIntensityDistribution # 14: CPU_time = 15.47 secs, Wall_time = 15.45 secs
Sat Aug 22 11:41:46 2026: Image # 25, module RescaleIntensity # 15: CPU_time = 0.18 secs, Wall_time = 0.18 secs
Sat Aug 22 11:41:46 2026: Image # 25, module RescaleIntensity # 16: CPU_time = 0.18 secs, Wall_time = 0.18 secs
Sat Aug 22 11:41:46 2026: Image # 25, module RescaleIntensity # 17: CPU_time = 0.18 secs, Wall_time = 0.18 secs
Sat Aug 22 11:41:47 2026: Image # 25, module MeasureTexture # 18: CPU_time = 5.00 secs, Wall_time = 5.00 secs
Sat Aug 22 11:41:52 2026: Image # 25, module MeasureTexture # 19: CPU_time = 4.34 secs, Wall_time = 4.35 secs
Sat Aug 22 11:41:56 2026: Image # 25, module MeasureColocalization # 20: CPU_time = 200.19 secs, Wall_time = 53.60 secs
Sat Aug 22 11:42:50 2026: Image # 25, module ExportToSpreadsheet # 21: CPU_time = 0.00 secs, Wall_time = 0.00 secs
Sat Aug 22 11:42:50 2026: Image # 26, module Images # 1: CPU_time = 0.00 secs, Wall_time = 0.00 secs
Sat Aug 22 11:42:50 2026: Image # 26, module Metadata # 2: CPU_time = 0.00 secs, Wall_time = 0.00 secs
Sat Aug 22 11:42:50 2026: Image # 26, module NamesAndTypes # 3: CPU_time = 2.73 secs, Wall_time = 3.66 secs
Sat Aug 22 11:42:53 2026: Image # 26, module Groups # 4: CPU_time = 0.00 secs, Wall_time = 0.00 secs
Sat Aug 22 11:42:53 2026: Image # 26, module MaskImage # 5: CPU_time = 0.16 secs, Wall_time = 0.11 secs
Sat Aug 22 11:42:53 2026: Image # 26, module MaskImage # 6: CPU_time = 0.19 secs, Wall_time = 0.11 secs
Sat Aug 22 11:42:53 2026: Image # 26, module MaskImage # 7: CPU_time = 0.17 secs, Wall_time = 0.11 secs
Sat Aug 22 11:42:54 2026: Image # 26, module MaskImage # 8: CPU_time = 0.17 secs, Wall_time = 0.11 secs
Sat Aug 22 11:42:54 2026: Image # 26, module MaskObjects # 9: CPU_time = 0.51 secs, Wall_time = 0.51 secs
Sat Aug 22 11:42:54 2026: Image # 26, module MeasureObjectIntensity # 10: CPU_time = 8.14 secs, Wall_time = 8.13 secs
Sat Aug 22 11:43:02 2026: Image # 26, module MeasureGranularity # 11: CPU_time = 52.17 secs, Wall_time = 52.12 secs
Sat Aug 22 11:43:54 2026: Image # 26, module MeasureGranularity # 12: CPU_time = 27.39 secs, Wall_time = 27.37 secs
Sat Aug 22 11:44:22 2026: Image # 26, module MeasureObjectIntensityDistribution # 13: CPU_time = 32.94 secs, Wall_time = 32.90 secs
Sat Aug 22 11:44:55 2026: Image # 26, module MeasureObjectIntensityDistribution # 14: CPU_time = 20.58 secs, Wall_time = 20.55 secs
Sat Aug 22 11:45:15 2026: Image # 26, module RescaleIntensity # 15: CPU_time = 0.27 secs, Wall_time = 0.27 secs
Sat Aug 22 11:45:16 2026: Image # 26, module RescaleIntensity # 16: CPU_time = 0.26 secs, Wall_time = 0.27 secs
Sat Aug 22 11:45:16 2026: Image # 26, module RescaleIntensity # 17: CPU_time = 0.27 secs, Wall_time = 0.27 secs
Sat Aug 22 11:45:16 2026: Image # 26, module MeasureTexture # 18: CPU_time = 6.40 secs, Wall_time = 6.39 secs
Sat Aug 22 11:45:23 2026: Image # 26, module MeasureTexture # 19: CPU_time = 5.94 secs, Wall_time = 5.94 secs
Sat Aug 22 11:45:28 2026: Image # 26, module MeasureColocalization # 20: CPU_time = 512.88 secs, Wall_time = 135.00 secs
Sat Aug 22 11:47:43 2026: Image # 26, module ExportToSpreadsheet # 21: CPU_time = 0.00 secs, Wall_time = 0.00 secs
Sat Aug 22 11:47:43 2026: Image # 27, module Images # 1: CPU_time = 0.00 secs, Wall_time = 0.00 secs
Sat Aug 22 11:47:43 2026: Image # 27, module Metadata # 2: CPU_time = 0.00 secs, Wall_time = 0.00 secs
Sat Aug 22 11:47:43 2026: Image # 27, module NamesAndTypes # 3: CPU_time = 2.60 secs, Wall_time = 3.74 secs
Sat Aug 22 11:47:47 2026: Image # 27, module Groups # 4: CPU_time = 0.00 secs, Wall_time = 0.00 secs
Sat Aug 22 11:47:47 2026: Image # 27, module MaskImage # 5: CPU_time = 0.14 secs, Wall_time = 0.09 secs
Sat Aug 22 11:47:47 2026: Image # 27, module MaskImage # 6: CPU_time = 0.14 secs, Wall_time = 0.09 secs
Sat Aug 22 11:47:47 2026: Image # 27, module MaskImage # 7: CPU_time = 0.12 secs, Wall_time = 0.09 secs
Sat Aug 22 11:47:47 2026: Image # 27, module MaskImage # 8: CPU_time = 0.14 secs, Wall_time = 0.09 secs
Sat Aug 22 11:47:48 2026: Image # 27, module MaskObjects # 9: CPU_time = 0.50 secs, Wall_time = 0.50 secs
Sat Aug 22 11:47:48 2026: Image # 27, module MeasureObjectIntensity # 10: CPU_time = 8.30 secs, Wall_time = 8.30 secs
Sat Aug 22 11:47:56 2026: Image # 27, module MeasureGranularity # 11: CPU_time = 53.68 secs, Wall_time = 53.62 secs
Sat Aug 22 11:48:50 2026: Image # 27, module MeasureGranularity # 12: CPU_time = 28.28 secs, Wall_time = 28.25 secs
Sat Aug 22 11:49:18 2026: Image # 27, module MeasureObjectIntensityDistribution # 13: CPU_time = 32.70 secs, Wall_time = 32.67 secs
Sat Aug 22 11:49:51 2026: Image # 27, module MeasureObjectIntensityDistribution # 14: CPU_time = 21.46 secs, Wall_time = 21.45 secs
Sat Aug 22 11:50:12 2026: Image # 27, module RescaleIntensity # 15: CPU_time = 0.27 secs, Wall_time = 0.27 secs
Sat Aug 22 11:50:13 2026: Image # 27, module RescaleIntensity # 16: CPU_time = 0.27 secs, Wall_time = 0.27 secs
Sat Aug 22 11:50:13 2026: Image # 27, module RescaleIntensity # 17: CPU_time = 0.27 secs, Wall_time = 0.27 secs
Sat Aug 22 11:50:13 2026: Image # 27, module MeasureTexture # 18: CPU_time = 6.19 secs, Wall_time = 6.19 secs
Sat Aug 22 11:50:19 2026: Image # 27, module MeasureTexture # 19: CPU_time = 5.65 secs, Wall_time = 5.64 secs
Sat Aug 22 11:50:25 2026: Image # 27, module MeasureColocalization # 20: CPU_time = 433.79 secs, Wall_time = 115.92 secs
Sat Aug 22 11:52:21 2026: Image # 27, module ExportToSpreadsheet # 21: CPU_time = 0.00 secs, Wall_time = 0.00 secs
Sat Aug 22 11:52:21 2026: Image # 28, module Images # 1: CPU_time = 0.00 secs, Wall_time = 0.00 secs
Sat Aug 22 11:52:21 2026: Image # 28, module Metadata # 2: CPU_time = 0.00 secs, Wall_time = 0.00 secs
Sat Aug 22 11:52:21 2026: Image # 28, module NamesAndTypes # 3: CPU_time = 2.66 secs, Wall_time = 3.33 secs
Sat Aug 22 11:52:24 2026: Image # 28, module Groups # 4: CPU_time = 0.00 secs, Wall_time = 0.00 secs
Sat Aug 22 11:52:24 2026: Image # 28, module MaskImage # 5: CPU_time = 0.14 secs, Wall_time = 0.09 secs
Sat Aug 22 11:52:24 2026: Image # 28, module MaskImage # 6: CPU_time = 0.14 secs, Wall_time = 0.09 secs
Sat Aug 22 11:52:25 2026: Image # 28, module MaskImage # 7: CPU_time = 0.14 secs, Wall_time = 0.09 secs
Sat Aug 22 11:52:25 2026: Image # 28, module MaskImage # 8: CPU_time = 0.14 secs, Wall_time = 0.09 secs
Sat Aug 22 11:52:25 2026: Image # 28, module MaskObjects # 9: CPU_time = 0.56 secs, Wall_time = 0.55 secs
Sat Aug 22 11:52:25 2026: Image # 28, module MeasureObjectIntensity # 10: CPU_time = 9.31 secs, Wall_time = 9.29 secs
Sat Aug 22 11:52:35 2026: Image # 28, module MeasureGranularity # 11: CPU_time = 58.95 secs, Wall_time = 58.90 secs
Sat Aug 22 11:53:33 2026: Image # 28, module MeasureGranularity # 12: CPU_time = 30.36 secs, Wall_time = 30.34 secs
Sat Aug 22 11:54:04 2026: Image # 28, module MeasureObjectIntensityDistribution # 13: CPU_time = 37.49 secs, Wall_time = 37.46 secs
Sat Aug 22 11:54:41 2026: Image # 28, module MeasureObjectIntensityDistribution # 14: CPU_time = 23.73 secs, Wall_time = 23.71 secs
Sat Aug 22 11:55:05 2026: Image # 28, module RescaleIntensity # 15: CPU_time = 0.31 secs, Wall_time = 0.30 secs
Sat Aug 22 11:55:05 2026: Image # 28, module RescaleIntensity # 16: CPU_time = 0.31 secs, Wall_time = 0.31 secs
Sat Aug 22 11:55:06 2026: Image # 28, module RescaleIntensity # 17: CPU_time = 0.31 secs, Wall_time = 0.30 secs
Sat Aug 22 11:55:06 2026: Image # 28, module MeasureTexture # 18: CPU_time = 6.66 secs, Wall_time = 6.65 secs
Sat Aug 22 11:55:13 2026: Image # 28, module MeasureTexture # 19: CPU_time = 6.16 secs, Wall_time = 6.16 secs
Sat Aug 22 11:55:19 2026: Image # 28, module MeasureColocalization # 20: CPU_time = 494.56 secs, Wall_time = 131.52 secs
Sat Aug 22 11:57:30 2026: Image # 28, module ExportToSpreadsheet # 21: CPU_time = 0.00 secs, Wall_time = 0.00 secs
Sat Aug 22 11:57:30 2026: Image # 29, module Images # 1: CPU_time = 0.00 secs, Wall_time = 0.00 secs
Sat Aug 22 11:57:30 2026: Image # 29, module Metadata # 2: CPU_time = 0.00 secs, Wall_time = 0.00 secs
Sat Aug 22 11:57:30 2026: Image # 29, module NamesAndTypes # 3: CPU_time = 2.90 secs, Wall_time = 3.55 secs
Sat Aug 22 11:57:34 2026: Image # 29, module Groups # 4: CPU_time = 0.00 secs, Wall_time = 0.00 secs
Sat Aug 22 11:57:34 2026: Image # 29, module MaskImage # 5: CPU_time = 0.14 secs, Wall_time = 0.09 secs
Sat Aug 22 11:57:34 2026: Image # 29, module MaskImage # 6: CPU_time = 0.14 secs, Wall_time = 0.09 secs
Sat Aug 22 11:57:34 2026: Image # 29, module MaskImage # 7: CPU_time = 0.13 secs, Wall_time = 0.09 secs
Sat Aug 22 11:57:34 2026: Image # 29, module MaskImage # 8: CPU_time = 0.13 secs, Wall_time = 0.09 secs
Sat Aug 22 11:57:34 2026: Image # 29, module MaskObjects # 9: CPU_time = 0.58 secs, Wall_time = 0.58 secs
Sat Aug 22 11:57:35 2026: Image # 29, module MeasureObjectIntensity # 10: CPU_time = 13.64 secs, Wall_time = 13.63 secs
Sat Aug 22 11:57:48 2026: Image # 29, module MeasureGranularity # 11: CPU_time = 81.32 secs, Wall_time = 81.23 secs
Sat Aug 22 11:59:10 2026: Image # 29, module MeasureGranularity # 12: CPU_time = 33.69 secs, Wall_time = 33.65 secs
Sat Aug 22 11:59:43 2026: Image # 29, module MeasureObjectIntensityDistribution # 13: CPU_time = 55.03 secs, Wall_time = 55.00 secs
Sat Aug 22 12:00:38 2026: Image # 29, module MeasureObjectIntensityDistribution # 14: CPU_time = 28.82 secs, Wall_time = 28.79 secs
Sat Aug 22 12:01:07 2026: Image # 29, module RescaleIntensity # 15: CPU_time = 0.52 secs, Wall_time = 0.51 secs
Sat Aug 22 12:01:08 2026: Image # 29, module RescaleIntensity # 16: CPU_time = 0.48 secs, Wall_time = 0.49 secs
Sat Aug 22 12:01:08 2026: Image # 29, module RescaleIntensity # 17: CPU_time = 0.49 secs, Wall_time = 0.48 secs
Sat Aug 22 12:01:09 2026: Image # 29, module MeasureTexture # 18: CPU_time = 9.84 secs, Wall_time = 9.82 secs
Sat Aug 22 12:01:18 2026: Image # 29, module MeasureTexture # 19: CPU_time = 9.67 secs, Wall_time = 9.66 secs
Sat Aug 22 12:01:28 2026: Image # 29, module MeasureColocalization # 20: CPU_time = 582.50 secs, Wall_time = 180.76 secs
Sat Aug 22 12:04:29 2026: Image # 29, module ExportToSpreadsheet # 21: CPU_time = 0.00 secs, Wall_time = 0.00 secs
Sat Aug 22 12:04:29 2026: Image # 30, module Images # 1: CPU_time = 0.00 secs, Wall_time = 0.00 secs
Sat Aug 22 12:04:29 2026: Image # 30, module Metadata # 2: CPU_time = 0.00 secs, Wall_time = 0.00 secs
Sat Aug 22 12:04:29 2026: Image # 30, module NamesAndTypes # 3: CPU_time = 2.93 secs, Wall_time = 3.29 secs
Sat Aug 22 12:04:32 2026: Image # 30, module Groups # 4: CPU_time = 0.00 secs, Wall_time = 0.00 secs
Sat Aug 22 12:04:32 2026: Image # 30, module MaskImage # 5: CPU_time = 0.14 secs, Wall_time = 0.09 secs
Sat Aug 22 12:04:32 2026: Image # 30, module MaskImage # 6: CPU_time = 0.13 secs, Wall_time = 0.09 secs
Sat Aug 22 12:04:32 2026: Image # 30, module MaskImage # 7: CPU_time = 0.13 secs, Wall_time = 0.09 secs
Sat Aug 22 12:04:32 2026: Image # 30, module MaskImage # 8: CPU_time = 0.14 secs, Wall_time = 0.09 secs
Sat Aug 22 12:04:33 2026: Image # 30, module MaskObjects # 9: CPU_time = 0.53 secs, Wall_time = 0.53 secs
Sat Aug 22 12:04:33 2026: Image # 30, module MeasureObjectIntensity # 10: CPU_time = 12.18 secs, Wall_time = 12.16 secs
Sat Aug 22 12:04:45 2026: Image # 30, module MeasureGranularity # 11: CPU_time = 73.73 secs, Wall_time = 73.65 secs
Sat Aug 22 12:05:59 2026: Image # 30, module MeasureGranularity # 12: CPU_time = 31.97 secs, Wall_time = 31.93 secs
Sat Aug 22 12:06:31 2026: Image # 30, module MeasureObjectIntensityDistribution # 13: CPU_time = 44.63 secs, Wall_time = 44.58 secs
Sat Aug 22 12:07:15 2026: Image # 30, module MeasureObjectIntensityDistribution # 14: CPU_time = 26.66 secs, Wall_time = 26.62 secs
Sat Aug 22 12:07:42 2026: Image # 30, module RescaleIntensity # 15: CPU_time = 0.43 secs, Wall_time = 0.43 secs
Sat Aug 22 12:07:42 2026: Image # 30, module RescaleIntensity # 16: CPU_time = 0.42 secs, Wall_time = 0.43 secs
Sat Aug 22 12:07:43 2026: Image # 30, module RescaleIntensity # 17: CPU_time = 0.42 secs, Wall_time = 0.43 secs
Sat Aug 22 12:07:43 2026: Image # 30, module MeasureTexture # 18: CPU_time = 9.01 secs, Wall_time = 9.01 secs
Sat Aug 22 12:07:52 2026: Image # 30, module MeasureTexture # 19: CPU_time = 8.59 secs, Wall_time = 8.59 secs
Sat Aug 22 12:08:01 2026: Image # 30, module MeasureColocalization # 20: CPU_time = 514.80 secs, Wall_time = 149.83 secs
Sat Aug 22 12:10:31 2026: Image # 30, module ExportToSpreadsheet # 21: CPU_time = 0.00 secs, Wall_time = 0.00 secs
Sat Aug 22 12:10:31 2026: Image # 31, module Images # 1: CPU_time = 0.00 secs, Wall_time = 0.00 secs
Sat Aug 22 12:10:31 2026: Image # 31, module Metadata # 2: CPU_time = 0.00 secs, Wall_time = 0.00 secs
Sat Aug 22 12:10:31 2026: Image # 31, module NamesAndTypes # 3: CPU_time = 2.79 secs, Wall_time = 3.46 secs
Sat Aug 22 12:10:34 2026: Image # 31, module Groups # 4: CPU_time = 0.00 secs, Wall_time = 0.00 secs
Sat Aug 22 12:10:34 2026: Image # 31, module MaskImage # 5: CPU_time = 0.13 secs, Wall_time = 0.09 secs
Sat Aug 22 12:10:34 2026: Image # 31, module MaskImage # 6: CPU_time = 0.14 secs, Wall_time = 0.09 secs
Sat Aug 22 12:10:34 2026: Image # 31, module MaskImage # 7: CPU_time = 0.13 secs, Wall_time = 0.09 secs
Sat Aug 22 12:10:35 2026: Image # 31, module MaskImage # 8: CPU_time = 0.13 secs, Wall_time = 0.09 secs
Sat Aug 22 12:10:35 2026: Image # 31, module MaskObjects # 9: CPU_time = 0.50 secs, Wall_time = 0.50 secs
Sat Aug 22 12:10:35 2026: Image # 31, module MeasureObjectIntensity # 10: CPU_time = 6.82 secs, Wall_time = 6.82 secs
Sat Aug 22 12:10:42 2026: Image # 31, module MeasureGranularity # 11: CPU_time = 46.65 secs, Wall_time = 46.61 secs
Sat Aug 22 12:11:29 2026: Image # 31, module MeasureGranularity # 12: CPU_time = 27.30 secs, Wall_time = 27.27 secs
Sat Aug 22 12:11:56 2026: Image # 31, module MeasureObjectIntensityDistribution # 13: CPU_time = 26.04 secs, Wall_time = 26.01 secs
Sat Aug 22 12:12:22 2026: Image # 31, module MeasureObjectIntensityDistribution # 14: CPU_time = 20.46 secs, Wall_time = 20.44 secs
Sat Aug 22 12:12:42 2026: Image # 31, module RescaleIntensity # 15: CPU_time = 0.22 secs, Wall_time = 0.22 secs
Sat Aug 22 12:12:43 2026: Image # 31, module RescaleIntensity # 16: CPU_time = 0.22 secs, Wall_time = 0.22 secs
Sat Aug 22 12:12:43 2026: Image # 31, module RescaleIntensity # 17: CPU_time = 0.23 secs, Wall_time = 0.22 secs
Sat Aug 22 12:12:43 2026: Image # 31, module MeasureTexture # 18: CPU_time = 4.43 secs, Wall_time = 4.43 secs
Sat Aug 22 12:12:47 2026: Image # 31, module MeasureTexture # 19: CPU_time = 3.64 secs, Wall_time = 3.64 secs
Sat Aug 22 12:12:51 2026: Image # 31, module MeasureColocalization # 20: CPU_time = 69.95 secs, Wall_time = 22.61 secs
Sat Aug 22 12:13:14 2026: Image # 31, module ExportToSpreadsheet # 21: CPU_time = 0.00 secs, Wall_time = 0.00 secs
Sat Aug 22 12:13:14 2026: Image # 32, module Images # 1: CPU_time = 0.00 secs, Wall_time = 0.00 secs
Sat Aug 22 12:13:14 2026: Image # 32, module Metadata # 2: CPU_time = 0.00 secs, Wall_time = 0.00 secs
Sat Aug 22 12:13:14 2026: Image # 32, module NamesAndTypes # 3: CPU_time = 2.83 secs, Wall_time = 3.24 secs
Sat Aug 22 12:13:17 2026: Image # 32, module Groups # 4: CPU_time = 0.00 secs, Wall_time = 0.00 secs
Sat Aug 22 12:13:17 2026: Image # 32, module MaskImage # 5: CPU_time = 0.17 secs, Wall_time = 0.11 secs
Sat Aug 22 12:13:17 2026: Image # 32, module MaskImage # 6: CPU_time = 0.18 secs, Wall_time = 0.11 secs
Sat Aug 22 12:13:17 2026: Image # 32, module MaskImage # 7: CPU_time = 0.18 secs, Wall_time = 0.11 secs
Sat Aug 22 12:13:17 2026: Image # 32, module MaskImage # 8: CPU_time = 0.17 secs, Wall_time = 0.11 secs
Sat Aug 22 12:13:17 2026: Image # 32, module MaskObjects # 9: CPU_time = 0.46 secs, Wall_time = 0.47 secs
Sat Aug 22 12:13:18 2026: Image # 32, module MeasureObjectIntensity # 10: CPU_time = 6.96 secs, Wall_time = 6.96 secs
Sat Aug 22 12:13:25 2026: Image # 32, module MeasureGranularity # 11: CPU_time = 47.06 secs, Wall_time = 47.00 secs
Sat Aug 22 12:14:12 2026: Image # 32, module MeasureGranularity # 12: CPU_time = 27.27 secs, Wall_time = 27.25 secs
Sat Aug 22 12:14:39 2026: Image # 32, module MeasureObjectIntensityDistribution # 13: CPU_time = 26.46 secs, Wall_time = 26.43 secs
Sat Aug 22 12:15:06 2026: Image # 32, module MeasureObjectIntensityDistribution # 14: CPU_time = 21.45 secs, Wall_time = 21.43 secs
Sat Aug 22 12:15:27 2026: Image # 32, module RescaleIntensity # 15: CPU_time = 0.23 secs, Wall_time = 0.23 secs
Sat Aug 22 12:15:27 2026: Image # 32, module RescaleIntensity # 16: CPU_time = 0.22 secs, Wall_time = 0.23 secs
Sat Aug 22 12:15:27 2026: Image # 32, module RescaleIntensity # 17: CPU_time = 0.23 secs, Wall_time = 0.23 secs
Sat Aug 22 12:15:28 2026: Image # 32, module MeasureTexture # 18: CPU_time = 4.29 secs, Wall_time = 4.28 secs
Sat Aug 22 12:15:32 2026: Image # 32, module MeasureTexture # 19: CPU_time = 3.55 secs, Wall_time = 3.55 secs
Sat Aug 22 12:15:35 2026: Image # 32, module MeasureColocalization # 20: CPU_time = 79.98 secs, Wall_time = 25.38 secs
Sat Aug 22 12:16:01 2026: Image # 32, module ExportToSpreadsheet # 21: CPU_time = 0.00 secs, Wall_time = 0.00 secs
Sat Aug 22 12:16:01 2026: Image # 33, module Images # 1: CPU_time = 0.00 secs, Wall_time = 0.00 secs
Sat Aug 22 12:16:01 2026: Image # 33, module Metadata # 2: CPU_time = 0.00 secs, Wall_time = 0.00 secs
Sat Aug 22 12:16:01 2026: Image # 33, module NamesAndTypes # 3: CPU_time = 2.99 secs, Wall_time = 3.79 secs
Sat Aug 22 12:16:05 2026: Image # 33, module Groups # 4: CPU_time = 0.00 secs, Wall_time = 0.00 secs
Sat Aug 22 12:16:05 2026: Image # 33, module MaskImage # 5: CPU_time = 0.14 secs, Wall_time = 0.09 secs
Sat Aug 22 12:16:05 2026: Image # 33, module MaskImage # 6: CPU_time = 0.13 secs, Wall_time = 0.09 secs
Sat Aug 22 12:16:05 2026: Image # 33, module MaskImage # 7: CPU_time = 0.13 secs, Wall_time = 0.09 secs
Sat Aug 22 12:16:05 2026: Image # 33, module MaskImage # 8: CPU_time = 0.14 secs, Wall_time = 0.09 secs
Sat Aug 22 12:16:05 2026: Image # 33, module MaskObjects # 9: CPU_time = 0.51 secs, Wall_time = 0.50 secs
Sat Aug 22 12:16:06 2026: Image # 33, module MeasureObjectIntensity # 10: CPU_time = 8.28 secs, Wall_time = 8.27 secs
Sat Aug 22 12:16:14 2026: Image # 33, module MeasureGranularity # 11: CPU_time = 52.20 secs, Wall_time = 52.14 secs
Sat Aug 22 12:17:06 2026: Image # 33, module MeasureGranularity # 12: CPU_time = 28.40 secs, Wall_time = 28.37 secs
Sat Aug 22 12:17:34 2026: Image # 33, module MeasureObjectIntensityDistribution # 13: CPU_time = 32.29 secs, Wall_time = 32.27 secs
Sat Aug 22 12:18:07 2026: Image # 33, module MeasureObjectIntensityDistribution # 14: CPU_time = 24.77 secs, Wall_time = 24.74 secs
Sat Aug 22 12:18:31 2026: Image # 33, module RescaleIntensity # 15: CPU_time = 0.29 secs, Wall_time = 0.28 secs
Sat Aug 22 12:18:32 2026: Image # 33, module RescaleIntensity # 16: CPU_time = 0.28 secs, Wall_time = 0.28 secs
Sat Aug 22 12:18:32 2026: Image # 33, module RescaleIntensity # 17: CPU_time = 0.27 secs, Wall_time = 0.27 secs
Sat Aug 22 12:18:32 2026: Image # 33, module MeasureTexture # 18: CPU_time = 4.49 secs, Wall_time = 4.48 secs
Sat Aug 22 12:18:37 2026: Image # 33, module MeasureTexture # 19: CPU_time = 3.75 secs, Wall_time = 3.75 secs
Sat Aug 22 12:18:40 2026: Image # 33, module MeasureColocalization # 20: CPU_time = 146.85 secs, Wall_time = 43.91 secs
Sat Aug 22 12:19:24 2026: Image # 33, module ExportToSpreadsheet # 21: CPU_time = 0.00 secs, Wall_time = 0.00 secs
Sat Aug 22 12:19:24 2026: Image # 34, module Images # 1: CPU_time = 0.00 secs, Wall_time = 0.00 secs
Sat Aug 22 12:19:24 2026: Image # 34, module Metadata # 2: CPU_time = 0.00 secs, Wall_time = 0.00 secs
Sat Aug 22 12:19:24 2026: Image # 34, module NamesAndTypes # 3: CPU_time = 2.93 secs, Wall_time = 3.45 secs
Sat Aug 22 12:19:28 2026: Image # 34, module Groups # 4: CPU_time = 0.00 secs, Wall_time = 0.00 secs
Sat Aug 22 12:19:28 2026: Image # 34, module MaskImage # 5: CPU_time = 0.13 secs, Wall_time = 0.09 secs
Sat Aug 22 12:19:28 2026: Image # 34, module MaskImage # 6: CPU_time = 0.14 secs, Wall_time = 0.09 secs
Sat Aug 22 12:19:28 2026: Image # 34, module MaskImage # 7: CPU_time = 0.14 secs, Wall_time = 0.09 secs
Sat Aug 22 12:19:28 2026: Image # 34, module MaskImage # 8: CPU_time = 0.14 secs, Wall_time = 0.09 secs
Sat Aug 22 12:19:28 2026: Image # 34, module MaskObjects # 9: CPU_time = 0.52 secs, Wall_time = 0.52 secs
Sat Aug 22 12:19:29 2026: Image # 34, module MeasureObjectIntensity # 10: CPU_time = 8.15 secs, Wall_time = 8.14 secs
Sat Aug 22 12:19:37 2026: Image # 34, module MeasureGranularity # 11: CPU_time = 51.35 secs, Wall_time = 51.28 secs
Sat Aug 22 12:20:28 2026: Image # 34, module MeasureGranularity # 12: CPU_time = 28.32 secs, Wall_time = 28.29 secs
Sat Aug 22 12:20:56 2026: Image # 34, module MeasureObjectIntensityDistribution # 13: CPU_time = 31.27 secs, Wall_time = 31.23 secs
Sat Aug 22 12:21:28 2026: Image # 34, module MeasureObjectIntensityDistribution # 14: CPU_time = 24.71 secs, Wall_time = 24.68 secs
Sat Aug 22 12:21:52 2026: Image # 34, module RescaleIntensity # 15: CPU_time = 0.27 secs, Wall_time = 0.27 secs
Sat Aug 22 12:21:53 2026: Image # 34, module RescaleIntensity # 16: CPU_time = 0.27 secs, Wall_time = 0.27 secs
Sat Aug 22 12:21:53 2026: Image # 34, module RescaleIntensity # 17: CPU_time = 0.26 secs, Wall_time = 0.27 secs
Sat Aug 22 12:21:53 2026: Image # 34, module MeasureTexture # 18: CPU_time = 4.51 secs, Wall_time = 4.50 secs
Sat Aug 22 12:21:58 2026: Image # 34, module MeasureTexture # 19: CPU_time = 3.77 secs, Wall_time = 3.77 secs
Sat Aug 22 12:22:02 2026: Image # 34, module MeasureColocalization # 20: CPU_time = 152.49 secs, Wall_time = 45.76 secs
Sat Aug 22 12:22:47 2026: Image # 34, module ExportToSpreadsheet # 21: CPU_time = 0.01 secs, Wall_time = 0.00 secs
Sat Aug 22 12:22:47 2026: Image # 35, module Images # 1: CPU_time = 0.00 secs, Wall_time = 0.00 secs
Sat Aug 22 12:22:47 2026: Image # 35, module Metadata # 2: CPU_time = 0.00 secs, Wall_time = 0.00 secs
Sat Aug 22 12:22:47 2026: Image # 35, module NamesAndTypes # 3: CPU_time = 2.86 secs, Wall_time = 3.51 secs
Sat Aug 22 12:22:51 2026: Image # 35, module Groups # 4: CPU_time = 0.00 secs, Wall_time = 0.00 secs
Sat Aug 22 12:22:51 2026: Image # 35, module MaskImage # 5: CPU_time = 0.14 secs, Wall_time = 0.09 secs
Sat Aug 22 12:22:51 2026: Image # 35, module MaskImage # 6: CPU_time = 0.13 secs, Wall_time = 0.09 secs
Sat Aug 22 12:22:51 2026: Image # 35, module MaskImage # 7: CPU_time = 0.16 secs, Wall_time = 0.11 secs
Sat Aug 22 12:22:51 2026: Image # 35, module MaskImage # 8: CPU_time = 0.16 secs, Wall_time = 0.11 secs
Sat Aug 22 12:22:51 2026: Image # 35, module MaskObjects # 9: CPU_time = 0.50 secs, Wall_time = 0.50 secs
Sat Aug 22 12:22:52 2026: Image # 35, module MeasureObjectIntensity # 10: CPU_time = 8.25 secs, Wall_time = 8.23 secs
Sat Aug 22 12:23:00 2026: Image # 35, module MeasureGranularity # 11: CPU_time = 51.30 secs, Wall_time = 51.25 secs
Sat Aug 22 12:23:51 2026: Image # 35, module MeasureGranularity # 12: CPU_time = 29.59 secs, Wall_time = 29.55 secs
Sat Aug 22 12:24:21 2026: Image # 35, module MeasureObjectIntensityDistribution # 13: CPU_time = 31.46 secs, Wall_time = 31.42 secs
Sat Aug 22 12:24:52 2026: Image # 35, module MeasureObjectIntensityDistribution # 14: CPU_time = 24.32 secs, Wall_time = 24.30 secs
Sat Aug 22 12:25:16 2026: Image # 35, module RescaleIntensity # 15: CPU_time = 0.26 secs, Wall_time = 0.26 secs
Sat Aug 22 12:25:17 2026: Image # 35, module RescaleIntensity # 16: CPU_time = 0.27 secs, Wall_time = 0.27 secs
Sat Aug 22 12:25:17 2026: Image # 35, module RescaleIntensity # 17: CPU_time = 0.26 secs, Wall_time = 0.26 secs
Sat Aug 22 12:25:17 2026: Image # 35, module MeasureTexture # 18: CPU_time = 4.49 secs, Wall_time = 4.48 secs
Sat Aug 22 12:25:22 2026: Image # 35, module MeasureTexture # 19: CPU_time = 3.70 secs, Wall_time = 3.70 secs
Sat Aug 22 12:25:25 2026: Image # 35, module MeasureColocalization # 20: CPU_time = 223.84 secs, Wall_time = 63.59 secs
Sat Aug 22 12:26:29 2026: Image # 35, module ExportToSpreadsheet # 21: CPU_time = 0.00 secs, Wall_time = 0.00 secs
Sat Aug 22 12:26:29 2026: Image # 36, module Images # 1: CPU_time = 0.00 secs, Wall_time = 0.00 secs
Sat Aug 22 12:26:29 2026: Image # 36, module Metadata # 2: CPU_time = 0.00 secs, Wall_time = 0.00 secs
Sat Aug 22 12:26:29 2026: Image # 36, module NamesAndTypes # 3: CPU_time = 2.74 secs, Wall_time = 3.55 secs
Sat Aug 22 12:26:33 2026: Image # 36, module Groups # 4: CPU_time = 0.00 secs, Wall_time = 0.00 secs
Sat Aug 22 12:26:33 2026: Image # 36, module MaskImage # 5: CPU_time = 0.18 secs, Wall_time = 0.11 secs
Sat Aug 22 12:26:33 2026: Image # 36, module MaskImage # 6: CPU_time = 0.14 secs, Wall_time = 0.09 secs
Sat Aug 22 12:26:33 2026: Image # 36, module MaskImage # 7: CPU_time = 0.17 secs, Wall_time = 0.11 secs
Sat Aug 22 12:26:33 2026: Image # 36, module MaskImage # 8: CPU_time = 0.17 secs, Wall_time = 0.11 secs
Sat Aug 22 12:26:33 2026: Image # 36, module MaskObjects # 9: CPU_time = 0.49 secs, Wall_time = 0.50 secs
Sat Aug 22 12:26:34 2026: Image # 36, module MeasureObjectIntensity # 10: CPU_time = 6.67 secs, Wall_time = 6.66 secs
Sat Aug 22 12:26:40 2026: Image # 36, module MeasureGranularity # 11: CPU_time = 46.04 secs, Wall_time = 45.99 secs
Sat Aug 22 12:27:26 2026: Image # 36, module MeasureGranularity # 12: CPU_time = 27.40 secs, Wall_time = 27.37 secs
Sat Aug 22 12:27:54 2026: Image # 36, module MeasureObjectIntensityDistribution # 13: CPU_time = 24.39 secs, Wall_time = 24.36 secs
Sat Aug 22 12:28:18 2026: Image # 36, module MeasureObjectIntensityDistribution # 14: CPU_time = 19.41 secs, Wall_time = 19.39 secs
Sat Aug 22 12:28:37 2026: Image # 36, module RescaleIntensity # 15: CPU_time = 0.22 secs, Wall_time = 0.21 secs
Sat Aug 22 12:28:38 2026: Image # 36, module RescaleIntensity # 16: CPU_time = 0.21 secs, Wall_time = 0.21 secs
Sat Aug 22 12:28:38 2026: Image # 36, module RescaleIntensity # 17: CPU_time = 0.22 secs, Wall_time = 0.21 secs
Sat Aug 22 12:28:38 2026: Image # 36, module MeasureTexture # 18: CPU_time = 4.21 secs, Wall_time = 4.21 secs
Sat Aug 22 12:28:42 2026: Image # 36, module MeasureTexture # 19: CPU_time = 3.46 secs, Wall_time = 3.46 secs
Sat Aug 22 12:28:46 2026: Image # 36, module MeasureColocalization # 20: CPU_time = 113.88 secs, Wall_time = 33.33 secs
Sat Aug 22 12:29:19 2026: Image # 36, module ExportToSpreadsheet # 21: CPU_time = 0.00 secs, Wall_time = 0.02 secs
Sat Aug 22 12:29:19 2026: Image # 37, module Images # 1: CPU_time = 0.00 secs, Wall_time = 0.00 secs
Sat Aug 22 12:29:19 2026: Image # 37, module Metadata # 2: CPU_time = 0.00 secs, Wall_time = 0.00 secs
Sat Aug 22 12:29:19 2026: Image # 37, module NamesAndTypes # 3: CPU_time = 2.81 secs, Wall_time = 3.31 secs
Sat Aug 22 12:29:22 2026: Image # 37, module Groups # 4: CPU_time = 0.00 secs, Wall_time = 0.00 secs
Sat Aug 22 12:29:22 2026: Image # 37, module MaskImage # 5: CPU_time = 0.14 secs, Wall_time = 0.09 secs
Sat Aug 22 12:29:22 2026: Image # 37, module MaskImage # 6: CPU_time = 0.14 secs, Wall_time = 0.09 secs
Sat Aug 22 12:29:23 2026: Image # 37, module MaskImage # 7: CPU_time = 0.12 secs, Wall_time = 0.09 secs
Sat Aug 22 12:29:23 2026: Image # 37, module MaskImage # 8: CPU_time = 0.15 secs, Wall_time = 0.09 secs
Sat Aug 22 12:29:23 2026: Image # 37, module MaskObjects # 9: CPU_time = 0.47 secs, Wall_time = 0.47 secs
Sat Aug 22 12:29:23 2026: Image # 37, module MeasureObjectIntensity # 10: CPU_time = 4.78 secs, Wall_time = 4.77 secs
Sat Aug 22 12:29:28 2026: Image # 37, module MeasureGranularity # 11: CPU_time = 37.46 secs, Wall_time = 37.42 secs
Sat Aug 22 12:30:05 2026: Image # 37, module MeasureGranularity # 12: CPU_time = 25.37 secs, Wall_time = 25.35 secs
Sat Aug 22 12:30:31 2026: Image # 37, module MeasureObjectIntensityDistribution # 13: CPU_time = 14.90 secs, Wall_time = 14.88 secs
Sat Aug 22 12:30:46 2026: Image # 37, module MeasureObjectIntensityDistribution # 14: CPU_time = 12.21 secs, Wall_time = 12.19 secs
Sat Aug 22 12:30:58 2026: Image # 37, module RescaleIntensity # 15: CPU_time = 0.14 secs, Wall_time = 0.14 secs
Sat Aug 22 12:30:58 2026: Image # 37, module RescaleIntensity # 16: CPU_time = 0.14 secs, Wall_time = 0.13 secs
Sat Aug 22 12:30:58 2026: Image # 37, module RescaleIntensity # 17: CPU_time = 0.13 secs, Wall_time = 0.13 secs
Sat Aug 22 12:30:58 2026: Image # 37, module MeasureTexture # 18: CPU_time = 3.68 secs, Wall_time = 3.67 secs
Sat Aug 22 12:31:02 2026: Image # 37, module MeasureTexture # 19: CPU_time = 3.01 secs, Wall_time = 3.01 secs
Sat Aug 22 12:31:05 2026: Image # 37, module MeasureColocalization # 20: CPU_time = 94.47 secs, Wall_time = 26.42 secs
Sat Aug 22 12:31:31 2026: Image # 37, module ExportToSpreadsheet # 21: CPU_time = 0.00 secs, Wall_time = 0.00 secs
Sat Aug 22 12:31:31 2026: Image # 38, module Images # 1: CPU_time = 0.00 secs, Wall_time = 0.00 secs
Sat Aug 22 12:31:31 2026: Image # 38, module Metadata # 2: CPU_time = 0.00 secs, Wall_time = 0.00 secs
Sat Aug 22 12:31:31 2026: Image # 38, module NamesAndTypes # 3: CPU_time = 2.67 secs, Wall_time = 4.21 secs
Sat Aug 22 12:31:36 2026: Image # 38, module Groups # 4: CPU_time = 0.00 secs, Wall_time = 0.00 secs
Sat Aug 22 12:31:36 2026: Image # 38, module MaskImage # 5: CPU_time = 0.17 secs, Wall_time = 0.11 secs
Sat Aug 22 12:31:36 2026: Image # 38, module MaskImage # 6: CPU_time = 0.14 secs, Wall_time = 0.09 secs
Sat Aug 22 12:31:36 2026: Image # 38, module MaskImage # 7: CPU_time = 0.14 secs, Wall_time = 0.09 secs
Sat Aug 22 12:31:36 2026: Image # 38, module MaskImage # 8: CPU_time = 0.13 secs, Wall_time = 0.09 secs
Sat Aug 22 12:31:36 2026: Image # 38, module MaskObjects # 9: CPU_time = 0.47 secs, Wall_time = 0.47 secs
Sat Aug 22 12:31:36 2026: Image # 38, module MeasureObjectIntensity # 10: CPU_time = 3.81 secs, Wall_time = 3.80 secs
Sat Aug 22 12:31:40 2026: Image # 38, module MeasureGranularity # 11: CPU_time = 34.75 secs, Wall_time = 34.71 secs
Sat Aug 22 12:32:15 2026: Image # 38, module MeasureGranularity # 12: CPU_time = 24.86 secs, Wall_time = 24.83 secs
Sat Aug 22 12:32:40 2026: Image # 38, module MeasureObjectIntensityDistribution # 13: CPU_time = 10.10 secs, Wall_time = 10.08 secs
Sat Aug 22 12:32:50 2026: Image # 38, module MeasureObjectIntensityDistribution # 14: CPU_time = 8.56 secs, Wall_time = 8.56 secs
Sat Aug 22 12:32:58 2026: Image # 38, module RescaleIntensity # 15: CPU_time = 0.10 secs, Wall_time = 0.10 secs
Sat Aug 22 12:32:59 2026: Image # 38, module RescaleIntensity # 16: CPU_time = 0.10 secs, Wall_time = 0.09 secs
Sat Aug 22 12:32:59 2026: Image # 38, module RescaleIntensity # 17: CPU_time = 0.09 secs, Wall_time = 0.09 secs
Sat Aug 22 12:32:59 2026: Image # 38, module MeasureTexture # 18: CPU_time = 3.43 secs, Wall_time = 3.42 secs
Sat Aug 22 12:33:02 2026: Image # 38, module MeasureTexture # 19: CPU_time = 2.71 secs, Wall_time = 2.71 secs
Sat Aug 22 12:33:05 2026: Image # 38, module MeasureColocalization # 20: CPU_time = 65.51 secs, Wall_time = 17.82 secs
Sat Aug 22 12:33:23 2026: Image # 38, module ExportToSpreadsheet # 21: CPU_time = 0.01 secs, Wall_time = 0.00 secs
Sat Aug 22 12:33:23 2026: Image # 39, module Images # 1: CPU_time = 0.00 secs, Wall_time = 0.00 secs
Sat Aug 22 12:33:23 2026: Image # 39, module Metadata # 2: CPU_time = 0.00 secs, Wall_time = 0.00 secs
Sat Aug 22 12:33:23 2026: Image # 39, module NamesAndTypes # 3: CPU_time = 2.73 secs, Wall_time = 3.22 secs
Sat Aug 22 12:33:26 2026: Image # 39, module Groups # 4: CPU_time = 0.00 secs, Wall_time = 0.00 secs
Sat Aug 22 12:33:26 2026: Image # 39, module MaskImage # 5: CPU_time = 0.18 secs, Wall_time = 0.11 secs
Sat Aug 22 12:33:26 2026: Image # 39, module MaskImage # 6: CPU_time = 0.14 secs, Wall_time = 0.10 secs
Sat Aug 22 12:33:26 2026: Image # 39, module MaskImage # 7: CPU_time = 0.14 secs, Wall_time = 0.09 secs
Sat Aug 22 12:33:26 2026: Image # 39, module MaskImage # 8: CPU_time = 0.14 secs, Wall_time = 0.09 secs
Sat Aug 22 12:33:26 2026: Image # 39, module MaskObjects # 9: CPU_time = 0.48 secs, Wall_time = 0.47 secs
Sat Aug 22 12:33:27 2026: Image # 39, module MeasureObjectIntensity # 10: CPU_time = 5.39 secs, Wall_time = 5.38 secs
Sat Aug 22 12:33:32 2026: Image # 39, module MeasureGranularity # 11: CPU_time = 39.81 secs, Wall_time = 39.78 secs
Sat Aug 22 12:34:12 2026: Image # 39, module MeasureGranularity # 12: CPU_time = 25.77 secs, Wall_time = 25.74 secs
Sat Aug 22 12:34:38 2026: Image # 39, module MeasureObjectIntensityDistribution # 13: CPU_time = 17.69 secs, Wall_time = 17.67 secs
Sat Aug 22 12:34:55 2026: Image # 39, module MeasureObjectIntensityDistribution # 14: CPU_time = 14.40 secs, Wall_time = 14.40 secs
Sat Aug 22 12:35:10 2026: Image # 39, module RescaleIntensity # 15: CPU_time = 0.16 secs, Wall_time = 0.16 secs
Sat Aug 22 12:35:10 2026: Image # 39, module RescaleIntensity # 16: CPU_time = 0.16 secs, Wall_time = 0.16 secs
Sat Aug 22 12:35:10 2026: Image # 39, module RescaleIntensity # 17: CPU_time = 0.16 secs, Wall_time = 0.16 secs
Sat Aug 22 12:35:10 2026: Image # 39, module MeasureTexture # 18: CPU_time = 3.85 secs, Wall_time = 3.84 secs
Sat Aug 22 12:35:14 2026: Image # 39, module MeasureTexture # 19: CPU_time = 3.14 secs, Wall_time = 3.14 secs
Sat Aug 22 12:35:17 2026: Image # 39, module MeasureColocalization # 20: CPU_time = 215.88 secs, Wall_time = 57.05 secs
Sat Aug 22 12:36:14 2026: Image # 39, module ExportToSpreadsheet # 21: CPU_time = 0.01 secs, Wall_time = 0.00 secs
Sat Aug 22 12:36:14 2026: Image # 40, module Images # 1: CPU_time = 0.00 secs, Wall_time = 0.00 secs
Sat Aug 22 12:36:14 2026: Image # 40, module Metadata # 2: CPU_time = 0.00 secs, Wall_time = 0.00 secs
Sat Aug 22 12:36:14 2026: Image # 40, module NamesAndTypes # 3: CPU_time = 2.81 secs, Wall_time = 3.51 secs
Sat Aug 22 12:36:18 2026: Image # 40, module Groups # 4: CPU_time = 0.00 secs, Wall_time = 0.00 secs
Sat Aug 22 12:36:18 2026: Image # 40, module MaskImage # 5: CPU_time = 0.14 secs, Wall_time = 0.09 secs
Sat Aug 22 12:36:18 2026: Image # 40, module MaskImage # 6: CPU_time = 0.13 secs, Wall_time = 0.09 secs
Sat Aug 22 12:36:18 2026: Image # 40, module MaskImage # 7: CPU_time = 0.14 secs, Wall_time = 0.09 secs
Sat Aug 22 12:36:18 2026: Image # 40, module MaskImage # 8: CPU_time = 0.13 secs, Wall_time = 0.09 secs
Sat Aug 22 12:36:18 2026: Image # 40, module MaskObjects # 9: CPU_time = 0.45 secs, Wall_time = 0.47 secs
Sat Aug 22 12:36:19 2026: Image # 40, module MeasureObjectIntensity # 10: CPU_time = 4.39 secs, Wall_time = 4.38 secs
Sat Aug 22 12:36:23 2026: Image # 40, module MeasureGranularity # 11: CPU_time = 36.94 secs, Wall_time = 36.90 secs
Sat Aug 22 12:37:00 2026: Image # 40, module MeasureGranularity # 12: CPU_time = 25.23 secs, Wall_time = 25.20 secs
Sat Aug 22 12:37:25 2026: Image # 40, module MeasureObjectIntensityDistribution # 13: CPU_time = 12.80 secs, Wall_time = 12.79 secs
Sat Aug 22 12:37:38 2026: Image # 40, module MeasureObjectIntensityDistribution # 14: CPU_time = 10.73 secs, Wall_time = 10.72 secs
Sat Aug 22 12:37:49 2026: Image # 40, module RescaleIntensity # 15: CPU_time = 0.12 secs, Wall_time = 0.12 secs
Sat Aug 22 12:37:49 2026: Image # 40, module RescaleIntensity # 16: CPU_time = 0.12 secs, Wall_time = 0.12 secs
Sat Aug 22 12:37:49 2026: Image # 40, module RescaleIntensity # 17: CPU_time = 0.12 secs, Wall_time = 0.11 secs
Sat Aug 22 12:37:49 2026: Image # 40, module MeasureTexture # 18: CPU_time = 3.53 secs, Wall_time = 3.52 secs
Sat Aug 22 12:37:53 2026: Image # 40, module MeasureTexture # 19: CPU_time = 2.85 secs, Wall_time = 2.85 secs
Sat Aug 22 12:37:56 2026: Image # 40, module MeasureColocalization # 20: CPU_time = 95.08 secs, Wall_time = 26.04 secs
Sat Aug 22 12:38:22 2026: Image # 40, module ExportToSpreadsheet # 21: CPU_time = 0.01 secs, Wall_time = 0.01 secs
Sat Aug 22 12:38:22 2026: Image # 41, module Images # 1: CPU_time = 0.00 secs, Wall_time = 0.00 secs
Sat Aug 22 12:38:22 2026: Image # 41, module Metadata # 2: CPU_time = 0.00 secs, Wall_time = 0.00 secs
Sat Aug 22 12:38:22 2026: Image # 41, module NamesAndTypes # 3: CPU_time = 2.72 secs, Wall_time = 3.35 secs
Sat Aug 22 12:38:25 2026: Image # 41, module Groups # 4: CPU_time = 0.00 secs, Wall_time = 0.00 secs
Sat Aug 22 12:38:25 2026: Image # 41, module MaskImage # 5: CPU_time = 0.17 secs, Wall_time = 0.11 secs
Sat Aug 22 12:38:25 2026: Image # 41, module MaskImage # 6: CPU_time = 0.15 secs, Wall_time = 0.09 secs
Sat Aug 22 12:38:25 2026: Image # 41, module MaskImage # 7: CPU_time = 0.13 secs, Wall_time = 0.09 secs
Sat Aug 22 12:38:25 2026: Image # 41, module MaskImage # 8: CPU_time = 0.16 secs, Wall_time = 0.10 secs
Sat Aug 22 12:38:25 2026: Image # 41, module MaskObjects # 9: CPU_time = 0.46 secs, Wall_time = 0.46 secs
Sat Aug 22 12:38:26 2026: Image # 41, module MeasureObjectIntensity # 10: CPU_time = 4.33 secs, Wall_time = 4.33 secs
Sat Aug 22 12:38:30 2026: Image # 41, module MeasureGranularity # 11: CPU_time = 36.21 secs, Wall_time = 36.16 secs
Sat Aug 22 12:39:06 2026: Image # 41, module MeasureGranularity # 12: CPU_time = 24.82 secs, Wall_time = 24.80 secs
Sat Aug 22 12:39:31 2026: Image # 41, module MeasureObjectIntensityDistribution # 13: CPU_time = 12.99 secs, Wall_time = 12.97 secs
Sat Aug 22 12:39:44 2026: Image # 41, module MeasureObjectIntensityDistribution # 14: CPU_time = 10.77 secs, Wall_time = 10.76 secs
Sat Aug 22 12:39:55 2026: Image # 41, module RescaleIntensity # 15: CPU_time = 0.12 secs, Wall_time = 0.12 secs
Sat Aug 22 12:39:55 2026: Image # 41, module RescaleIntensity # 16: CPU_time = 0.11 secs, Wall_time = 0.11 secs
Sat Aug 22 12:39:55 2026: Image # 41, module RescaleIntensity # 17: CPU_time = 0.11 secs, Wall_time = 0.11 secs
Sat Aug 22 12:39:55 2026: Image # 41, module MeasureTexture # 18: CPU_time = 3.64 secs, Wall_time = 3.64 secs
Sat Aug 22 12:39:59 2026: Image # 41, module MeasureTexture # 19: CPU_time = 2.94 secs, Wall_time = 2.93 secs
Sat Aug 22 12:40:02 2026: Image # 41, module MeasureColocalization # 20: CPU_time = 82.28 secs, Wall_time = 22.64 secs
Sat Aug 22 12:40:24 2026: Image # 41, module ExportToSpreadsheet # 21: CPU_time = 0.01 secs, Wall_time = 0.00 secs
Sat Aug 22 12:40:24 2026: Image # 42, module Images # 1: CPU_time = 0.00 secs, Wall_time = 0.00 secs
Sat Aug 22 12:40:24 2026: Image # 42, module Metadata # 2: CPU_time = 0.00 secs, Wall_time = 0.00 secs
Sat Aug 22 12:40:24 2026: Image # 42, module NamesAndTypes # 3: CPU_time = 2.78 secs, Wall_time = 4.04 secs
Sat Aug 22 12:40:28 2026: Image # 42, module Groups # 4: CPU_time = 0.00 secs, Wall_time = 0.00 secs
Sat Aug 22 12:40:28 2026: Image # 42, module MaskImage # 5: CPU_time = 0.17 secs, Wall_time = 0.11 secs
Sat Aug 22 12:40:29 2026: Image # 42, module MaskImage # 6: CPU_time = 0.19 secs, Wall_time = 0.11 secs
Sat Aug 22 12:40:29 2026: Image # 42, module MaskImage # 7: CPU_time = 0.17 secs, Wall_time = 0.11 secs
Sat Aug 22 12:40:29 2026: Image # 42, module MaskImage # 8: CPU_time = 0.13 secs, Wall_time = 0.09 secs
Sat Aug 22 12:40:29 2026: Image # 42, module MaskObjects # 9: CPU_time = 0.47 secs, Wall_time = 0.46 secs
Sat Aug 22 12:40:29 2026: Image # 42, module MeasureObjectIntensity # 10: CPU_time = 4.24 secs, Wall_time = 4.23 secs
Sat Aug 22 12:40:34 2026: Image # 42, module MeasureGranularity # 11: CPU_time = 36.32 secs, Wall_time = 36.29 secs
Sat Aug 22 12:41:10 2026: Image # 42, module MeasureGranularity # 12: CPU_time = 24.83 secs, Wall_time = 24.80 secs
Sat Aug 22 12:41:35 2026: Image # 42, module MeasureObjectIntensityDistribution # 13: CPU_time = 12.58 secs, Wall_time = 12.57 secs
Sat Aug 22 12:41:47 2026: Image # 42, module MeasureObjectIntensityDistribution # 14: CPU_time = 10.55 secs, Wall_time = 10.53 secs
Sat Aug 22 12:41:58 2026: Image # 42, module RescaleIntensity # 15: CPU_time = 0.11 secs, Wall_time = 0.11 secs
Sat Aug 22 12:41:58 2026: Image # 42, module RescaleIntensity # 16: CPU_time = 0.11 secs, Wall_time = 0.11 secs
Sat Aug 22 12:41:58 2026: Image # 42, module RescaleIntensity # 17: CPU_time = 0.11 secs, Wall_time = 0.11 secs
Sat Aug 22 12:41:58 2026: Image # 42, module MeasureTexture # 18: CPU_time = 3.54 secs, Wall_time = 3.54 secs
Sat Aug 22 12:42:02 2026: Image # 42, module MeasureTexture # 19: CPU_time = 2.83 secs, Wall_time = 2.83 secs
Sat Aug 22 12:42:05 2026: Image # 42, module MeasureColocalization # 20: CPU_time = 110.98 secs, Wall_time = 29.61 secs
Sat Aug 22 12:42:34 2026: Image # 42, module ExportToSpreadsheet # 21: CPU_time = 0.00 secs, Wall_time = 0.00 secs
Sat Aug 22 12:42:34 2026: Image # 43, module Images # 1: CPU_time = 0.00 secs, Wall_time = 0.00 secs
Sat Aug 22 12:42:34 2026: Image # 43, module Metadata # 2: CPU_time = 0.00 secs, Wall_time = 0.00 secs
Sat Aug 22 12:42:34 2026: Image # 43, module NamesAndTypes # 3: CPU_time = 2.58 secs, Wall_time = 3.22 secs
Sat Aug 22 12:42:37 2026: Image # 43, module Groups # 4: CPU_time = 0.00 secs, Wall_time = 0.00 secs
Sat Aug 22 12:42:37 2026: Image # 43, module MaskImage # 5: CPU_time = 0.16 secs, Wall_time = 0.10 secs
Sat Aug 22 12:42:37 2026: Image # 43, module MaskImage # 6: CPU_time = 0.14 secs, Wall_time = 0.09 secs
Sat Aug 22 12:42:38 2026: Image # 43, module MaskImage # 7: CPU_time = 0.13 secs, Wall_time = 0.09 secs
Sat Aug 22 12:42:38 2026: Image # 43, module MaskImage # 8: CPU_time = 0.14 secs, Wall_time = 0.09 secs
Sat Aug 22 12:42:38 2026: Image # 43, module MaskObjects # 9: CPU_time = 0.50 secs, Wall_time = 0.50 secs
Sat Aug 22 12:42:38 2026: Image # 43, module MeasureObjectIntensity # 10: CPU_time = 8.84 secs, Wall_time = 8.83 secs
Sat Aug 22 12:42:47 2026: Image # 43, module MeasureGranularity # 11: CPU_time = 56.92 secs, Wall_time = 56.86 secs
Sat Aug 22 12:43:44 2026: Image # 43, module MeasureGranularity # 12: CPU_time = 28.66 secs, Wall_time = 28.63 secs
Sat Aug 22 12:44:13 2026: Image # 43, module MeasureObjectIntensityDistribution # 13: CPU_time = 31.11 secs, Wall_time = 31.07 secs
Sat Aug 22 12:44:44 2026: Image # 43, module MeasureObjectIntensityDistribution # 14: CPU_time = 18.47 secs, Wall_time = 18.45 secs
Sat Aug 22 12:45:02 2026: Image # 43, module RescaleIntensity # 15: CPU_time = 0.30 secs, Wall_time = 0.31 secs
Sat Aug 22 12:45:02 2026: Image # 43, module RescaleIntensity # 16: CPU_time = 0.31 secs, Wall_time = 0.30 secs
Sat Aug 22 12:45:03 2026: Image # 43, module RescaleIntensity # 17: CPU_time = 0.30 secs, Wall_time = 0.30 secs
Sat Aug 22 12:45:03 2026: Image # 43, module MeasureTexture # 18: CPU_time = 6.83 secs, Wall_time = 6.82 secs
Sat Aug 22 12:45:10 2026: Image # 43, module MeasureTexture # 19: CPU_time = 6.27 secs, Wall_time = 6.26 secs
Sat Aug 22 12:45:16 2026: Image # 43, module MeasureColocalization # 20: CPU_time = 416.86 secs, Wall_time = 111.58 secs
Sat Aug 22 12:47:08 2026: Image # 43, module ExportToSpreadsheet # 21: CPU_time = 0.01 secs, Wall_time = 0.00 secs
Sat Aug 22 12:47:08 2026: Image # 44, module Images # 1: CPU_time = 0.00 secs, Wall_time = 0.00 secs
Sat Aug 22 12:47:08 2026: Image # 44, module Metadata # 2: CPU_time = 0.00 secs, Wall_time = 0.00 secs
Sat Aug 22 12:47:08 2026: Image # 44, module NamesAndTypes # 3: CPU_time = 2.73 secs, Wall_time = 4.29 secs
Sat Aug 22 12:47:12 2026: Image # 44, module Groups # 4: CPU_time = 0.00 secs, Wall_time = 0.00 secs
Sat Aug 22 12:47:12 2026: Image # 44, module MaskImage # 5: CPU_time = 0.14 secs, Wall_time = 0.09 secs
Sat Aug 22 12:47:12 2026: Image # 44, module MaskImage # 6: CPU_time = 0.13 secs, Wall_time = 0.09 secs
Sat Aug 22 12:47:12 2026: Image # 44, module MaskImage # 7: CPU_time = 0.13 secs, Wall_time = 0.09 secs
Sat Aug 22 12:47:12 2026: Image # 44, module MaskImage # 8: CPU_time = 0.13 secs, Wall_time = 0.09 secs
Sat Aug 22 12:47:12 2026: Image # 44, module MaskObjects # 9: CPU_time = 0.51 secs, Wall_time = 0.51 secs
Sat Aug 22 12:47:13 2026: Image # 44, module MeasureObjectIntensity # 10: CPU_time = 10.34 secs, Wall_time = 10.33 secs
Sat Aug 22 12:47:23 2026: Image # 44, module MeasureGranularity # 11: CPU_time = 64.70 secs, Wall_time = 64.63 secs
Sat Aug 22 12:48:28 2026: Image # 44, module MeasureGranularity # 12: CPU_time = 29.52 secs, Wall_time = 29.49 secs
Sat Aug 22 12:48:57 2026: Image # 44, module MeasureObjectIntensityDistribution # 13: CPU_time = 37.22 secs, Wall_time = 37.17 secs
Sat Aug 22 12:49:35 2026: Image # 44, module MeasureObjectIntensityDistribution # 14: CPU_time = 22.57 secs, Wall_time = 22.54 secs
Sat Aug 22 12:49:57 2026: Image # 44, module RescaleIntensity # 15: CPU_time = 0.37 secs, Wall_time = 0.37 secs
Sat Aug 22 12:49:58 2026: Image # 44, module RescaleIntensity # 16: CPU_time = 0.36 secs, Wall_time = 0.36 secs
Sat Aug 22 12:49:58 2026: Image # 44, module RescaleIntensity # 17: CPU_time = 0.36 secs, Wall_time = 0.36 secs
Sat Aug 22 12:49:58 2026: Image # 44, module MeasureTexture # 18: CPU_time = 7.31 secs, Wall_time = 7.30 secs
Sat Aug 22 12:50:06 2026: Image # 44, module MeasureTexture # 19: CPU_time = 6.90 secs, Wall_time = 6.89 secs
Sat Aug 22 12:50:12 2026: Image # 44, module MeasureColocalization # 20: CPU_time = 580.64 secs, Wall_time = 156.62 secs
Sat Aug 22 12:52:49 2026: Image # 44, module ExportToSpreadsheet # 21: CPU_time = 0.00 secs, Wall_time = 0.00 secs
Sat Aug 22 12:52:49 2026: Image # 45, module Images # 1: CPU_time = 0.00 secs, Wall_time = 0.00 secs
Sat Aug 22 12:52:49 2026: Image # 45, module Metadata # 2: CPU_time = 0.00 secs, Wall_time = 0.00 secs
Sat Aug 22 12:52:49 2026: Image # 45, module NamesAndTypes # 3: CPU_time = 2.82 secs, Wall_time = 3.95 secs
Sat Aug 22 12:52:53 2026: Image # 45, module Groups # 4: CPU_time = 0.00 secs, Wall_time = 0.00 secs
Sat Aug 22 12:52:53 2026: Image # 45, module MaskImage # 5: CPU_time = 0.14 secs, Wall_time = 0.10 secs
Sat Aug 22 12:52:53 2026: Image # 45, module MaskImage # 6: CPU_time = 0.14 secs, Wall_time = 0.09 secs
Sat Aug 22 12:52:53 2026: Image # 45, module MaskImage # 7: CPU_time = 0.14 secs, Wall_time = 0.09 secs
Sat Aug 22 12:52:53 2026: Image # 45, module MaskImage # 8: CPU_time = 0.14 secs, Wall_time = 0.09 secs
Sat Aug 22 12:52:53 2026: Image # 45, module MaskObjects # 9: CPU_time = 0.52 secs, Wall_time = 0.52 secs
Sat Aug 22 12:52:54 2026: Image # 45, module MeasureObjectIntensity # 10: CPU_time = 11.85 secs, Wall_time = 11.84 secs
Sat Aug 22 12:53:06 2026: Image # 45, module MeasureGranularity # 11: CPU_time = 70.20 secs, Wall_time = 70.12 secs
Sat Aug 22 12:54:16 2026: Image # 45, module MeasureGranularity # 12: CPU_time = 31.12 secs, Wall_time = 31.08 secs
Sat Aug 22 12:54:47 2026: Image # 45, module MeasureObjectIntensityDistribution # 13: CPU_time = 44.22 secs, Wall_time = 44.17 secs
Sat Aug 22 12:55:31 2026: Image # 45, module MeasureObjectIntensityDistribution # 14: CPU_time = 24.78 secs, Wall_time = 24.75 secs
Sat Aug 22 12:55:56 2026: Image # 45, module RescaleIntensity # 15: CPU_time = 0.43 secs, Wall_time = 0.43 secs
Sat Aug 22 12:55:56 2026: Image # 45, module RescaleIntensity # 16: CPU_time = 0.43 secs, Wall_time = 0.43 secs
Sat Aug 22 12:55:57 2026: Image # 45, module RescaleIntensity # 17: CPU_time = 0.42 secs, Wall_time = 0.43 secs
Sat Aug 22 12:55:57 2026: Image # 45, module MeasureTexture # 18: CPU_time = 8.46 secs, Wall_time = 8.45 secs
Sat Aug 22 12:56:06 2026: Image # 45, module MeasureTexture # 19: CPU_time = 8.35 secs, Wall_time = 8.35 secs
Sat Aug 22 12:56:14 2026: Image # 45, module MeasureColocalization # 20: CPU_time = 329.28 secs, Wall_time = 95.75 secs
Sat Aug 22 12:57:50 2026: Image # 45, module ExportToSpreadsheet # 21: CPU_time = 0.00 secs, Wall_time = 0.00 secs
Sat Aug 22 12:57:50 2026: Image # 46, module Images # 1: CPU_time = 0.00 secs, Wall_time = 0.00 secs
Sat Aug 22 12:57:50 2026: Image # 46, module Metadata # 2: CPU_time = 0.00 secs, Wall_time = 0.00 secs
Sat Aug 22 12:57:50 2026: Image # 46, module NamesAndTypes # 3: CPU_time = 2.63 secs, Wall_time = 3.35 secs
Sat Aug 22 12:57:53 2026: Image # 46, module Groups # 4: CPU_time = 0.00 secs, Wall_time = 0.00 secs
Sat Aug 22 12:57:53 2026: Image # 46, module MaskImage # 5: CPU_time = 0.12 secs, Wall_time = 0.09 secs
Sat Aug 22 12:57:53 2026: Image # 46, module MaskImage # 6: CPU_time = 0.13 secs, Wall_time = 0.09 secs
Sat Aug 22 12:57:53 2026: Image # 46, module MaskImage # 7: CPU_time = 0.13 secs, Wall_time = 0.09 secs
Sat Aug 22 12:57:53 2026: Image # 46, module MaskImage # 8: CPU_time = 0.13 secs, Wall_time = 0.09 secs
Sat Aug 22 12:57:54 2026: Image # 46, module MaskObjects # 9: CPU_time = 0.52 secs, Wall_time = 0.52 secs
Sat Aug 22 12:57:54 2026: Image # 46, module MeasureObjectIntensity # 10: CPU_time = 11.43 secs, Wall_time = 11.41 secs
Sat Aug 22 12:58:05 2026: Image # 46, module MeasureGranularity # 11: CPU_time = 70.37 secs, Wall_time = 70.30 secs
Sat Aug 22 12:59:16 2026: Image # 46, module MeasureGranularity # 12: CPU_time = 30.24 secs, Wall_time = 30.21 secs
Sat Aug 22 12:59:46 2026: Image # 46, module MeasureObjectIntensityDistribution # 13: CPU_time = 41.06 secs, Wall_time = 41.04 secs
Sat Aug 22 13:00:27 2026: Image # 46, module MeasureObjectIntensityDistribution # 14: CPU_time = 24.89 secs, Wall_time = 24.86 secs
Sat Aug 22 13:00:52 2026: Image # 46, module RescaleIntensity # 15: CPU_time = 0.40 secs, Wall_time = 0.41 secs
Sat Aug 22 13:00:52 2026: Image # 46, module RescaleIntensity # 16: CPU_time = 0.40 secs, Wall_time = 0.40 secs
Sat Aug 22 13:00:53 2026: Image # 46, module RescaleIntensity # 17: CPU_time = 0.41 secs, Wall_time = 0.41 secs
Sat Aug 22 13:00:53 2026: Image # 46, module MeasureTexture # 18: CPU_time = 7.91 secs, Wall_time = 7.89 secs
Sat Aug 22 13:01:01 2026: Image # 46, module MeasureTexture # 19: CPU_time = 7.36 secs, Wall_time = 7.35 secs
Sat Aug 22 13:01:08 2026: Image # 46, module MeasureColocalization # 20: CPU_time = 356.65 secs, Wall_time = 104.05 secs
Sat Aug 22 13:02:52 2026: Image # 46, module ExportToSpreadsheet # 21: CPU_time = 0.00 secs, Wall_time = 0.00 secs
Sat Aug 22 13:02:52 2026: Image # 47, module Images # 1: CPU_time = 0.00 secs, Wall_time = 0.00 secs
Sat Aug 22 13:02:52 2026: Image # 47, module Metadata # 2: CPU_time = 0.00 secs, Wall_time = 0.00 secs
Sat Aug 22 13:02:52 2026: Image # 47, module NamesAndTypes # 3: CPU_time = 2.64 secs, Wall_time = 3.54 secs
Sat Aug 22 13:02:56 2026: Image # 47, module Groups # 4: CPU_time = 0.00 secs, Wall_time = 0.00 secs
Sat Aug 22 13:02:56 2026: Image # 47, module MaskImage # 5: CPU_time = 0.16 secs, Wall_time = 0.10 secs
Sat Aug 22 13:02:56 2026: Image # 47, module MaskImage # 6: CPU_time = 0.15 secs, Wall_time = 0.10 secs
Sat Aug 22 13:02:56 2026: Image # 47, module MaskImage # 7: CPU_time = 0.13 secs, Wall_time = 0.09 secs
Sat Aug 22 13:02:56 2026: Image # 47, module MaskImage # 8: CPU_time = 0.14 secs, Wall_time = 0.09 secs
Sat Aug 22 13:02:56 2026: Image # 47, module MaskObjects # 9: CPU_time = 0.50 secs, Wall_time = 0.50 secs
Sat Aug 22 13:02:57 2026: Image # 47, module MeasureObjectIntensity # 10: CPU_time = 9.81 secs, Wall_time = 9.79 secs
Sat Aug 22 13:03:07 2026: Image # 47, module MeasureGranularity # 11: CPU_time = 61.77 secs, Wall_time = 61.70 secs
Sat Aug 22 13:04:08 2026: Image # 47, module MeasureGranularity # 12: CPU_time = 29.00 secs, Wall_time = 28.98 secs
Sat Aug 22 13:04:37 2026: Image # 47, module MeasureObjectIntensityDistribution # 13: CPU_time = 35.24 secs, Wall_time = 35.21 secs
Sat Aug 22 13:05:13 2026: Image # 47, module MeasureObjectIntensityDistribution # 14: CPU_time = 20.39 secs, Wall_time = 20.37 secs
Sat Aug 22 13:05:33 2026: Image # 47, module RescaleIntensity # 15: CPU_time = 0.36 secs, Wall_time = 0.35 secs
Sat Aug 22 13:05:33 2026: Image # 47, module RescaleIntensity # 16: CPU_time = 0.34 secs, Wall_time = 0.35 secs
Sat Aug 22 13:05:34 2026: Image # 47, module RescaleIntensity # 17: CPU_time = 0.34 secs, Wall_time = 0.34 secs
Sat Aug 22 13:05:34 2026: Image # 47, module MeasureTexture # 18: CPU_time = 7.18 secs, Wall_time = 7.18 secs
Sat Aug 22 13:05:41 2026: Image # 47, module MeasureTexture # 19: CPU_time = 6.70 secs, Wall_time = 6.70 secs
Sat Aug 22 13:05:48 2026: Image # 47, module MeasureColocalization # 20: CPU_time = 476.06 secs, Wall_time = 128.19 secs
Sat Aug 22 13:07:56 2026: Image # 47, module ExportToSpreadsheet # 21: CPU_time = 0.00 secs, Wall_time = 0.00 secs
Sat Aug 22 13:07:56 2026: Image # 48, module Images # 1: CPU_time = 0.00 secs, Wall_time = 0.00 secs
Sat Aug 22 13:07:56 2026: Image # 48, module Metadata # 2: CPU_time = 0.00 secs, Wall_time = 0.00 secs
Sat Aug 22 13:07:56 2026: Image # 48, module NamesAndTypes # 3: CPU_time = 2.62 secs, Wall_time = 4.36 secs
Sat Aug 22 13:08:00 2026: Image # 48, module Groups # 4: CPU_time = 0.00 secs, Wall_time = 0.00 secs
Sat Aug 22 13:08:01 2026: Image # 48, module MaskImage # 5: CPU_time = 0.13 secs, Wall_time = 0.09 secs
Sat Aug 22 13:08:01 2026: Image # 48, module MaskImage # 6: CPU_time = 0.14 secs, Wall_time = 0.09 secs
Sat Aug 22 13:08:01 2026: Image # 48, module MaskImage # 7: CPU_time = 0.14 secs, Wall_time = 0.09 secs
Sat Aug 22 13:08:01 2026: Image # 48, module MaskImage # 8: CPU_time = 0.13 secs, Wall_time = 0.09 secs
Sat Aug 22 13:08:01 2026: Image # 48, module MaskObjects # 9: CPU_time = 0.49 secs, Wall_time = 0.50 secs
Sat Aug 22 13:08:01 2026: Image # 48, module MeasureObjectIntensity # 10: CPU_time = 9.07 secs, Wall_time = 9.05 secs
Sat Aug 22 13:08:10 2026: Image # 48, module MeasureGranularity # 11: CPU_time = 54.69 secs, Wall_time = 54.63 secs
Sat Aug 22 13:09:05 2026: Image # 48, module MeasureGranularity # 12: CPU_time = 28.58 secs, Wall_time = 28.55 secs
Sat Aug 22 13:09:34 2026: Image # 48, module MeasureObjectIntensityDistribution # 13: CPU_time = 33.12 secs, Wall_time = 33.09 secs
Sat Aug 22 13:10:07 2026: Image # 48, module MeasureObjectIntensityDistribution # 14: CPU_time = 19.39 secs, Wall_time = 19.37 secs
Sat Aug 22 13:10:26 2026: Image # 48, module RescaleIntensity # 15: CPU_time = 0.32 secs, Wall_time = 0.32 secs
Sat Aug 22 13:10:26 2026: Image # 48, module RescaleIntensity # 16: CPU_time = 0.33 secs, Wall_time = 0.32 secs
Sat Aug 22 13:10:27 2026: Image # 48, module RescaleIntensity # 17: CPU_time = 0.31 secs, Wall_time = 0.32 secs
Sat Aug 22 13:10:27 2026: Image # 48, module MeasureTexture # 18: CPU_time = 6.95 secs, Wall_time = 6.94 secs
Sat Aug 22 13:10:34 2026: Image # 48, module MeasureTexture # 19: CPU_time = 6.42 secs, Wall_time = 6.41 secs
Sat Aug 22 13:10:40 2026: Image # 48, module MeasureColocalization # 20: CPU_time = 412.67 secs, Wall_time = 111.23 secs
Sat Aug 22 13:12:32 2026: Image # 48, module ExportToSpreadsheet # 21: CPU_time = 0.00 secs, Wall_time = 0.00 secs
Sat Aug 22 13:12:32 2026: Image # 49, module Images # 1: CPU_time = 0.00 secs, Wall_time = 0.00 secs
Sat Aug 22 13:12:32 2026: Image # 49, module Metadata # 2: CPU_time = 0.00 secs, Wall_time = 0.00 secs
Sat Aug 22 13:12:32 2026: Image # 49, module NamesAndTypes # 3: CPU_time = 2.72 secs, Wall_time = 3.22 secs
Sat Aug 22 13:12:35 2026: Image # 49, module Groups # 4: CPU_time = 0.00 secs, Wall_time = 0.00 secs
Sat Aug 22 13:12:35 2026: Image # 49, module MaskImage # 5: CPU_time = 0.13 secs, Wall_time = 0.09 secs
Sat Aug 22 13:12:35 2026: Image # 49, module MaskImage # 6: CPU_time = 0.14 secs, Wall_time = 0.09 secs
Sat Aug 22 13:12:35 2026: Image # 49, module MaskImage # 7: CPU_time = 0.13 secs, Wall_time = 0.09 secs
Sat Aug 22 13:12:35 2026: Image # 49, module MaskImage # 8: CPU_time = 0.13 secs, Wall_time = 0.09 secs
Sat Aug 22 13:12:35 2026: Image # 49, module MaskObjects # 9: CPU_time = 0.48 secs, Wall_time = 0.47 secs
Sat Aug 22 13:12:36 2026: Image # 49, module MeasureObjectIntensity # 10: CPU_time = 6.40 secs, Wall_time = 6.40 secs
Sat Aug 22 13:12:42 2026: Image # 49, module MeasureGranularity # 11: CPU_time = 43.87 secs, Wall_time = 43.82 secs
Sat Aug 22 13:13:26 2026: Image # 49, module MeasureGranularity # 12: CPU_time = 26.32 secs, Wall_time = 26.30 secs
Sat Aug 22 13:13:52 2026: Image # 49, module MeasureObjectIntensityDistribution # 13: CPU_time = 23.77 secs, Wall_time = 23.74 secs
Sat Aug 22 13:14:16 2026: Image # 49, module MeasureObjectIntensityDistribution # 14: CPU_time = 18.15 secs, Wall_time = 18.14 secs
Sat Aug 22 13:14:34 2026: Image # 49, module RescaleIntensity # 15: CPU_time = 0.20 secs, Wall_time = 0.21 secs
Sat Aug 22 13:14:34 2026: Image # 49, module RescaleIntensity # 16: CPU_time = 0.20 secs, Wall_time = 0.20 secs
Sat Aug 22 13:14:35 2026: Image # 49, module RescaleIntensity # 17: CPU_time = 0.21 secs, Wall_time = 0.20 secs
Sat Aug 22 13:14:35 2026: Image # 49, module MeasureTexture # 18: CPU_time = 4.27 secs, Wall_time = 4.27 secs
Sat Aug 22 13:14:39 2026: Image # 49, module MeasureTexture # 19: CPU_time = 3.53 secs, Wall_time = 3.52 secs
Sat Aug 22 13:14:43 2026: Image # 49, module MeasureColocalization # 20: CPU_time = 189.08 secs, Wall_time = 51.84 secs
Sat Aug 22 13:15:34 2026: Image # 49, module ExportToSpreadsheet # 21: CPU_time = 0.00 secs, Wall_time = 0.00 secs
Sat Aug 22 13:15:34 2026: Image # 50, module Images # 1: CPU_time = 0.00 secs, Wall_time = 0.00 secs
Sat Aug 22 13:15:34 2026: Image # 50, module Metadata # 2: CPU_time = 0.00 secs, Wall_time = 0.00 secs
Sat Aug 22 13:15:34 2026: Image # 50, module NamesAndTypes # 3: CPU_time = 2.84 secs, Wall_time = 3.42 secs
Sat Aug 22 13:15:38 2026: Image # 50, module Groups # 4: CPU_time = 0.00 secs, Wall_time = 0.00 secs
Sat Aug 22 13:15:38 2026: Image # 50, module MaskImage # 5: CPU_time = 0.14 secs, Wall_time = 0.09 secs
Sat Aug 22 13:15:38 2026: Image # 50, module MaskImage # 6: CPU_time = 0.14 secs, Wall_time = 0.09 secs
Sat Aug 22 13:15:38 2026: Image # 50, module MaskImage # 7: CPU_time = 0.13 secs, Wall_time = 0.09 secs
Sat Aug 22 13:15:38 2026: Image # 50, module MaskImage # 8: CPU_time = 0.13 secs, Wall_time = 0.09 secs
Sat Aug 22 13:15:38 2026: Image # 50, module MaskObjects # 9: CPU_time = 0.47 secs, Wall_time = 0.47 secs
Sat Aug 22 13:15:39 2026: Image # 50, module MeasureObjectIntensity # 10: CPU_time = 6.42 secs, Wall_time = 6.41 secs
Sat Aug 22 13:15:45 2026: Image # 50, module MeasureGranularity # 11: CPU_time = 43.11 secs, Wall_time = 43.07 secs
Sat Aug 22 13:16:28 2026: Image # 50, module MeasureGranularity # 12: CPU_time = 26.25 secs, Wall_time = 26.22 secs
Sat Aug 22 13:16:54 2026: Image # 50, module MeasureObjectIntensityDistribution # 13: CPU_time = 23.62 secs, Wall_time = 23.60 secs
Sat Aug 22 13:17:18 2026: Image # 50, module MeasureObjectIntensityDistribution # 14: CPU_time = 17.54 secs, Wall_time = 17.51 secs
Sat Aug 22 13:17:36 2026: Image # 50, module RescaleIntensity # 15: CPU_time = 0.20 secs, Wall_time = 0.20 secs
Sat Aug 22 13:17:36 2026: Image # 50, module RescaleIntensity # 16: CPU_time = 0.20 secs, Wall_time = 0.20 secs
Sat Aug 22 13:17:36 2026: Image # 50, module RescaleIntensity # 17: CPU_time = 0.20 secs, Wall_time = 0.20 secs
Sat Aug 22 13:17:36 2026: Image # 50, module MeasureTexture # 18: CPU_time = 4.24 secs, Wall_time = 4.23 secs
Sat Aug 22 13:17:40 2026: Image # 50, module MeasureTexture # 19: CPU_time = 3.51 secs, Wall_time = 3.51 secs
Sat Aug 22 13:17:44 2026: Image # 50, module MeasureColocalization # 20: CPU_time = 163.85 secs, Wall_time = 45.09 secs
Sat Aug 22 13:18:29 2026: Image # 50, module ExportToSpreadsheet # 21: CPU_time = 0.00 secs, Wall_time = 0.00 secs
Sat Aug 22 13:18:29 2026: Image # 51, module Images # 1: CPU_time = 0.00 secs, Wall_time = 0.00 secs
Sat Aug 22 13:18:29 2026: Image # 51, module Metadata # 2: CPU_time = 0.00 secs, Wall_time = 0.00 secs
Sat Aug 22 13:18:29 2026: Image # 51, module NamesAndTypes # 3: CPU_time = 2.85 secs, Wall_time = 4.03 secs
Sat Aug 22 13:18:33 2026: Image # 51, module Groups # 4: CPU_time = 0.00 secs, Wall_time = 0.00 secs
Sat Aug 22 13:18:33 2026: Image # 51, module MaskImage # 5: CPU_time = 0.13 secs, Wall_time = 0.09 secs
Sat Aug 22 13:18:33 2026: Image # 51, module MaskImage # 6: CPU_time = 0.14 secs, Wall_time = 0.09 secs
Sat Aug 22 13:18:33 2026: Image # 51, module MaskImage # 7: CPU_time = 0.13 secs, Wall_time = 0.09 secs
Sat Aug 22 13:18:33 2026: Image # 51, module MaskImage # 8: CPU_time = 0.14 secs, Wall_time = 0.09 secs
Sat Aug 22 13:18:33 2026: Image # 51, module MaskObjects # 9: CPU_time = 0.47 secs, Wall_time = 0.47 secs
Sat Aug 22 13:18:34 2026: Image # 51, module MeasureObjectIntensity # 10: CPU_time = 6.46 secs, Wall_time = 6.45 secs
Sat Aug 22 13:18:40 2026: Image # 51, module MeasureGranularity # 11: CPU_time = 44.19 secs, Wall_time = 44.14 secs
Sat Aug 22 13:19:24 2026: Image # 51, module MeasureGranularity # 12: CPU_time = 26.51 secs, Wall_time = 26.48 secs
Sat Aug 22 13:19:51 2026: Image # 51, module MeasureObjectIntensityDistribution # 13: CPU_time = 23.93 secs, Wall_time = 23.90 secs
Sat Aug 22 13:20:15 2026: Image # 51, module MeasureObjectIntensityDistribution # 14: CPU_time = 17.88 secs, Wall_time = 17.87 secs
Sat Aug 22 13:20:33 2026: Image # 51, module RescaleIntensity # 15: CPU_time = 0.20 secs, Wall_time = 0.21 secs
Sat Aug 22 13:20:33 2026: Image # 51, module RescaleIntensity # 16: CPU_time = 0.20 secs, Wall_time = 0.21 secs
Sat Aug 22 13:20:33 2026: Image # 51, module RescaleIntensity # 17: CPU_time = 0.21 secs, Wall_time = 0.21 secs
Sat Aug 22 13:20:33 2026: Image # 51, module MeasureTexture # 18: CPU_time = 4.39 secs, Wall_time = 4.39 secs
Sat Aug 22 13:20:38 2026: Image # 51, module MeasureTexture # 19: CPU_time = 3.68 secs, Wall_time = 3.68 secs
Sat Aug 22 13:20:41 2026: Image # 51, module MeasureColocalization # 20: CPU_time = 99.02 secs, Wall_time = 29.47 secs
Sat Aug 22 13:21:11 2026: Image # 51, module ExportToSpreadsheet # 21: CPU_time = 0.00 secs, Wall_time = 0.00 secs
Sat Aug 22 13:21:11 2026: Image # 52, module Images # 1: CPU_time = 0.00 secs, Wall_time = 0.00 secs
Sat Aug 22 13:21:11 2026: Image # 52, module Metadata # 2: CPU_time = 0.00 secs, Wall_time = 0.00 secs
Sat Aug 22 13:21:11 2026: Image # 52, module NamesAndTypes # 3: CPU_time = 2.88 secs, Wall_time = 3.84 secs
Sat Aug 22 13:21:15 2026: Image # 52, module Groups # 4: CPU_time = 0.00 secs, Wall_time = 0.00 secs
Sat Aug 22 13:21:15 2026: Image # 52, module MaskImage # 5: CPU_time = 0.19 secs, Wall_time = 0.12 secs
Sat Aug 22 13:21:15 2026: Image # 52, module MaskImage # 6: CPU_time = 0.18 secs, Wall_time = 0.11 secs
Sat Aug 22 13:21:15 2026: Image # 52, module MaskImage # 7: CPU_time = 0.17 secs, Wall_time = 0.11 secs
Sat Aug 22 13:21:15 2026: Image # 52, module MaskImage # 8: CPU_time = 0.18 secs, Wall_time = 0.11 secs
Sat Aug 22 13:21:15 2026: Image # 52, module MaskObjects # 9: CPU_time = 0.48 secs, Wall_time = 0.48 secs
Sat Aug 22 13:21:16 2026: Image # 52, module MeasureObjectIntensity # 10: CPU_time = 7.70 secs, Wall_time = 7.69 secs
Sat Aug 22 13:21:23 2026: Image # 52, module MeasureGranularity # 11: CPU_time = 48.23 secs, Wall_time = 48.18 secs
Sat Aug 22 13:22:12 2026: Image # 52, module MeasureGranularity # 12: CPU_time = 27.18 secs, Wall_time = 27.15 secs
Sat Aug 22 13:22:39 2026: Image # 52, module MeasureObjectIntensityDistribution # 13: CPU_time = 29.42 secs, Wall_time = 29.40 secs
Sat Aug 22 13:23:08 2026: Image # 52, module MeasureObjectIntensityDistribution # 14: CPU_time = 21.64 secs, Wall_time = 21.61 secs
Sat Aug 22 13:23:30 2026: Image # 52, module RescaleIntensity # 15: CPU_time = 0.25 secs, Wall_time = 0.24 secs
Sat Aug 22 13:23:30 2026: Image # 52, module RescaleIntensity # 16: CPU_time = 0.24 secs, Wall_time = 0.24 secs
Sat Aug 22 13:23:30 2026: Image # 52, module RescaleIntensity # 17: CPU_time = 0.24 secs, Wall_time = 0.24 secs
Sat Aug 22 13:23:31 2026: Image # 52, module MeasureTexture # 18: CPU_time = 4.45 secs, Wall_time = 4.46 secs
Sat Aug 22 13:23:35 2026: Image # 52, module MeasureTexture # 19: CPU_time = 3.71 secs, Wall_time = 3.71 secs
Sat Aug 22 13:23:39 2026: Image # 52, module MeasureColocalization # 20: CPU_time = 231.05 secs, Wall_time = 64.03 secs
Sat Aug 22 13:24:43 2026: Image # 52, module ExportToSpreadsheet # 21: CPU_time = 0.00 secs, Wall_time = 0.00 secs
Sat Aug 22 13:24:43 2026: Image # 53, module Images # 1: CPU_time = 0.00 secs, Wall_time = 0.00 secs
Sat Aug 22 13:24:43 2026: Image # 53, module Metadata # 2: CPU_time = 0.00 secs, Wall_time = 0.00 secs
Sat Aug 22 13:24:43 2026: Image # 53, module NamesAndTypes # 3: CPU_time = 3.08 secs, Wall_time = 3.53 secs
Sat Aug 22 13:24:46 2026: Image # 53, module Groups # 4: CPU_time = 0.00 secs, Wall_time = 0.00 secs
Sat Aug 22 13:24:46 2026: Image # 53, module MaskImage # 5: CPU_time = 0.16 secs, Wall_time = 0.11 secs
Sat Aug 22 13:24:46 2026: Image # 53, module MaskImage # 6: CPU_time = 0.14 secs, Wall_time = 0.09 secs
Sat Aug 22 13:24:47 2026: Image # 53, module MaskImage # 7: CPU_time = 0.13 secs, Wall_time = 0.09 secs
Sat Aug 22 13:24:47 2026: Image # 53, module MaskImage # 8: CPU_time = 0.15 secs, Wall_time = 0.10 secs
Sat Aug 22 13:24:47 2026: Image # 53, module MaskObjects # 9: CPU_time = 0.47 secs, Wall_time = 0.48 secs
Sat Aug 22 13:24:47 2026: Image # 53, module MeasureObjectIntensity # 10: CPU_time = 9.01 secs, Wall_time = 9.00 secs
Sat Aug 22 13:24:56 2026: Image # 53, module MeasureGranularity # 11: CPU_time = 55.19 secs, Wall_time = 55.13 secs
Sat Aug 22 13:25:51 2026: Image # 53, module MeasureGranularity # 12: CPU_time = 29.12 secs, Wall_time = 29.09 secs
Sat Aug 22 13:26:20 2026: Image # 53, module MeasureObjectIntensityDistribution # 13: CPU_time = 35.70 secs, Wall_time = 35.67 secs
Sat Aug 22 13:26:56 2026: Image # 53, module MeasureObjectIntensityDistribution # 14: CPU_time = 26.51 secs, Wall_time = 26.48 secs
Sat Aug 22 13:27:23 2026: Image # 53, module RescaleIntensity # 15: CPU_time = 0.30 secs, Wall_time = 0.30 secs
Sat Aug 22 13:27:23 2026: Image # 53, module RescaleIntensity # 16: CPU_time = 0.31 secs, Wall_time = 0.31 secs
Sat Aug 22 13:27:23 2026: Image # 53, module RescaleIntensity # 17: CPU_time = 0.30 secs, Wall_time = 0.30 secs
Sat Aug 22 13:27:23 2026: Image # 53, module MeasureTexture # 18: CPU_time = 4.95 secs, Wall_time = 4.95 secs
Sat Aug 22 13:27:28 2026: Image # 53, module MeasureTexture # 19: CPU_time = 4.28 secs, Wall_time = 4.27 secs
Sat Aug 22 13:27:33 2026: Image # 53, module MeasureColocalization # 20: CPU_time = 308.59 secs, Wall_time = 86.65 secs
Sat Aug 22 13:28:59 2026: Image # 53, module ExportToSpreadsheet # 21: CPU_time = 0.00 secs, Wall_time = 0.00 secs
Sat Aug 22 13:28:59 2026: Image # 54, module Images # 1: CPU_time = 0.00 secs, Wall_time = 0.00 secs
Sat Aug 22 13:28:59 2026: Image # 54, module Metadata # 2: CPU_time = 0.00 secs, Wall_time = 0.00 secs
Sat Aug 22 13:28:59 2026: Image # 54, module NamesAndTypes # 3: CPU_time = 2.86 secs, Wall_time = 3.58 secs
Sat Aug 22 13:29:03 2026: Image # 54, module Groups # 4: CPU_time = 0.00 secs, Wall_time = 0.00 secs
Sat Aug 22 13:29:03 2026: Image # 54, module MaskImage # 5: CPU_time = 0.15 secs, Wall_time = 0.11 secs
Sat Aug 22 13:29:03 2026: Image # 54, module MaskImage # 6: CPU_time = 0.12 secs, Wall_time = 0.09 secs
Sat Aug 22 13:29:03 2026: Image # 54, module MaskImage # 7: CPU_time = 0.14 secs, Wall_time = 0.09 secs
Sat Aug 22 13:29:03 2026: Image # 54, module MaskImage # 8: CPU_time = 0.13 secs, Wall_time = 0.09 secs
Sat Aug 22 13:29:03 2026: Image # 54, module MaskObjects # 9: CPU_time = 0.49 secs, Wall_time = 0.47 secs
Sat Aug 22 13:29:04 2026: Image # 54, module MeasureObjectIntensity # 10: CPU_time = 8.43 secs, Wall_time = 8.42 secs
Sat Aug 22 13:29:12 2026: Image # 54, module MeasureGranularity # 11: CPU_time = 52.92 secs, Wall_time = 52.87 secs
Sat Aug 22 13:30:05 2026: Image # 54, module MeasureGranularity # 12: CPU_time = 28.62 secs, Wall_time = 28.58 secs
Sat Aug 22 13:30:34 2026: Image # 54, module MeasureObjectIntensityDistribution # 13: CPU_time = 32.98 secs, Wall_time = 32.95 secs
Sat Aug 22 13:31:07 2026: Image # 54, module MeasureObjectIntensityDistribution # 14: CPU_time = 24.29 secs, Wall_time = 24.26 secs
Sat Aug 22 13:31:31 2026: Image # 54, module RescaleIntensity # 15: CPU_time = 0.29 secs, Wall_time = 0.28 secs
Sat Aug 22 13:31:31 2026: Image # 54, module RescaleIntensity # 16: CPU_time = 0.28 secs, Wall_time = 0.28 secs
Sat Aug 22 13:31:32 2026: Image # 54, module RescaleIntensity # 17: CPU_time = 0.28 secs, Wall_time = 0.28 secs
Sat Aug 22 13:31:32 2026: Image # 54, module MeasureTexture # 18: CPU_time = 5.17 secs, Wall_time = 5.16 secs
Sat Aug 22 13:31:37 2026: Image # 54, module MeasureTexture # 19: CPU_time = 4.34 secs, Wall_time = 4.35 secs
Sat Aug 22 13:31:41 2026: Image # 54, module MeasureColocalization # 20: CPU_time = 355.43 secs, Wall_time = 95.80 secs
Sat Aug 22 13:33:17 2026: Image # 54, module ExportToSpreadsheet # 21: CPU_time = 0.00 secs, Wall_time = 0.01 secs
Sat Aug 22 13:33:17 2026: Image # 55, module Images # 1: CPU_time = 0.00 secs, Wall_time = 0.00 secs
Sat Aug 22 13:33:17 2026: Image # 55, module Metadata # 2: CPU_time = 0.00 secs, Wall_time = 0.00 secs
Sat Aug 22 13:33:17 2026: Image # 55, module NamesAndTypes # 3: CPU_time = 2.98 secs, Wall_time = 3.68 secs
Sat Aug 22 13:33:21 2026: Image # 55, module Groups # 4: CPU_time = 0.00 secs, Wall_time = 0.00 secs
Sat Aug 22 13:33:21 2026: Image # 55, module MaskImage # 5: CPU_time = 0.18 secs, Wall_time = 0.12 secs
Sat Aug 22 13:33:21 2026: Image # 55, module MaskImage # 6: CPU_time = 0.17 secs, Wall_time = 0.11 secs
Sat Aug 22 13:33:21 2026: Image # 55, module MaskImage # 7: CPU_time = 0.19 secs, Wall_time = 0.11 secs
Sat Aug 22 13:33:21 2026: Image # 55, module MaskImage # 8: CPU_time = 0.17 secs, Wall_time = 0.11 secs
Sat Aug 22 13:33:21 2026: Image # 55, module MaskObjects # 9: CPU_time = 0.51 secs, Wall_time = 0.50 secs
Sat Aug 22 13:33:22 2026: Image # 55, module MeasureObjectIntensity # 10: CPU_time = 4.36 secs, Wall_time = 4.36 secs
Sat Aug 22 13:33:26 2026: Image # 55, module MeasureGranularity # 11: CPU_time = 37.60 secs, Wall_time = 37.56 secs
Sat Aug 22 13:34:04 2026: Image # 55, module MeasureGranularity # 12: CPU_time = 25.88 secs, Wall_time = 25.86 secs
Sat Aug 22 13:34:30 2026: Image # 55, module MeasureObjectIntensityDistribution # 13: CPU_time = 11.77 secs, Wall_time = 11.75 secs
Sat Aug 22 13:34:41 2026: Image # 55, module MeasureObjectIntensityDistribution # 14: CPU_time = 10.17 secs, Wall_time = 10.15 secs
Sat Aug 22 13:34:51 2026: Image # 55, module RescaleIntensity # 15: CPU_time = 0.12 secs, Wall_time = 0.11 secs
Sat Aug 22 13:34:52 2026: Image # 55, module RescaleIntensity # 16: CPU_time = 0.11 secs, Wall_time = 0.11 secs
Sat Aug 22 13:34:52 2026: Image # 55, module RescaleIntensity # 17: CPU_time = 0.12 secs, Wall_time = 0.12 secs
Sat Aug 22 13:34:52 2026: Image # 55, module MeasureTexture # 18: CPU_time = 3.60 secs, Wall_time = 3.60 secs
Sat Aug 22 13:34:55 2026: Image # 55, module MeasureTexture # 19: CPU_time = 3.00 secs, Wall_time = 2.99 secs
Sat Aug 22 13:34:58 2026: Image # 55, module MeasureColocalization # 20: CPU_time = 44.85 secs, Wall_time = 13.05 secs
Sat Aug 22 13:35:11 2026: Image # 55, module ExportToSpreadsheet # 21: CPU_time = 0.04 secs, Wall_time = 0.01 secs
Sat Aug 22 13:35:12 2026: Image # 56, module Images # 1: CPU_time = 0.00 secs, Wall_time = 0.00 secs
Sat Aug 22 13:35:12 2026: Image # 56, module Metadata # 2: CPU_time = 0.00 secs, Wall_time = 0.00 secs
Sat Aug 22 13:35:12 2026: Image # 56, module NamesAndTypes # 3: CPU_time = 2.68 secs, Wall_time = 3.12 secs
Sat Aug 22 13:35:15 2026: Image # 56, module Groups # 4: CPU_time = 0.00 secs, Wall_time = 0.00 secs
Sat Aug 22 13:35:15 2026: Image # 56, module MaskImage # 5: CPU_time = 0.16 secs, Wall_time = 0.11 secs
Sat Aug 22 13:35:15 2026: Image # 56, module MaskImage # 6: CPU_time = 0.14 secs, Wall_time = 0.09 secs
Sat Aug 22 13:35:15 2026: Image # 56, module MaskImage # 7: CPU_time = 0.13 secs, Wall_time = 0.09 secs
Sat Aug 22 13:35:15 2026: Image # 56, module MaskImage # 8: CPU_time = 0.14 secs, Wall_time = 0.09 secs
Sat Aug 22 13:35:15 2026: Image # 56, module MaskObjects # 9: CPU_time = 0.47 secs, Wall_time = 0.47 secs
Sat Aug 22 13:35:16 2026: Image # 56, module MeasureObjectIntensity # 10: CPU_time = 4.90 secs, Wall_time = 4.91 secs
Sat Aug 22 13:35:20 2026: Image # 56, module MeasureGranularity # 11: CPU_time = 36.35 secs, Wall_time = 36.32 secs
Sat Aug 22 13:35:57 2026: Image # 56, module MeasureGranularity # 12: CPU_time = 25.02 secs, Wall_time = 24.99 secs
Sat Aug 22 13:36:22 2026: Image # 56, module MeasureObjectIntensityDistribution # 13: CPU_time = 15.78 secs, Wall_time = 15.75 secs
Sat Aug 22 13:36:38 2026: Image # 56, module MeasureObjectIntensityDistribution # 14: CPU_time = 13.63 secs, Wall_time = 13.62 secs
Sat Aug 22 13:36:51 2026: Image # 56, module RescaleIntensity # 15: CPU_time = 0.14 secs, Wall_time = 0.14 secs
Sat Aug 22 13:36:51 2026: Image # 56, module RescaleIntensity # 16: CPU_time = 0.14 secs, Wall_time = 0.14 secs
Sat Aug 22 13:36:51 2026: Image # 56, module RescaleIntensity # 17: CPU_time = 0.14 secs, Wall_time = 0.14 secs
Sat Aug 22 13:36:52 2026: Image # 56, module MeasureTexture # 18: CPU_time = 3.74 secs, Wall_time = 3.73 secs
Sat Aug 22 13:36:55 2026: Image # 56, module MeasureTexture # 19: CPU_time = 3.15 secs, Wall_time = 3.14 secs
Sat Aug 22 13:36:58 2026: Image # 56, module MeasureColocalization # 20: CPU_time = 62.55 secs, Wall_time = 18.29 secs
Sat Aug 22 13:37:17 2026: Image # 56, module ExportToSpreadsheet # 21: CPU_time = 0.01 secs, Wall_time = 0.00 secs
Sat Aug 22 13:37:17 2026: Image # 57, module Images # 1: CPU_time = 0.00 secs, Wall_time = 0.00 secs
Sat Aug 22 13:37:17 2026: Image # 57, module Metadata # 2: CPU_time = 0.00 secs, Wall_time = 0.00 secs
Sat Aug 22 13:37:17 2026: Image # 57, module NamesAndTypes # 3: CPU_time = 2.74 secs, Wall_time = 3.19 secs
Sat Aug 22 13:37:20 2026: Image # 57, module Groups # 4: CPU_time = 0.00 secs, Wall_time = 0.00 secs
Sat Aug 22 13:37:20 2026: Image # 57, module MaskImage # 5: CPU_time = 0.16 secs, Wall_time = 0.11 secs
Sat Aug 22 13:37:20 2026: Image # 57, module MaskImage # 6: CPU_time = 0.14 secs, Wall_time = 0.09 secs
Sat Aug 22 13:37:20 2026: Image # 57, module MaskImage # 7: CPU_time = 0.15 secs, Wall_time = 0.10 secs
Sat Aug 22 13:37:20 2026: Image # 57, module MaskImage # 8: CPU_time = 0.17 secs, Wall_time = 0.11 secs
Sat Aug 22 13:37:20 2026: Image # 57, module MaskObjects # 9: CPU_time = 0.46 secs, Wall_time = 0.46 secs
Sat Aug 22 13:37:21 2026: Image # 57, module MeasureObjectIntensity # 10: CPU_time = 4.27 secs, Wall_time = 4.26 secs
Sat Aug 22 13:37:25 2026: Image # 57, module MeasureGranularity # 11: CPU_time = 34.66 secs, Wall_time = 34.62 secs
Sat Aug 22 13:38:00 2026: Image # 57, module MeasureGranularity # 12: CPU_time = 24.51 secs, Wall_time = 24.48 secs
Sat Aug 22 13:38:24 2026: Image # 57, module MeasureObjectIntensityDistribution # 13: CPU_time = 12.63 secs, Wall_time = 12.61 secs
Sat Aug 22 13:38:37 2026: Image # 57, module MeasureObjectIntensityDistribution # 14: CPU_time = 10.90 secs, Wall_time = 10.89 secs
Sat Aug 22 13:38:48 2026: Image # 57, module RescaleIntensity # 15: CPU_time = 0.12 secs, Wall_time = 0.11 secs
Sat Aug 22 13:38:48 2026: Image # 57, module RescaleIntensity # 16: CPU_time = 0.11 secs, Wall_time = 0.11 secs
Sat Aug 22 13:38:48 2026: Image # 57, module RescaleIntensity # 17: CPU_time = 0.11 secs, Wall_time = 0.11 secs
Sat Aug 22 13:38:48 2026: Image # 57, module MeasureTexture # 18: CPU_time = 3.60 secs, Wall_time = 3.60 secs
Sat Aug 22 13:38:52 2026: Image # 57, module MeasureTexture # 19: CPU_time = 2.90 secs, Wall_time = 2.91 secs
Sat Aug 22 13:38:55 2026: Image # 57, module MeasureColocalization # 20: CPU_time = 43.66 secs, Wall_time = 12.87 secs
Sat Aug 22 13:39:07 2026: Image # 57, module ExportToSpreadsheet # 21: CPU_time = 0.00 secs, Wall_time = 0.00 secs
Sat Aug 22 13:39:07 2026: Image # 58, module Images # 1: CPU_time = 0.00 secs, Wall_time = 0.00 secs
Sat Aug 22 13:39:07 2026: Image # 58, module Metadata # 2: CPU_time = 0.00 secs, Wall_time = 0.00 secs
Sat Aug 22 13:39:07 2026: Image # 58, module NamesAndTypes # 3: CPU_time = 2.87 secs, Wall_time = 3.37 secs
Sat Aug 22 13:39:11 2026: Image # 58, module Groups # 4: CPU_time = 0.00 secs, Wall_time = 0.00 secs
Sat Aug 22 13:39:11 2026: Image # 58, module MaskImage # 5: CPU_time = 0.15 secs, Wall_time = 0.11 secs
Sat Aug 22 13:39:11 2026: Image # 58, module MaskImage # 6: CPU_time = 0.14 secs, Wall_time = 0.09 secs
Sat Aug 22 13:39:11 2026: Image # 58, module MaskImage # 7: CPU_time = 0.14 secs, Wall_time = 0.09 secs
Sat Aug 22 13:39:11 2026: Image # 58, module MaskImage # 8: CPU_time = 0.13 secs, Wall_time = 0.09 secs
Sat Aug 22 13:39:11 2026: Image # 58, module MaskObjects # 9: CPU_time = 0.45 secs, Wall_time = 0.46 secs
Sat Aug 22 13:39:12 2026: Image # 58, module MeasureObjectIntensity # 10: CPU_time = 7.00 secs, Wall_time = 6.99 secs
Sat Aug 22 13:39:19 2026: Image # 58, module MeasureGranularity # 11: CPU_time = 43.50 secs, Wall_time = 43.46 secs
Sat Aug 22 13:40:02 2026: Image # 58, module MeasureGranularity # 12: CPU_time = 26.23 secs, Wall_time = 26.20 secs
Sat Aug 22 13:40:28 2026: Image # 58, module MeasureObjectIntensityDistribution # 13: CPU_time = 25.10 secs, Wall_time = 25.07 secs
Sat Aug 22 13:40:53 2026: Image # 58, module MeasureObjectIntensityDistribution # 14: CPU_time = 21.66 secs, Wall_time = 21.64 secs
Sat Aug 22 13:41:15 2026: Image # 58, module RescaleIntensity # 15: CPU_time = 0.22 secs, Wall_time = 0.22 secs
Sat Aug 22 13:41:15 2026: Image # 58, module RescaleIntensity # 16: CPU_time = 0.22 secs, Wall_time = 0.22 secs
Sat Aug 22 13:41:15 2026: Image # 58, module RescaleIntensity # 17: CPU_time = 0.22 secs, Wall_time = 0.21 secs
Sat Aug 22 13:41:16 2026: Image # 58, module MeasureTexture # 18: CPU_time = 4.28 secs, Wall_time = 4.28 secs
Sat Aug 22 13:41:20 2026: Image # 58, module MeasureTexture # 19: CPU_time = 3.58 secs, Wall_time = 3.58 secs
Sat Aug 22 13:41:24 2026: Image # 58, module MeasureColocalization # 20: CPU_time = 81.83 secs, Wall_time = 25.50 secs
Sat Aug 22 13:41:49 2026: Image # 58, module ExportToSpreadsheet # 21: CPU_time = 0.00 secs, Wall_time = 0.00 secs
Sat Aug 22 13:41:49 2026: Image # 59, module Images # 1: CPU_time = 0.00 secs, Wall_time = 0.00 secs
Sat Aug 22 13:41:49 2026: Image # 59, module Metadata # 2: CPU_time = 0.00 secs, Wall_time = 0.00 secs
Sat Aug 22 13:41:49 2026: Image # 59, module NamesAndTypes # 3: CPU_time = 2.72 secs, Wall_time = 3.22 secs
Sat Aug 22 13:41:52 2026: Image # 59, module Groups # 4: CPU_time = 0.00 secs, Wall_time = 0.00 secs
Sat Aug 22 13:41:52 2026: Image # 59, module MaskImage # 5: CPU_time = 0.15 secs, Wall_time = 0.11 secs
Sat Aug 22 13:41:52 2026: Image # 59, module MaskImage # 6: CPU_time = 0.13 secs, Wall_time = 0.09 secs
Sat Aug 22 13:41:53 2026: Image # 59, module MaskImage # 7: CPU_time = 0.14 secs, Wall_time = 0.09 secs
Sat Aug 22 13:41:53 2026: Image # 59, module MaskImage # 8: CPU_time = 0.14 secs, Wall_time = 0.09 secs
Sat Aug 22 13:41:53 2026: Image # 59, module MaskObjects # 9: CPU_time = 0.48 secs, Wall_time = 0.47 secs
Sat Aug 22 13:41:53 2026: Image # 59, module MeasureObjectIntensity # 10: CPU_time = 4.78 secs, Wall_time = 4.78 secs
Sat Aug 22 13:41:58 2026: Image # 59, module MeasureGranularity # 11: CPU_time = 36.25 secs, Wall_time = 36.21 secs
Sat Aug 22 13:42:34 2026: Image # 59, module MeasureGranularity # 12: CPU_time = 24.85 secs, Wall_time = 24.82 secs
Sat Aug 22 13:42:59 2026: Image # 59, module MeasureObjectIntensityDistribution # 13: CPU_time = 14.57 secs, Wall_time = 14.55 secs
Sat Aug 22 13:43:14 2026: Image # 59, module MeasureObjectIntensityDistribution # 14: CPU_time = 12.58 secs, Wall_time = 12.55 secs
Sat Aug 22 13:43:26 2026: Image # 59, module RescaleIntensity # 15: CPU_time = 0.13 secs, Wall_time = 0.14 secs
Sat Aug 22 13:43:26 2026: Image # 59, module RescaleIntensity # 16: CPU_time = 0.13 secs, Wall_time = 0.13 secs
Sat Aug 22 13:43:26 2026: Image # 59, module RescaleIntensity # 17: CPU_time = 0.14 secs, Wall_time = 0.14 secs
Sat Aug 22 13:43:27 2026: Image # 59, module MeasureTexture # 18: CPU_time = 3.70 secs, Wall_time = 3.70 secs
Sat Aug 22 13:43:30 2026: Image # 59, module MeasureTexture # 19: CPU_time = 3.02 secs, Wall_time = 3.01 secs
Sat Aug 22 13:43:33 2026: Image # 59, module MeasureColocalization # 20: CPU_time = 40.20 secs, Wall_time = 12.55 secs
Sat Aug 22 13:43:46 2026: Image # 59, module ExportToSpreadsheet # 21: CPU_time = 0.00 secs, Wall_time = 0.00 secs
Sat Aug 22 13:43:46 2026: Image # 60, module Images # 1: CPU_time = 0.00 secs, Wall_time = 0.00 secs
Sat Aug 22 13:43:46 2026: Image # 60, module Metadata # 2: CPU_time = 0.00 secs, Wall_time = 0.00 secs
Sat Aug 22 13:43:46 2026: Image # 60, module NamesAndTypes # 3: CPU_time = 2.78 secs, Wall_time = 3.25 secs
Sat Aug 22 13:43:49 2026: Image # 60, module Groups # 4: CPU_time = 0.00 secs, Wall_time = 0.00 secs
Sat Aug 22 13:43:49 2026: Image # 60, module MaskImage # 5: CPU_time = 0.15 secs, Wall_time = 0.11 secs
Sat Aug 22 13:43:49 2026: Image # 60, module MaskImage # 6: CPU_time = 0.13 secs, Wall_time = 0.09 secs
Sat Aug 22 13:43:49 2026: Image # 60, module MaskImage # 7: CPU_time = 0.13 secs, Wall_time = 0.09 secs
Sat Aug 22 13:43:49 2026: Image # 60, module MaskImage # 8: CPU_time = 0.14 secs, Wall_time = 0.09 secs
Sat Aug 22 13:43:49 2026: Image # 60, module MaskObjects # 9: CPU_time = 0.46 secs, Wall_time = 0.46 secs
Sat Aug 22 13:43:50 2026: Image # 60, module MeasureObjectIntensity # 10: CPU_time = 4.67 secs, Wall_time = 4.67 secs
Sat Aug 22 13:43:55 2026: Image # 60, module MeasureGranularity # 11: CPU_time = 36.01 secs, Wall_time = 35.98 secs
Sat Aug 22 13:44:31 2026: Image # 60, module MeasureGranularity # 12: CPU_time = 24.85 secs, Wall_time = 24.82 secs
Sat Aug 22 13:44:55 2026: Image # 60, module MeasureObjectIntensityDistribution # 13: CPU_time = 14.39 secs, Wall_time = 14.38 secs
Sat Aug 22 13:45:10 2026: Image # 60, module MeasureObjectIntensityDistribution # 14: CPU_time = 12.61 secs, Wall_time = 12.60 secs
Sat Aug 22 13:45:22 2026: Image # 60, module RescaleIntensity # 15: CPU_time = 0.13 secs, Wall_time = 0.13 secs
Sat Aug 22 13:45:23 2026: Image # 60, module RescaleIntensity # 16: CPU_time = 0.13 secs, Wall_time = 0.13 secs
Sat Aug 22 13:45:23 2026: Image # 60, module RescaleIntensity # 17: CPU_time = 0.12 secs, Wall_time = 0.13 secs
Sat Aug 22 13:45:23 2026: Image # 60, module MeasureTexture # 18: CPU_time = 3.52 secs, Wall_time = 3.53 secs
Sat Aug 22 13:45:26 2026: Image # 60, module MeasureTexture # 19: CPU_time = 2.86 secs, Wall_time = 2.85 secs
Sat Aug 22 13:45:29 2026: Image # 60, module MeasureColocalization # 20: CPU_time = 41.77 secs, Wall_time = 12.86 secs
Sat Aug 22 13:45:42 2026: Image # 60, module ExportToSpreadsheet # 21: CPU_time = 0.01 secs, Wall_time = 0.00 secs
Sat Aug 22 13:45:42 2026: Image # 61, module Images # 1: CPU_time = 0.00 secs, Wall_time = 0.00 secs
Sat Aug 22 13:45:42 2026: Image # 61, module Metadata # 2: CPU_time = 0.00 secs, Wall_time = 0.00 secs
Sat Aug 22 13:45:42 2026: Image # 61, module NamesAndTypes # 3: CPU_time = 2.57 secs, Wall_time = 3.46 secs
Sat Aug 22 13:45:46 2026: Image # 61, module Groups # 4: CPU_time = 0.00 secs, Wall_time = 0.00 secs
Sat Aug 22 13:45:46 2026: Image # 61, module MaskImage # 5: CPU_time = 0.15 secs, Wall_time = 0.11 secs
Sat Aug 22 13:45:46 2026: Image # 61, module MaskImage # 6: CPU_time = 0.14 secs, Wall_time = 0.09 secs
Sat Aug 22 13:45:46 2026: Image # 61, module MaskImage # 7: CPU_time = 0.14 secs, Wall_time = 0.09 secs
Sat Aug 22 13:45:46 2026: Image # 61, module MaskImage # 8: CPU_time = 0.13 secs, Wall_time = 0.09 secs
Sat Aug 22 13:45:46 2026: Image # 61, module MaskObjects # 9: CPU_time = 0.50 secs, Wall_time = 0.50 secs
Sat Aug 22 13:45:46 2026: Image # 61, module MeasureObjectIntensity # 10: CPU_time = 9.74 secs, Wall_time = 9.73 secs
Sat Aug 22 13:45:56 2026: Image # 61, module MeasureGranularity # 11: CPU_time = 59.59 secs, Wall_time = 59.53 secs
Sat Aug 22 13:46:56 2026: Image # 61, module MeasureGranularity # 12: CPU_time = 28.76 secs, Wall_time = 28.73 secs
Sat Aug 22 13:47:24 2026: Image # 61, module MeasureObjectIntensityDistribution # 13: CPU_time = 33.80 secs, Wall_time = 33.76 secs
Sat Aug 22 13:47:58 2026: Image # 61, module MeasureObjectIntensityDistribution # 14: CPU_time = 21.86 secs, Wall_time = 21.83 secs
Sat Aug 22 13:48:20 2026: Image # 61, module RescaleIntensity # 15: CPU_time = 0.34 secs, Wall_time = 0.33 secs
Sat Aug 22 13:48:20 2026: Image # 61, module RescaleIntensity # 16: CPU_time = 0.33 secs, Wall_time = 0.33 secs
Sat Aug 22 13:48:21 2026: Image # 61, module RescaleIntensity # 17: CPU_time = 0.32 secs, Wall_time = 0.32 secs
Sat Aug 22 13:48:21 2026: Image # 61, module MeasureTexture # 18: CPU_time = 7.09 secs, Wall_time = 7.08 secs
Sat Aug 22 13:48:28 2026: Image # 61, module MeasureTexture # 19: CPU_time = 6.63 secs, Wall_time = 6.62 secs
Sat Aug 22 13:48:35 2026: Image # 61, module MeasureColocalization # 20: CPU_time = 313.64 secs, Wall_time = 86.45 secs
Sat Aug 22 13:50:01 2026: Image # 61, module ExportToSpreadsheet # 21: CPU_time = 0.00 secs, Wall_time = 0.00 secs
Sat Aug 22 13:50:01 2026: Image # 62, module Images # 1: CPU_time = 0.00 secs, Wall_time = 0.00 secs
Sat Aug 22 13:50:01 2026: Image # 62, module Metadata # 2: CPU_time = 0.00 secs, Wall_time = 0.00 secs
Sat Aug 22 13:50:01 2026: Image # 62, module NamesAndTypes # 3: CPU_time = 2.65 secs, Wall_time = 3.46 secs
Sat Aug 22 13:50:05 2026: Image # 62, module Groups # 4: CPU_time = 0.00 secs, Wall_time = 0.00 secs
Sat Aug 22 13:50:05 2026: Image # 62, module MaskImage # 5: CPU_time = 0.15 secs, Wall_time = 0.11 secs
Sat Aug 22 13:50:05 2026: Image # 62, module MaskImage # 6: CPU_time = 0.14 secs, Wall_time = 0.09 secs
Sat Aug 22 13:50:05 2026: Image # 62, module MaskImage # 7: CPU_time = 0.14 secs, Wall_time = 0.09 secs
Sat Aug 22 13:50:05 2026: Image # 62, module MaskImage # 8: CPU_time = 0.13 secs, Wall_time = 0.09 secs
Sat Aug 22 13:50:05 2026: Image # 62, module MaskObjects # 9: CPU_time = 0.51 secs, Wall_time = 0.50 secs
Sat Aug 22 13:50:06 2026: Image # 62, module MeasureObjectIntensity # 10: CPU_time = 9.41 secs, Wall_time = 9.39 secs
Sat Aug 22 13:50:15 2026: Image # 62, module MeasureGranularity # 11: CPU_time = 57.95 secs, Wall_time = 57.89 secs
Sat Aug 22 13:51:13 2026: Image # 62, module MeasureGranularity # 12: CPU_time = 28.80 secs, Wall_time = 28.77 secs
Sat Aug 22 13:51:42 2026: Image # 62, module MeasureObjectIntensityDistribution # 13: CPU_time = 32.20 secs, Wall_time = 32.17 secs
Sat Aug 22 13:52:14 2026: Image # 62, module MeasureObjectIntensityDistribution # 14: CPU_time = 20.65 secs, Wall_time = 20.62 secs
Sat Aug 22 13:52:34 2026: Image # 62, module RescaleIntensity # 15: CPU_time = 0.32 secs, Wall_time = 0.32 secs
Sat Aug 22 13:52:35 2026: Image # 62, module RescaleIntensity # 16: CPU_time = 0.31 secs, Wall_time = 0.32 secs
Sat Aug 22 13:52:35 2026: Image # 62, module RescaleIntensity # 17: CPU_time = 0.31 secs, Wall_time = 0.31 secs
Sat Aug 22 13:52:35 2026: Image # 62, module MeasureTexture # 18: CPU_time = 6.87 secs, Wall_time = 6.87 secs
Sat Aug 22 13:52:42 2026: Image # 62, module MeasureTexture # 19: CPU_time = 6.38 secs, Wall_time = 6.38 secs
Sat Aug 22 13:52:49 2026: Image # 62, module MeasureColocalization # 20: CPU_time = 316.28 secs, Wall_time = 86.33 secs
Sat Aug 22 13:54:15 2026: Image # 62, module ExportToSpreadsheet # 21: CPU_time = 0.00 secs, Wall_time = 0.00 secs
Sat Aug 22 13:54:15 2026: Image # 63, module Images # 1: CPU_time = 0.00 secs, Wall_time = 0.00 secs
Sat Aug 22 13:54:15 2026: Image # 63, module Metadata # 2: CPU_time = 0.00 secs, Wall_time = 0.00 secs
Sat Aug 22 13:54:15 2026: Image # 63, module NamesAndTypes # 3: CPU_time = 2.58 secs, Wall_time = 3.53 secs
Sat Aug 22 13:54:19 2026: Image # 63, module Groups # 4: CPU_time = 0.00 secs, Wall_time = 0.00 secs
Sat Aug 22 13:54:19 2026: Image # 63, module MaskImage # 5: CPU_time = 0.15 secs, Wall_time = 0.11 secs
Sat Aug 22 13:54:19 2026: Image # 63, module MaskImage # 6: CPU_time = 0.14 secs, Wall_time = 0.09 secs
Sat Aug 22 13:54:19 2026: Image # 63, module MaskImage # 7: CPU_time = 0.13 secs, Wall_time = 0.09 secs
Sat Aug 22 13:54:19 2026: Image # 63, module MaskImage # 8: CPU_time = 0.14 secs, Wall_time = 0.09 secs
Sat Aug 22 13:54:19 2026: Image # 63, module MaskObjects # 9: CPU_time = 0.51 secs, Wall_time = 0.51 secs
Sat Aug 22 13:54:19 2026: Image # 63, module MeasureObjectIntensity # 10: CPU_time = 9.75 secs, Wall_time = 9.74 secs
Sat Aug 22 13:54:29 2026: Image # 63, module MeasureGranularity # 11: CPU_time = 58.79 secs, Wall_time = 58.73 secs
Sat Aug 22 13:55:28 2026: Image # 63, module MeasureGranularity # 12: CPU_time = 29.02 secs, Wall_time = 28.99 secs
Sat Aug 22 13:55:57 2026: Image # 63, module MeasureObjectIntensityDistribution # 13: CPU_time = 33.86 secs, Wall_time = 33.82 secs
Sat Aug 22 13:56:31 2026: Image # 63, module MeasureObjectIntensityDistribution # 14: CPU_time = 21.54 secs, Wall_time = 21.51 secs
Sat Aug 22 13:56:52 2026: Image # 63, module RescaleIntensity # 15: CPU_time = 0.33 secs, Wall_time = 0.33 secs
Sat Aug 22 13:56:53 2026: Image # 63, module RescaleIntensity # 16: CPU_time = 0.33 secs, Wall_time = 0.33 secs
Sat Aug 22 13:56:53 2026: Image # 63, module RescaleIntensity # 17: CPU_time = 0.32 secs, Wall_time = 0.32 secs
Sat Aug 22 13:56:53 2026: Image # 63, module MeasureTexture # 18: CPU_time = 7.34 secs, Wall_time = 7.34 secs
Sat Aug 22 13:57:01 2026: Image # 63, module MeasureTexture # 19: CPU_time = 7.03 secs, Wall_time = 7.02 secs
Sat Aug 22 13:57:08 2026: Image # 63, module MeasureColocalization # 20: CPU_time = 326.69 secs, Wall_time = 90.15 secs
Sat Aug 22 13:58:38 2026: Image # 63, module ExportToSpreadsheet # 21: CPU_time = 0.00 secs, Wall_time = 0.00 secs
Sat Aug 22 13:58:38 2026: Image # 64, module Images # 1: CPU_time = 0.00 secs, Wall_time = 0.00 secs
Sat Aug 22 13:58:38 2026: Image # 64, module Metadata # 2: CPU_time = 0.00 secs, Wall_time = 0.00 secs
Sat Aug 22 13:58:38 2026: Image # 64, module NamesAndTypes # 3: CPU_time = 2.57 secs, Wall_time = 3.30 secs
Sat Aug 22 13:58:41 2026: Image # 64, module Groups # 4: CPU_time = 0.00 secs, Wall_time = 0.00 secs
Sat Aug 22 13:58:41 2026: Image # 64, module MaskImage # 5: CPU_time = 0.16 secs, Wall_time = 0.11 secs
Sat Aug 22 13:58:41 2026: Image # 64, module MaskImage # 6: CPU_time = 0.14 secs, Wall_time = 0.09 secs
Sat Aug 22 13:58:41 2026: Image # 64, module MaskImage # 7: CPU_time = 0.13 secs, Wall_time = 0.09 secs
Sat Aug 22 13:58:41 2026: Image # 64, module MaskImage # 8: CPU_time = 0.13 secs, Wall_time = 0.09 secs
Sat Aug 22 13:58:41 2026: Image # 64, module MaskObjects # 9: CPU_time = 0.50 secs, Wall_time = 0.50 secs
Sat Aug 22 13:58:42 2026: Image # 64, module MeasureObjectIntensity # 10: CPU_time = 8.75 secs, Wall_time = 8.74 secs
Sat Aug 22 13:58:51 2026: Image # 64, module MeasureGranularity # 11: CPU_time = 54.33 secs, Wall_time = 54.27 secs
Sat Aug 22 13:59:45 2026: Image # 64, module MeasureGranularity # 12: CPU_time = 28.87 secs, Wall_time = 28.83 secs
Sat Aug 22 14:00:14 2026: Image # 64, module MeasureObjectIntensityDistribution # 13: CPU_time = 34.80 secs, Wall_time = 34.77 secs
Sat Aug 22 14:00:49 2026: Image # 64, module MeasureObjectIntensityDistribution # 14: CPU_time = 22.71 secs, Wall_time = 22.68 secs
Sat Aug 22 14:01:11 2026: Image # 64, module RescaleIntensity # 15: CPU_time = 0.29 secs, Wall_time = 0.29 secs
Sat Aug 22 14:01:12 2026: Image # 64, module RescaleIntensity # 16: CPU_time = 0.30 secs, Wall_time = 0.29 secs
Sat Aug 22 14:01:12 2026: Image # 64, module RescaleIntensity # 17: CPU_time = 0.29 secs, Wall_time = 0.29 secs
Sat Aug 22 14:01:12 2026: Image # 64, module MeasureTexture # 18: CPU_time = 6.65 secs, Wall_time = 6.65 secs
Sat Aug 22 14:01:19 2026: Image # 64, module MeasureTexture # 19: CPU_time = 6.24 secs, Wall_time = 6.24 secs
Sat Aug 22 14:01:25 2026: Image # 64, module MeasureColocalization # 20: CPU_time = 324.00 secs, Wall_time = 88.07 secs
Sat Aug 22 14:02:53 2026: Image # 64, module ExportToSpreadsheet # 21: CPU_time = 0.00 secs, Wall_time = 0.00 secs
Sat Aug 22 14:02:53 2026: Image # 65, module Images # 1: CPU_time = 0.00 secs, Wall_time = 0.00 secs
Sat Aug 22 14:02:53 2026: Image # 65, module Metadata # 2: CPU_time = 0.00 secs, Wall_time = 0.00 secs
Sat Aug 22 14:02:53 2026: Image # 65, module NamesAndTypes # 3: CPU_time = 2.71 secs, Wall_time = 3.35 secs
Sat Aug 22 14:02:56 2026: Image # 65, module Groups # 4: CPU_time = 0.00 secs, Wall_time = 0.00 secs
Sat Aug 22 14:02:57 2026: Image # 65, module MaskImage # 5: CPU_time = 0.18 secs, Wall_time = 0.11 secs
Sat Aug 22 14:02:57 2026: Image # 65, module MaskImage # 6: CPU_time = 0.18 secs, Wall_time = 0.11 secs
Sat Aug 22 14:02:57 2026: Image # 65, module MaskImage # 7: CPU_time = 0.16 secs, Wall_time = 0.11 secs
Sat Aug 22 14:02:57 2026: Image # 65, module MaskImage # 8: CPU_time = 0.17 secs, Wall_time = 0.11 secs
Sat Aug 22 14:02:57 2026: Image # 65, module MaskObjects # 9: CPU_time = 0.50 secs, Wall_time = 0.50 secs
Sat Aug 22 14:02:57 2026: Image # 65, module MeasureObjectIntensity # 10: CPU_time = 9.07 secs, Wall_time = 9.07 secs
Sat Aug 22 14:03:07 2026: Image # 65, module MeasureGranularity # 11: CPU_time = 56.59 secs, Wall_time = 56.53 secs
Sat Aug 22 14:04:03 2026: Image # 65, module MeasureGranularity # 12: CPU_time = 28.39 secs, Wall_time = 28.36 secs
Sat Aug 22 14:04:31 2026: Image # 65, module MeasureObjectIntensityDistribution # 13: CPU_time = 35.08 secs, Wall_time = 35.04 secs
Sat Aug 22 14:05:06 2026: Image # 65, module MeasureObjectIntensityDistribution # 14: CPU_time = 23.32 secs, Wall_time = 23.30 secs
Sat Aug 22 14:05:30 2026: Image # 65, module RescaleIntensity # 15: CPU_time = 0.30 secs, Wall_time = 0.30 secs
Sat Aug 22 14:05:30 2026: Image # 65, module RescaleIntensity # 16: CPU_time = 0.29 secs, Wall_time = 0.29 secs
Sat Aug 22 14:05:30 2026: Image # 65, module RescaleIntensity # 17: CPU_time = 0.29 secs, Wall_time = 0.29 secs
Sat Aug 22 14:05:31 2026: Image # 65, module MeasureTexture # 18: CPU_time = 6.98 secs, Wall_time = 6.98 secs
Sat Aug 22 14:05:38 2026: Image # 65, module MeasureTexture # 19: CPU_time = 6.09 secs, Wall_time = 6.08 secs
Sat Aug 22 14:05:44 2026: Image # 65, module MeasureColocalization # 20: CPU_time = 238.82 secs, Wall_time = 66.74 secs
Sat Aug 22 14:06:50 2026: Image # 65, module ExportToSpreadsheet # 21: CPU_time = 0.01 secs, Wall_time = 0.00 secs
Sat Aug 22 14:06:51 2026: Image # 66, module Images # 1: CPU_time = 0.00 secs, Wall_time = 0.00 secs
Sat Aug 22 14:06:51 2026: Image # 66, module Metadata # 2: CPU_time = 0.00 secs, Wall_time = 0.00 secs
Sat Aug 22 14:06:51 2026: Image # 66, module NamesAndTypes # 3: CPU_time = 2.59 secs, Wall_time = 3.56 secs
Sat Aug 22 14:06:54 2026: Image # 66, module Groups # 4: CPU_time = 0.00 secs, Wall_time = 0.00 secs
Sat Aug 22 14:06:54 2026: Image # 66, module MaskImage # 5: CPU_time = 0.15 secs, Wall_time = 0.11 secs
Sat Aug 22 14:06:54 2026: Image # 66, module MaskImage # 6: CPU_time = 0.13 secs, Wall_time = 0.09 secs
Sat Aug 22 14:06:54 2026: Image # 66, module MaskImage # 7: CPU_time = 0.13 secs, Wall_time = 0.09 secs
Sat Aug 22 14:06:54 2026: Image # 66, module MaskImage # 8: CPU_time = 0.14 secs, Wall_time = 0.09 secs
Sat Aug 22 14:06:54 2026: Image # 66, module MaskObjects # 9: CPU_time = 0.49 secs, Wall_time = 0.49 secs
Sat Aug 22 14:06:55 2026: Image # 66, module MeasureObjectIntensity # 10: CPU_time = 9.43 secs, Wall_time = 9.43 secs
Sat Aug 22 14:07:04 2026: Image # 66, module MeasureGranularity # 11: CPU_time = 57.63 secs, Wall_time = 57.57 secs
Sat Aug 22 14:08:02 2026: Image # 66, module MeasureGranularity # 12: CPU_time = 28.35 secs, Wall_time = 28.33 secs
Sat Aug 22 14:08:30 2026: Image # 66, module MeasureObjectIntensityDistribution # 13: CPU_time = 36.92 secs, Wall_time = 36.88 secs
Sat Aug 22 14:09:07 2026: Image # 66, module MeasureObjectIntensityDistribution # 14: CPU_time = 24.44 secs, Wall_time = 24.41 secs
Sat Aug 22 14:09:32 2026: Image # 66, module RescaleIntensity # 15: CPU_time = 0.31 secs, Wall_time = 0.31 secs
Sat Aug 22 14:09:32 2026: Image # 66, module RescaleIntensity # 16: CPU_time = 0.31 secs, Wall_time = 0.31 secs
Sat Aug 22 14:09:32 2026: Image # 66, module RescaleIntensity # 17: CPU_time = 0.30 secs, Wall_time = 0.30 secs
Sat Aug 22 14:09:33 2026: Image # 66, module MeasureTexture # 18: CPU_time = 6.65 secs, Wall_time = 6.64 secs
Sat Aug 22 14:09:39 2026: Image # 66, module MeasureTexture # 19: CPU_time = 6.17 secs, Wall_time = 6.16 secs
Sat Aug 22 14:09:45 2026: Image # 66, module MeasureColocalization # 20: CPU_time = 243.66 secs, Wall_time = 68.34 secs
Sat Aug 22 14:10:54 2026: Image # 66, module ExportToSpreadsheet # 21: CPU_time = 0.00 secs, Wall_time = 0.00 secs
Sat Aug 22 14:10:54 2026: Image # 67, module Images # 1: CPU_time = 0.00 secs, Wall_time = 0.00 secs
Sat Aug 22 14:10:54 2026: Image # 67, module Metadata # 2: CPU_time = 0.00 secs, Wall_time = 0.00 secs
Sat Aug 22 14:10:54 2026: Image # 67, module NamesAndTypes # 3: CPU_time = 2.73 secs, Wall_time = 3.39 secs
Sat Aug 22 14:10:57 2026: Image # 67, module Groups # 4: CPU_time = 0.00 secs, Wall_time = 0.00 secs
Sat Aug 22 14:10:57 2026: Image # 67, module MaskImage # 5: CPU_time = 0.18 secs, Wall_time = 0.11 secs
Sat Aug 22 14:10:57 2026: Image # 67, module MaskImage # 6: CPU_time = 0.17 secs, Wall_time = 0.11 secs
Sat Aug 22 14:10:57 2026: Image # 67, module MaskImage # 7: CPU_time = 0.17 secs, Wall_time = 0.11 secs
Sat Aug 22 14:10:57 2026: Image # 67, module MaskImage # 8: CPU_time = 0.16 secs, Wall_time = 0.11 secs
Sat Aug 22 14:10:58 2026: Image # 67, module MaskObjects # 9: CPU_time = 0.46 secs, Wall_time = 0.46 secs
Sat Aug 22 14:10:58 2026: Image # 67, module MeasureObjectIntensity # 10: CPU_time = 6.02 secs, Wall_time = 6.01 secs
Sat Aug 22 14:11:04 2026: Image # 67, module MeasureGranularity # 11: CPU_time = 41.83 secs, Wall_time = 41.78 secs
Sat Aug 22 14:11:46 2026: Image # 67, module MeasureGranularity # 12: CPU_time = 25.85 secs, Wall_time = 25.83 secs
Sat Aug 22 14:12:12 2026: Image # 67, module MeasureObjectIntensityDistribution # 13: CPU_time = 20.95 secs, Wall_time = 20.93 secs
Sat Aug 22 14:12:33 2026: Image # 67, module MeasureObjectIntensityDistribution # 14: CPU_time = 16.82 secs, Wall_time = 16.80 secs
Sat Aug 22 14:12:49 2026: Image # 67, module RescaleIntensity # 15: CPU_time = 0.18 secs, Wall_time = 0.18 secs
Sat Aug 22 14:12:50 2026: Image # 67, module RescaleIntensity # 16: CPU_time = 0.18 secs, Wall_time = 0.18 secs
Sat Aug 22 14:12:50 2026: Image # 67, module RescaleIntensity # 17: CPU_time = 0.18 secs, Wall_time = 0.18 secs
Sat Aug 22 14:12:50 2026: Image # 67, module MeasureTexture # 18: CPU_time = 4.05 secs, Wall_time = 4.04 secs
Sat Aug 22 14:12:54 2026: Image # 67, module MeasureTexture # 19: CPU_time = 3.33 secs, Wall_time = 3.33 secs
Sat Aug 22 14:12:57 2026: Image # 67, module MeasureColocalization # 20: CPU_time = 64.06 secs, Wall_time = 19.92 secs
Sat Aug 22 14:13:17 2026: Image # 67, module ExportToSpreadsheet # 21: CPU_time = 0.00 secs, Wall_time = 0.00 secs
Sat Aug 22 14:13:17 2026: Image # 68, module Images # 1: CPU_time = 0.00 secs, Wall_time = 0.00 secs
Sat Aug 22 14:13:17 2026: Image # 68, module Metadata # 2: CPU_time = 0.00 secs, Wall_time = 0.00 secs
Sat Aug 22 14:13:17 2026: Image # 68, module NamesAndTypes # 3: CPU_time = 2.91 secs, Wall_time = 3.90 secs
Sat Aug 22 14:13:21 2026: Image # 68, module Groups # 4: CPU_time = 0.00 secs, Wall_time = 0.00 secs
Sat Aug 22 14:13:21 2026: Image # 68, module MaskImage # 5: CPU_time = 0.18 secs, Wall_time = 0.11 secs
Sat Aug 22 14:13:21 2026: Image # 68, module MaskImage # 6: CPU_time = 0.18 secs, Wall_time = 0.11 secs
Sat Aug 22 14:13:21 2026: Image # 68, module MaskImage # 7: CPU_time = 0.17 secs, Wall_time = 0.11 secs
Sat Aug 22 14:13:22 2026: Image # 68, module MaskImage # 8: CPU_time = 0.17 secs, Wall_time = 0.11 secs
Sat Aug 22 14:13:22 2026: Image # 68, module MaskObjects # 9: CPU_time = 0.48 secs, Wall_time = 0.48 secs
Sat Aug 22 14:13:22 2026: Image # 68, module MeasureObjectIntensity # 10: CPU_time = 8.91 secs, Wall_time = 8.90 secs
Sat Aug 22 14:13:31 2026: Image # 68, module MeasureGranularity # 11: CPU_time = 53.43 secs, Wall_time = 53.37 secs
Sat Aug 22 14:14:24 2026: Image # 68, module MeasureGranularity # 12: CPU_time = 28.15 secs, Wall_time = 28.13 secs
Sat Aug 22 14:14:53 2026: Image # 68, module MeasureObjectIntensityDistribution # 13: CPU_time = 34.28 secs, Wall_time = 34.24 secs
Sat Aug 22 14:15:27 2026: Image # 68, module MeasureObjectIntensityDistribution # 14: CPU_time = 27.17 secs, Wall_time = 27.15 secs
Sat Aug 22 14:15:54 2026: Image # 68, module RescaleIntensity # 15: CPU_time = 0.29 secs, Wall_time = 0.29 secs
Sat Aug 22 14:15:54 2026: Image # 68, module RescaleIntensity # 16: CPU_time = 0.29 secs, Wall_time = 0.29 secs
Sat Aug 22 14:15:55 2026: Image # 68, module RescaleIntensity # 17: CPU_time = 0.28 secs, Wall_time = 0.28 secs
Sat Aug 22 14:15:55 2026: Image # 68, module MeasureTexture # 18: CPU_time = 4.73 secs, Wall_time = 4.73 secs
Sat Aug 22 14:16:00 2026: Image # 68, module MeasureTexture # 19: CPU_time = 4.05 secs, Wall_time = 4.04 secs
Sat Aug 22 14:16:04 2026: Image # 68, module MeasureColocalization # 20: CPU_time = 103.39 secs, Wall_time = 33.35 secs
Sat Aug 22 14:16:37 2026: Image # 68, module ExportToSpreadsheet # 21: CPU_time = 0.00 secs, Wall_time = 0.00 secs
Sat Aug 22 14:16:37 2026: Image # 69, module Images # 1: CPU_time = 0.00 secs, Wall_time = 0.00 secs
Sat Aug 22 14:16:37 2026: Image # 69, module Metadata # 2: CPU_time = 0.00 secs, Wall_time = 0.00 secs
Sat Aug 22 14:16:37 2026: Image # 69, module NamesAndTypes # 3: CPU_time = 2.98 secs, Wall_time = 3.95 secs
Sat Aug 22 14:16:41 2026: Image # 69, module Groups # 4: CPU_time = 0.00 secs, Wall_time = 0.00 secs
Sat Aug 22 14:16:41 2026: Image # 69, module MaskImage # 5: CPU_time = 0.15 secs, Wall_time = 0.11 secs
Sat Aug 22 14:16:41 2026: Image # 69, module MaskImage # 6: CPU_time = 0.14 secs, Wall_time = 0.09 secs
Sat Aug 22 14:16:41 2026: Image # 69, module MaskImage # 7: CPU_time = 0.13 secs, Wall_time = 0.09 secs
Sat Aug 22 14:16:41 2026: Image # 69, module MaskImage # 8: CPU_time = 0.14 secs, Wall_time = 0.09 secs
Sat Aug 22 14:16:41 2026: Image # 69, module MaskObjects # 9: CPU_time = 0.49 secs, Wall_time = 0.47 secs
Sat Aug 22 14:16:42 2026: Image # 69, module MeasureObjectIntensity # 10: CPU_time = 9.99 secs, Wall_time = 9.98 secs
Sat Aug 22 14:16:52 2026: Image # 69, module MeasureGranularity # 11: CPU_time = 57.58 secs, Wall_time = 57.52 secs
Sat Aug 22 14:17:49 2026: Image # 69, module MeasureGranularity # 12: CPU_time = 28.90 secs, Wall_time = 28.87 secs
Sat Aug 22 14:18:18 2026: Image # 69, module MeasureObjectIntensityDistribution # 13: CPU_time = 40.00 secs, Wall_time = 39.95 secs
Sat Aug 22 14:18:58 2026: Image # 69, module MeasureObjectIntensityDistribution # 14: CPU_time = 31.63 secs, Wall_time = 31.60 secs
Sat Aug 22 14:19:30 2026: Image # 69, module RescaleIntensity # 15: CPU_time = 0.33 secs, Wall_time = 0.33 secs
Sat Aug 22 14:19:30 2026: Image # 69, module RescaleIntensity # 16: CPU_time = 0.34 secs, Wall_time = 0.34 secs
Sat Aug 22 14:19:30 2026: Image # 69, module RescaleIntensity # 17: CPU_time = 0.33 secs, Wall_time = 0.33 secs
Sat Aug 22 14:19:31 2026: Image # 69, module MeasureTexture # 18: CPU_time = 4.90 secs, Wall_time = 4.90 secs
Sat Aug 22 14:19:36 2026: Image # 69, module MeasureTexture # 19: CPU_time = 4.12 secs, Wall_time = 4.12 secs
Sat Aug 22 14:19:40 2026: Image # 69, module MeasureColocalization # 20: CPU_time = 236.37 secs, Wall_time = 67.34 secs
Sat Aug 22 14:20:47 2026: Image # 69, module ExportToSpreadsheet # 21: CPU_time = 0.00 secs, Wall_time = 0.00 secs
Sat Aug 22 14:20:47 2026: Image # 70, module Images # 1: CPU_time = 0.00 secs, Wall_time = 0.00 secs
Sat Aug 22 14:20:47 2026: Image # 70, module Metadata # 2: CPU_time = 0.00 secs, Wall_time = 0.00 secs
Sat Aug 22 14:20:47 2026: Image # 70, module NamesAndTypes # 3: CPU_time = 2.83 secs, Wall_time = 4.07 secs
Sat Aug 22 14:20:51 2026: Image # 70, module Groups # 4: CPU_time = 0.00 secs, Wall_time = 0.00 secs
Sat Aug 22 14:20:51 2026: Image # 70, module MaskImage # 5: CPU_time = 0.15 secs, Wall_time = 0.11 secs
Sat Aug 22 14:20:51 2026: Image # 70, module MaskImage # 6: CPU_time = 0.13 secs, Wall_time = 0.09 secs
Sat Aug 22 14:20:51 2026: Image # 70, module MaskImage # 7: CPU_time = 0.14 secs, Wall_time = 0.09 secs
Sat Aug 22 14:20:51 2026: Image # 70, module MaskImage # 8: CPU_time = 0.14 secs, Wall_time = 0.09 secs
Sat Aug 22 14:20:52 2026: Image # 70, module MaskObjects # 9: CPU_time = 0.47 secs, Wall_time = 0.48 secs
Sat Aug 22 14:20:52 2026: Image # 70, module MeasureObjectIntensity # 10: CPU_time = 9.74 secs, Wall_time = 9.74 secs
Sat Aug 22 14:21:02 2026: Image # 70, module MeasureGranularity # 11: CPU_time = 57.09 secs, Wall_time = 57.03 secs
Sat Aug 22 14:21:59 2026: Image # 70, module MeasureGranularity # 12: CPU_time = 29.52 secs, Wall_time = 29.49 secs
Sat Aug 22 14:22:28 2026: Image # 70, module MeasureObjectIntensityDistribution # 13: CPU_time = 37.94 secs, Wall_time = 37.89 secs
Sat Aug 22 14:23:06 2026: Image # 70, module MeasureObjectIntensityDistribution # 14: CPU_time = 29.64 secs, Wall_time = 29.60 secs
Sat Aug 22 14:23:36 2026: Image # 70, module RescaleIntensity # 15: CPU_time = 0.33 secs, Wall_time = 0.33 secs
Sat Aug 22 14:23:36 2026: Image # 70, module RescaleIntensity # 16: CPU_time = 0.33 secs, Wall_time = 0.32 secs
Sat Aug 22 14:23:36 2026: Image # 70, module RescaleIntensity # 17: CPU_time = 0.32 secs, Wall_time = 0.32 secs
Sat Aug 22 14:23:37 2026: Image # 70, module MeasureTexture # 18: CPU_time = 4.97 secs, Wall_time = 4.96 secs
Sat Aug 22 14:23:42 2026: Image # 70, module MeasureTexture # 19: CPU_time = 4.19 secs, Wall_time = 4.19 secs
Sat Aug 22 14:23:46 2026: Image # 70, module MeasureColocalization # 20: CPU_time = 260.25 secs, Wall_time = 72.80 secs
Sat Aug 22 14:24:59 2026: Image # 70, module ExportToSpreadsheet # 21: CPU_time = 0.00 secs, Wall_time = 0.00 secs
Sat Aug 22 14:24:59 2026: Image # 71, module Images # 1: CPU_time = 0.00 secs, Wall_time = 0.00 secs
Sat Aug 22 14:24:59 2026: Image # 71, module Metadata # 2: CPU_time = 0.00 secs, Wall_time = 0.00 secs
Sat Aug 22 14:24:59 2026: Image # 71, module NamesAndTypes # 3: CPU_time = 2.90 secs, Wall_time = 3.87 secs
Sat Aug 22 14:25:03 2026: Image # 71, module Groups # 4: CPU_time = 0.00 secs, Wall_time = 0.00 secs
Sat Aug 22 14:25:03 2026: Image # 71, module MaskImage # 5: CPU_time = 0.15 secs, Wall_time = 0.11 secs
Sat Aug 22 14:25:03 2026: Image # 71, module MaskImage # 6: CPU_time = 0.15 secs, Wall_time = 0.09 secs
Sat Aug 22 14:25:03 2026: Image # 71, module MaskImage # 7: CPU_time = 0.13 secs, Wall_time = 0.09 secs
Sat Aug 22 14:25:03 2026: Image # 71, module MaskImage # 8: CPU_time = 0.13 secs, Wall_time = 0.09 secs
Sat Aug 22 14:25:03 2026: Image # 71, module MaskObjects # 9: CPU_time = 0.47 secs, Wall_time = 0.48 secs
Sat Aug 22 14:25:04 2026: Image # 71, module MeasureObjectIntensity # 10: CPU_time = 11.15 secs, Wall_time = 11.14 secs
Sat Aug 22 14:25:15 2026: Image # 71, module MeasureGranularity # 11: CPU_time = 62.74 secs, Wall_time = 62.67 secs
Sat Aug 22 14:26:17 2026: Image # 71, module MeasureGranularity # 12: CPU_time = 30.55 secs, Wall_time = 30.52 secs
Sat Aug 22 14:26:48 2026: Image # 71, module MeasureObjectIntensityDistribution # 13: CPU_time = 43.61 secs, Wall_time = 43.57 secs
Sat Aug 22 14:27:31 2026: Image # 71, module MeasureObjectIntensityDistribution # 14: CPU_time = 34.91 secs, Wall_time = 34.88 secs
Sat Aug 22 14:28:06 2026: Image # 71, module RescaleIntensity # 15: CPU_time = 0.38 secs, Wall_time = 0.37 secs
Sat Aug 22 14:28:07 2026: Image # 71, module RescaleIntensity # 16: CPU_time = 0.37 secs, Wall_time = 0.37 secs
Sat Aug 22 14:28:07 2026: Image # 71, module RescaleIntensity # 17: CPU_time = 0.37 secs, Wall_time = 0.36 secs
Sat Aug 22 14:28:07 2026: Image # 71, module MeasureTexture # 18: CPU_time = 5.19 secs, Wall_time = 5.19 secs
Sat Aug 22 14:28:13 2026: Image # 71, module MeasureTexture # 19: CPU_time = 4.40 secs, Wall_time = 4.41 secs
Sat Aug 22 14:28:17 2026: Image # 71, module MeasureColocalization # 20: CPU_time = 167.76 secs, Wall_time = 53.30 secs
Sat Aug 22 14:29:10 2026: Image # 71, module ExportToSpreadsheet # 21: CPU_time = 0.00 secs, Wall_time = 0.00 secs
Sat Aug 22 14:29:10 2026: Image # 72, module Images # 1: CPU_time = 0.00 secs, Wall_time = 0.00 secs
Sat Aug 22 14:29:10 2026: Image # 72, module Metadata # 2: CPU_time = 0.00 secs, Wall_time = 0.00 secs
Sat Aug 22 14:29:10 2026: Image # 72, module NamesAndTypes # 3: CPU_time = 2.94 secs, Wall_time = 3.47 secs
Sat Aug 22 14:29:14 2026: Image # 72, module Groups # 4: CPU_time = 0.00 secs, Wall_time = 0.00 secs
Sat Aug 22 14:29:14 2026: Image # 72, module MaskImage # 5: CPU_time = 0.18 secs, Wall_time = 0.11 secs
Sat Aug 22 14:29:14 2026: Image # 72, module MaskImage # 6: CPU_time = 0.18 secs, Wall_time = 0.11 secs
Sat Aug 22 14:29:14 2026: Image # 72, module MaskImage # 7: CPU_time = 0.17 secs, Wall_time = 0.11 secs
Sat Aug 22 14:29:14 2026: Image # 72, module MaskImage # 8: CPU_time = 0.17 secs, Wall_time = 0.10 secs
Sat Aug 22 14:29:14 2026: Image # 72, module MaskObjects # 9: CPU_time = 0.51 secs, Wall_time = 0.51 secs
Sat Aug 22 14:29:15 2026: Image # 72, module MeasureObjectIntensity # 10: CPU_time = 13.30 secs, Wall_time = 13.28 secs
Sat Aug 22 14:29:28 2026: Image # 72, module MeasureGranularity # 11: CPU_time = 71.73 secs, Wall_time = 71.65 secs
Sat Aug 22 14:30:40 2026: Image # 72, module MeasureGranularity # 12: CPU_time = 32.09 secs, Wall_time = 32.04 secs
Sat Aug 22 14:31:12 2026: Image # 72, module MeasureObjectIntensityDistribution # 13: CPU_time = 52.29 secs, Wall_time = 52.24 secs
Sat Aug 22 14:32:04 2026: Image # 72, module MeasureObjectIntensityDistribution # 14: CPU_time = 40.89 secs, Wall_time = 40.85 secs
Sat Aug 22 14:32:45 2026: Image # 72, module RescaleIntensity # 15: CPU_time = 0.44 secs, Wall_time = 0.44 secs
Sat Aug 22 14:32:45 2026: Image # 72, module RescaleIntensity # 16: CPU_time = 0.43 secs, Wall_time = 0.44 secs
Sat Aug 22 14:32:46 2026: Image # 72, module RescaleIntensity # 17: CPU_time = 0.44 secs, Wall_time = 0.44 secs
Sat Aug 22 14:32:46 2026: Image # 72, module MeasureTexture # 18: CPU_time = 5.90 secs, Wall_time = 5.90 secs
Sat Aug 22 14:32:52 2026: Image # 72, module MeasureTexture # 19: CPU_time = 5.11 secs, Wall_time = 5.10 secs
Sat Aug 22 14:32:57 2026: Image # 72, module MeasureColocalization # 20: CPU_time = 209.24 secs, Wall_time = 70.11 secs
Sat Aug 22 14:34:07 2026: Image # 72, module ExportToSpreadsheet # 21: CPU_time = 0.00 secs, Wall_time = 0.01 secs
