Error for image set, channel=051, metadata=DNA: Image missing from channel
Error for image set, channel=052, metadata=DNA: Image missing from channel
Error for image set, channel=053, metadata=DNA: Image missing from channel
Error for image set, channel=054, metadata=DNA: Image missing from channel
Error for image set, channel=055, metadata=DNA: Image missing from channel
Error for image set, channel=056, metadata=DNA: Image missing from channel
Error for image set, channel=057, metadata=DNA: Image missing from channel
Error for image set, channel=058, metadata=DNA: Image missing from channel
Error for image set, channel=059, metadata=DNA: Image missing from channel
Error for image set, channel=060, metadata=DNA: Image missing from channel
Error for image set, channel=061, metadata=DNA: Image missing from channel
Error for image set, channel=062, metadata=DNA: Image missing from channel
Error for image set, channel=063, metadata=DNA: Image missing from channel
Error for image set, channel=064, metadata=DNA: Image missing from channel
Error for image set, channel=065, metadata=DNA: Image missing from channel
Error for image set, channel=066, metadata=DNA: Image missing from channel
Error for image set, channel=067, metadata=DNA: Image missing from channel
Error for image set, channel=068, metadata=DNA: Image missing from channel
Error for image set, channel=069, metadata=DNA: Image missing from channel
Error for image set, channel=070, metadata=DNA: Image missing from channel
Error for image set, channel=071, metadata=DNA: Image missing from channel
Error for image set, channel=072, metadata=DNA: Image missing from channel
Error for image set, channel=073, metadata=DNA: Image missing from channel
Error for image set, channel=074, metadata=DNA: Image missing from channel
Error for image set, channel=075, metadata=DNA: Image missing from channel
Error for image set, channel=076, metadata=DNA: Image missing from channel
Error for image set, channel=077, metadata=DNA: Image missing from channel
Error for image set, channel=078, metadata=DNA: Image missing from channel
Error for image set, channel=079, metadata=DNA: Image missing from channel
Error for image set, channel=080, metadata=DNA: Image missing from channel
Error for image set, channel=081, metadata=DNA: Image missing from channel
Error for image set, channel=082, metadata=DNA: Image missing from channel
Error for image set, channel=083, metadata=DNA: Image missing from channel
Error for image set, channel=084, metadata=DNA: Image missing from channel
Error for image set, channel=085, metadata=DNA: Image missing from channel
Error for image set, channel=086, metadata=DNA: Image missing from channel
Error for image set, channel=087, metadata=DNA: Image missing from channel
Error for image set, channel=088, metadata=DNA: Image missing from channel
Error for image set, channel=089, metadata=DNA: Image missing from channel
Error for image set, channel=090, metadata=DNA: Image missing from channel
Error for image set, channel=091, metadata=DNA: Image missing from channel
Error for image set, channel=092, metadata=DNA: Image missing from channel
Error for image set, channel=093, metadata=DNA: Image missing from channel
Error for image set, channel=094, metadata=DNA: Image missing from channel
Error for image set, channel=095, metadata=DNA: Image missing from channel
Error for image set, channel=096, metadata=DNA: Image missing from channel
Error for image set, channel=097, metadata=DNA: Image missing from channel
Error for image set, channel=098, metadata=DNA: Image missing from channel
Error for image set, channel=099, metadata=DNA: Image missing from channel
Error for image set, channel=100, metadata=DNA: Image missing from channel
Error for image set, channel=101, metadata=DNA: Image missing from channel
Error for image set, channel=102, metadata=DNA: Image missing from channel
Error for image set, channel=103, metadata=DNA: Image missing from channel
Error for image set, channel=104, metadata=DNA: Image missing from channel
Error for image set, channel=105, metadata=DNA: Image missing from channel
Error for image set, channel=106, metadata=DNA: Image missing from channel
Error for image set, channel=107, metadata=DNA: Image missing from channel
Error for image set, channel=108, metadata=DNA: Image missing from channel
Error for image set, channel=109, metadata=DNA: Image missing from channel
Error for image set, channel=110, metadata=DNA: Image missing from channel
Error for image set, channel=111, metadata=DNA: Image missing from channel
Error for image set, channel=112, metadata=DNA: Image missing from channel
Error for image set, channel=113, metadata=DNA: Image missing from channel
Error for image set, channel=114, metadata=DNA: Image missing from channel
Error for image set, channel=115, metadata=DNA: Image missing from channel
Error for image set, channel=116, metadata=DNA: Image missing from channel
Error for image set, channel=117, metadata=DNA: Image missing from channel
Error for image set, channel=118, metadata=DNA: Image missing from channel
Error for image set, channel=119, metadata=DNA: Image missing from channel
Error for image set, channel=120, metadata=DNA: Image missing from channel
Error for image set, channel=121, metadata=DNA: Image missing from channel
Error for image set, channel=122, metadata=DNA: Image missing from channel
Error for image set, channel=123, metadata=DNA: Image missing from channel
Error for image set, channel=124, metadata=DNA: Image missing from channel
Error for image set, channel=125, metadata=DNA: Image missing from channel
Error for image set, channel=126, metadata=DNA: Image missing from channel
Error for image set, channel=127, metadata=DNA: Image missing from channel
Error for image set, channel=128, metadata=DNA: Image missing from channel
Error for image set, channel=129, metadata=DNA: Image missing from channel
Error for image set, channel=130, metadata=DNA: Image missing from channel
Error for image set, channel=131, metadata=DNA: Image missing from channel
Error for image set, channel=132, metadata=DNA: Image missing from channel
Error for image set, channel=133, metadata=DNA: Image missing from channel
Error for image set, channel=134, metadata=DNA: Image missing from channel
Error for image set, channel=135, metadata=DNA: Image missing from channel
Error for image set, channel=136, metadata=DNA: Image missing from channel
Error for image set, channel=137, metadata=DNA: Image missing from channel
Error for image set, channel=138, metadata=DNA: Image missing from channel
Error for image set, channel=139, metadata=DNA: Image missing from channel
Error for image set, channel=140, metadata=DNA: Image missing from channel
Error for image set, channel=141, metadata=DNA: Image missing from channel
Error for image set, channel=142, metadata=DNA: Image missing from channel
Error for image set, channel=143, metadata=DNA: Image missing from channel
Error for image set, channel=144, metadata=DNA: Image missing from channel
Error for image set, channel=145, metadata=DNA: Image missing from channel
Error for image set, channel=146, metadata=DNA: Image missing from channel
Error for image set, channel=147, metadata=DNA: Image missing from channel
Error for image set, channel=148, metadata=DNA: Image missing from channel
Error for image set, channel=149, metadata=DNA: Image missing from channel
Error for image set, channel=150, metadata=DNA: Image missing from channel
Times reported are CPU and Wall-clock times for each module
Thu Aug 20 15:37:11 2026: Image # 1, module Images # 1: CPU_time = 0.00 secs, Wall_time = 0.00 secs
Thu Aug 20 15:37:11 2026: Image # 1, module Metadata # 2: CPU_time = 0.00 secs, Wall_time = 0.00 secs
Thu Aug 20 15:37:11 2026: Image # 1, module NamesAndTypes # 3: CPU_time = 5.95 secs, Wall_time = 3.70 secs
Thu Aug 20 15:37:14 2026: Image # 1, module Groups # 4: CPU_time = 0.00 secs, Wall_time = 0.00 secs
Thu Aug 20 15:37:14 2026: Image # 1, module MaskImage # 5: CPU_time = 0.09 secs, Wall_time = 0.08 secs
Thu Aug 20 15:37:14 2026: Image # 1, module MaskImage # 6: CPU_time = 0.08 secs, Wall_time = 0.08 secs
Thu Aug 20 15:37:14 2026: Image # 1, module MaskImage # 7: CPU_time = 0.10 secs, Wall_time = 0.10 secs
Thu Aug 20 15:37:14 2026: Image # 1, module MaskObjects # 8: CPU_time = 0.53 secs, Wall_time = 0.53 secs
Thu Aug 20 15:37:15 2026: Image # 1, module MeasureObjectIntensity # 9: CPU_time = 4.96 secs, Wall_time = 4.96 secs
Thu Aug 20 15:37:20 2026: Image # 1, module MeasureGranularity # 10: CPU_time = 14.86 secs, Wall_time = 14.88 secs
Thu Aug 20 15:37:35 2026: Image # 1, module MeasureGranularity # 11: CPU_time = 21.80 secs, Wall_time = 21.78 secs
Thu Aug 20 15:37:57 2026: Image # 1, module MeasureObjectIntensityDistribution # 12: CPU_time = 6.10 secs, Wall_time = 6.09 secs
Thu Aug 20 15:38:03 2026: Image # 1, module MeasureObjectIntensityDistribution # 13: CPU_time = 5.32 secs, Wall_time = 5.31 secs
Thu Aug 20 15:38:08 2026: Image # 1, module RescaleIntensity # 14: CPU_time = 0.03 secs, Wall_time = 0.04 secs
Thu Aug 20 15:38:08 2026: Image # 1, module RescaleIntensity # 15: CPU_time = 0.04 secs, Wall_time = 0.04 secs
Thu Aug 20 15:38:08 2026: Image # 1, module MeasureTexture # 16: CPU_time = 7.33 secs, Wall_time = 7.33 secs
Thu Aug 20 15:38:15 2026: Image # 1, module MeasureColocalization # 17: CPU_time = 139.41 secs, Wall_time = 36.76 secs
Thu Aug 20 15:38:52 2026: Image # 1, module ExportToSpreadsheet # 18: CPU_time = 0.00 secs, Wall_time = 0.00 secs
Thu Aug 20 15:38:52 2026: Image # 2, module Images # 1: CPU_time = 0.00 secs, Wall_time = 0.00 secs
Thu Aug 20 15:38:52 2026: Image # 2, module Metadata # 2: CPU_time = 0.00 secs, Wall_time = 0.00 secs
Thu Aug 20 15:38:52 2026: Image # 2, module NamesAndTypes # 3: CPU_time = 5.77 secs, Wall_time = 3.82 secs
Thu Aug 20 15:38:56 2026: Image # 2, module Groups # 4: CPU_time = 0.00 secs, Wall_time = 0.00 secs
Thu Aug 20 15:38:56 2026: Image # 2, module MaskImage # 5: CPU_time = 0.08 secs, Wall_time = 0.08 secs
Thu Aug 20 15:38:56 2026: Image # 2, module MaskImage # 6: CPU_time = 0.08 secs, Wall_time = 0.08 secs
Thu Aug 20 15:38:56 2026: Image # 2, module MaskImage # 7: CPU_time = 0.08 secs, Wall_time = 0.08 secs
Thu Aug 20 15:38:56 2026: Image # 2, module MaskObjects # 8: CPU_time = 0.52 secs, Wall_time = 0.52 secs
Thu Aug 20 15:38:57 2026: Image # 2, module MeasureObjectIntensity # 9: CPU_time = 5.20 secs, Wall_time = 5.20 secs
Thu Aug 20 15:39:02 2026: Image # 2, module MeasureGranularity # 10: CPU_time = 15.15 secs, Wall_time = 15.13 secs
Thu Aug 20 15:39:17 2026: Image # 2, module MeasureGranularity # 11: CPU_time = 22.93 secs, Wall_time = 22.91 secs
Thu Aug 20 15:39:40 2026: Image # 2, module MeasureObjectIntensityDistribution # 12: CPU_time = 6.99 secs, Wall_time = 6.98 secs
Thu Aug 20 15:39:47 2026: Image # 2, module MeasureObjectIntensityDistribution # 13: CPU_time = 6.26 secs, Wall_time = 6.25 secs
Thu Aug 20 15:39:53 2026: Image # 2, module RescaleIntensity # 14: CPU_time = 0.04 secs, Wall_time = 0.04 secs
Thu Aug 20 15:39:53 2026: Image # 2, module RescaleIntensity # 15: CPU_time = 0.04 secs, Wall_time = 0.04 secs
Thu Aug 20 15:39:53 2026: Image # 2, module MeasureTexture # 16: CPU_time = 7.29 secs, Wall_time = 7.28 secs
Thu Aug 20 15:40:01 2026: Image # 2, module MeasureColocalization # 17: CPU_time = 145.45 secs, Wall_time = 38.68 secs
Thu Aug 20 15:40:39 2026: Image # 2, module ExportToSpreadsheet # 18: CPU_time = 0.01 secs, Wall_time = 0.00 secs
Thu Aug 20 15:40:39 2026: Image # 3, module Images # 1: CPU_time = 0.00 secs, Wall_time = 0.00 secs
Thu Aug 20 15:40:39 2026: Image # 3, module Metadata # 2: CPU_time = 0.00 secs, Wall_time = 0.00 secs
Thu Aug 20 15:40:39 2026: Image # 3, module NamesAndTypes # 3: CPU_time = 5.42 secs, Wall_time = 3.38 secs
Thu Aug 20 15:40:43 2026: Image # 3, module Groups # 4: CPU_time = 0.00 secs, Wall_time = 0.00 secs
Thu Aug 20 15:40:43 2026: Image # 3, module MaskImage # 5: CPU_time = 0.08 secs, Wall_time = 0.08 secs
Thu Aug 20 15:40:43 2026: Image # 3, module MaskImage # 6: CPU_time = 0.08 secs, Wall_time = 0.09 secs
Thu Aug 20 15:40:43 2026: Image # 3, module MaskImage # 7: CPU_time = 0.09 secs, Wall_time = 0.08 secs
Thu Aug 20 15:40:43 2026: Image # 3, module MaskObjects # 8: CPU_time = 0.51 secs, Wall_time = 0.52 secs
Thu Aug 20 15:40:44 2026: Image # 3, module MeasureObjectIntensity # 9: CPU_time = 6.16 secs, Wall_time = 6.16 secs
Thu Aug 20 15:40:50 2026: Image # 3, module MeasureGranularity # 10: CPU_time = 14.82 secs, Wall_time = 14.80 secs
Thu Aug 20 15:41:05 2026: Image # 3, module MeasureGranularity # 11: CPU_time = 24.80 secs, Wall_time = 24.78 secs
Thu Aug 20 15:41:29 2026: Image # 3, module MeasureObjectIntensityDistribution # 12: CPU_time = 8.08 secs, Wall_time = 8.08 secs
Thu Aug 20 15:41:37 2026: Image # 3, module MeasureObjectIntensityDistribution # 13: CPU_time = 7.08 secs, Wall_time = 7.08 secs
Thu Aug 20 15:41:45 2026: Image # 3, module RescaleIntensity # 14: CPU_time = 0.05 secs, Wall_time = 0.04 secs
Thu Aug 20 15:41:45 2026: Image # 3, module RescaleIntensity # 15: CPU_time = 0.03 secs, Wall_time = 0.04 secs
Thu Aug 20 15:41:45 2026: Image # 3, module MeasureTexture # 16: CPU_time = 7.94 secs, Wall_time = 7.93 secs
Thu Aug 20 15:41:53 2026: Image # 3, module MeasureColocalization # 17: CPU_time = 273.91 secs, Wall_time = 72.57 secs
Thu Aug 20 15:43:05 2026: Image # 3, module ExportToSpreadsheet # 18: CPU_time = 0.00 secs, Wall_time = 0.00 secs
Thu Aug 20 15:43:05 2026: Image # 4, module Images # 1: CPU_time = 0.00 secs, Wall_time = 0.00 secs
Thu Aug 20 15:43:05 2026: Image # 4, module Metadata # 2: CPU_time = 0.00 secs, Wall_time = 0.00 secs
Thu Aug 20 15:43:05 2026: Image # 4, module NamesAndTypes # 3: CPU_time = 5.32 secs, Wall_time = 3.69 secs
Thu Aug 20 15:43:09 2026: Image # 4, module Groups # 4: CPU_time = 0.00 secs, Wall_time = 0.00 secs
Thu Aug 20 15:43:09 2026: Image # 4, module MaskImage # 5: CPU_time = 0.08 secs, Wall_time = 0.08 secs
Thu Aug 20 15:43:09 2026: Image # 4, module MaskImage # 6: CPU_time = 0.08 secs, Wall_time = 0.08 secs
Thu Aug 20 15:43:09 2026: Image # 4, module MaskImage # 7: CPU_time = 0.08 secs, Wall_time = 0.08 secs
Thu Aug 20 15:43:09 2026: Image # 4, module MaskObjects # 8: CPU_time = 0.52 secs, Wall_time = 0.51 secs
Thu Aug 20 15:43:10 2026: Image # 4, module MeasureObjectIntensity # 9: CPU_time = 5.91 secs, Wall_time = 5.90 secs
Thu Aug 20 15:43:16 2026: Image # 4, module MeasureGranularity # 10: CPU_time = 15.31 secs, Wall_time = 15.30 secs
Thu Aug 20 15:43:31 2026: Image # 4, module MeasureGranularity # 11: CPU_time = 24.14 secs, Wall_time = 24.12 secs
Thu Aug 20 15:43:55 2026: Image # 4, module MeasureObjectIntensityDistribution # 12: CPU_time = 7.82 secs, Wall_time = 7.81 secs
Thu Aug 20 15:44:03 2026: Image # 4, module MeasureObjectIntensityDistribution # 13: CPU_time = 6.78 secs, Wall_time = 6.77 secs
Thu Aug 20 15:44:10 2026: Image # 4, module RescaleIntensity # 14: CPU_time = 0.03 secs, Wall_time = 0.03 secs
Thu Aug 20 15:44:10 2026: Image # 4, module RescaleIntensity # 15: CPU_time = 0.03 secs, Wall_time = 0.03 secs
Thu Aug 20 15:44:10 2026: Image # 4, module MeasureTexture # 16: CPU_time = 7.94 secs, Wall_time = 7.94 secs
Thu Aug 20 15:44:18 2026: Image # 4, module MeasureColocalization # 17: CPU_time = 256.56 secs, Wall_time = 67.32 secs
Thu Aug 20 15:45:25 2026: Image # 4, module ExportToSpreadsheet # 18: CPU_time = 0.00 secs, Wall_time = 0.00 secs
Thu Aug 20 15:45:25 2026: Image # 5, module Images # 1: CPU_time = 0.00 secs, Wall_time = 0.00 secs
Thu Aug 20 15:45:25 2026: Image # 5, module Metadata # 2: CPU_time = 0.00 secs, Wall_time = 0.00 secs
Thu Aug 20 15:45:25 2026: Image # 5, module NamesAndTypes # 3: CPU_time = 5.29 secs, Wall_time = 3.48 secs
Thu Aug 20 15:45:28 2026: Image # 5, module Groups # 4: CPU_time = 0.00 secs, Wall_time = 0.00 secs
Thu Aug 20 15:45:28 2026: Image # 5, module MaskImage # 5: CPU_time = 0.08 secs, Wall_time = 0.08 secs
Thu Aug 20 15:45:28 2026: Image # 5, module MaskImage # 6: CPU_time = 0.08 secs, Wall_time = 0.08 secs
Thu Aug 20 15:45:29 2026: Image # 5, module MaskImage # 7: CPU_time = 0.08 secs, Wall_time = 0.08 secs
Thu Aug 20 15:45:29 2026: Image # 5, module MaskObjects # 8: CPU_time = 0.57 secs, Wall_time = 0.57 secs
Thu Aug 20 15:45:29 2026: Image # 5, module MeasureObjectIntensity # 9: CPU_time = 10.07 secs, Wall_time = 10.07 secs
Thu Aug 20 15:45:39 2026: Image # 5, module MeasureGranularity # 10: CPU_time = 16.71 secs, Wall_time = 16.70 secs
Thu Aug 20 15:45:56 2026: Image # 5, module MeasureGranularity # 11: CPU_time = 33.75 secs, Wall_time = 33.72 secs
Thu Aug 20 15:46:30 2026: Image # 5, module MeasureObjectIntensityDistribution # 12: CPU_time = 14.35 secs, Wall_time = 14.34 secs
Thu Aug 20 15:46:44 2026: Image # 5, module MeasureObjectIntensityDistribution # 13: CPU_time = 9.56 secs, Wall_time = 9.55 secs
Thu Aug 20 15:46:54 2026: Image # 5, module RescaleIntensity # 14: CPU_time = 0.05 secs, Wall_time = 0.05 secs
Thu Aug 20 15:46:54 2026: Image # 5, module RescaleIntensity # 15: CPU_time = 0.04 secs, Wall_time = 0.04 secs
Thu Aug 20 15:46:54 2026: Image # 5, module MeasureTexture # 16: CPU_time = 18.32 secs, Wall_time = 18.31 secs
Thu Aug 20 15:47:12 2026: Image # 5, module MeasureColocalization # 17: CPU_time = 229.79 secs, Wall_time = 75.56 secs
Thu Aug 20 15:48:28 2026: Image # 5, module ExportToSpreadsheet # 18: CPU_time = 0.00 secs, Wall_time = 0.00 secs
Thu Aug 20 15:48:28 2026: Image # 6, module Images # 1: CPU_time = 0.00 secs, Wall_time = 0.00 secs
Thu Aug 20 15:48:28 2026: Image # 6, module Metadata # 2: CPU_time = 0.00 secs, Wall_time = 0.00 secs
Thu Aug 20 15:48:28 2026: Image # 6, module NamesAndTypes # 3: CPU_time = 5.35 secs, Wall_time = 3.69 secs
Thu Aug 20 15:48:31 2026: Image # 6, module Groups # 4: CPU_time = 0.00 secs, Wall_time = 0.00 secs
Thu Aug 20 15:48:31 2026: Image # 6, module MaskImage # 5: CPU_time = 0.07 secs, Wall_time = 0.07 secs
Thu Aug 20 15:48:31 2026: Image # 6, module MaskImage # 6: CPU_time = 0.08 secs, Wall_time = 0.08 secs
Thu Aug 20 15:48:31 2026: Image # 6, module MaskImage # 7: CPU_time = 0.07 secs, Wall_time = 0.09 secs
Thu Aug 20 15:48:32 2026: Image # 6, module MaskObjects # 8: CPU_time = 0.57 secs, Wall_time = 0.57 secs
Thu Aug 20 15:48:32 2026: Image # 6, module MeasureObjectIntensity # 9: CPU_time = 9.03 secs, Wall_time = 9.02 secs
Thu Aug 20 15:48:41 2026: Image # 6, module MeasureGranularity # 10: CPU_time = 16.43 secs, Wall_time = 16.42 secs
Thu Aug 20 15:48:58 2026: Image # 6, module MeasureGranularity # 11: CPU_time = 30.60 secs, Wall_time = 30.58 secs
Thu Aug 20 15:49:28 2026: Image # 6, module MeasureObjectIntensityDistribution # 12: CPU_time = 13.89 secs, Wall_time = 13.88 secs
Thu Aug 20 15:49:42 2026: Image # 6, module MeasureObjectIntensityDistribution # 13: CPU_time = 9.91 secs, Wall_time = 9.90 secs
Thu Aug 20 15:49:52 2026: Image # 6, module RescaleIntensity # 14: CPU_time = 0.05 secs, Wall_time = 0.05 secs
Thu Aug 20 15:49:52 2026: Image # 6, module RescaleIntensity # 15: CPU_time = 0.04 secs, Wall_time = 0.04 secs
Thu Aug 20 15:49:52 2026: Image # 6, module MeasureTexture # 16: CPU_time = 17.55 secs, Wall_time = 17.54 secs
Thu Aug 20 15:50:10 2026: Image # 6, module MeasureColocalization # 17: CPU_time = 162.17 secs, Wall_time = 52.49 secs
Thu Aug 20 15:51:02 2026: Image # 6, module ExportToSpreadsheet # 18: CPU_time = 0.00 secs, Wall_time = 0.00 secs
Thu Aug 20 15:51:02 2026: Image # 7, module Images # 1: CPU_time = 0.00 secs, Wall_time = 0.00 secs
Thu Aug 20 15:51:02 2026: Image # 7, module Metadata # 2: CPU_time = 0.00 secs, Wall_time = 0.00 secs
Thu Aug 20 15:51:02 2026: Image # 7, module NamesAndTypes # 3: CPU_time = 4.95 secs, Wall_time = 3.34 secs
Thu Aug 20 15:51:05 2026: Image # 7, module Groups # 4: CPU_time = 0.00 secs, Wall_time = 0.00 secs
Thu Aug 20 15:51:05 2026: Image # 7, module MaskImage # 5: CPU_time = 0.07 secs, Wall_time = 0.08 secs
Thu Aug 20 15:51:06 2026: Image # 7, module MaskImage # 6: CPU_time = 0.08 secs, Wall_time = 0.08 secs
Thu Aug 20 15:51:06 2026: Image # 7, module MaskImage # 7: CPU_time = 0.09 secs, Wall_time = 0.08 secs
Thu Aug 20 15:51:06 2026: Image # 7, module MaskObjects # 8: CPU_time = 0.52 secs, Wall_time = 0.53 secs
Thu Aug 20 15:51:06 2026: Image # 7, module MeasureObjectIntensity # 9: CPU_time = 7.11 secs, Wall_time = 7.11 secs
Thu Aug 20 15:51:13 2026: Image # 7, module MeasureGranularity # 10: CPU_time = 15.10 secs, Wall_time = 15.09 secs
Thu Aug 20 15:51:28 2026: Image # 7, module MeasureGranularity # 11: CPU_time = 25.76 secs, Wall_time = 25.74 secs
Thu Aug 20 15:51:54 2026: Image # 7, module MeasureObjectIntensityDistribution # 12: CPU_time = 10.25 secs, Wall_time = 10.25 secs
Thu Aug 20 15:52:04 2026: Image # 7, module MeasureObjectIntensityDistribution # 13: CPU_time = 7.22 secs, Wall_time = 7.22 secs
Thu Aug 20 15:52:12 2026: Image # 7, module RescaleIntensity # 14: CPU_time = 0.03 secs, Wall_time = 0.03 secs
Thu Aug 20 15:52:12 2026: Image # 7, module RescaleIntensity # 15: CPU_time = 0.03 secs, Wall_time = 0.03 secs
Thu Aug 20 15:52:12 2026: Image # 7, module MeasureTexture # 16: CPU_time = 12.75 secs, Wall_time = 12.74 secs
Thu Aug 20 15:52:24 2026: Image # 7, module MeasureColocalization # 17: CPU_time = 199.48 secs, Wall_time = 55.20 secs
Thu Aug 20 15:53:20 2026: Image # 7, module ExportToSpreadsheet # 18: CPU_time = 0.00 secs, Wall_time = 0.00 secs
Thu Aug 20 15:53:20 2026: Image # 8, module Images # 1: CPU_time = 0.00 secs, Wall_time = 0.00 secs
Thu Aug 20 15:53:20 2026: Image # 8, module Metadata # 2: CPU_time = 0.00 secs, Wall_time = 0.00 secs
Thu Aug 20 15:53:20 2026: Image # 8, module NamesAndTypes # 3: CPU_time = 5.03 secs, Wall_time = 3.19 secs
Thu Aug 20 15:53:23 2026: Image # 8, module Groups # 4: CPU_time = 0.00 secs, Wall_time = 0.00 secs
Thu Aug 20 15:53:23 2026: Image # 8, module MaskImage # 5: CPU_time = 0.07 secs, Wall_time = 0.08 secs
Thu Aug 20 15:53:23 2026: Image # 8, module MaskImage # 6: CPU_time = 0.07 secs, Wall_time = 0.08 secs
Thu Aug 20 15:53:23 2026: Image # 8, module MaskImage # 7: CPU_time = 0.09 secs, Wall_time = 0.09 secs
Thu Aug 20 15:53:23 2026: Image # 8, module MaskObjects # 8: CPU_time = 0.57 secs, Wall_time = 0.57 secs
Thu Aug 20 15:53:24 2026: Image # 8, module MeasureObjectIntensity # 9: CPU_time = 7.86 secs, Wall_time = 7.85 secs
Thu Aug 20 15:53:32 2026: Image # 8, module MeasureGranularity # 10: CPU_time = 14.87 secs, Wall_time = 14.86 secs
Thu Aug 20 15:53:46 2026: Image # 8, module MeasureGranularity # 11: CPU_time = 29.19 secs, Wall_time = 29.17 secs
Thu Aug 20 15:54:16 2026: Image # 8, module MeasureObjectIntensityDistribution # 12: CPU_time = 10.97 secs, Wall_time = 10.95 secs
Thu Aug 20 15:54:27 2026: Image # 8, module MeasureObjectIntensityDistribution # 13: CPU_time = 8.36 secs, Wall_time = 8.34 secs
Thu Aug 20 15:54:35 2026: Image # 8, module RescaleIntensity # 14: CPU_time = 0.03 secs, Wall_time = 0.03 secs
Thu Aug 20 15:54:35 2026: Image # 8, module RescaleIntensity # 15: CPU_time = 0.03 secs, Wall_time = 0.03 secs
Thu Aug 20 15:54:35 2026: Image # 8, module MeasureTexture # 16: CPU_time = 13.73 secs, Wall_time = 13.72 secs
Thu Aug 20 15:54:49 2026: Image # 8, module MeasureColocalization # 17: CPU_time = 201.16 secs, Wall_time = 59.79 secs
Thu Aug 20 15:55:48 2026: Image # 8, module ExportToSpreadsheet # 18: CPU_time = 0.00 secs, Wall_time = 0.00 secs
Thu Aug 20 15:55:48 2026: Image # 9, module Images # 1: CPU_time = 0.00 secs, Wall_time = 0.00 secs
Thu Aug 20 15:55:48 2026: Image # 9, module Metadata # 2: CPU_time = 0.00 secs, Wall_time = 0.00 secs
Thu Aug 20 15:55:48 2026: Image # 9, module NamesAndTypes # 3: CPU_time = 5.36 secs, Wall_time = 3.55 secs
Thu Aug 20 15:55:52 2026: Image # 9, module Groups # 4: CPU_time = 0.00 secs, Wall_time = 0.00 secs
Thu Aug 20 15:55:52 2026: Image # 9, module MaskImage # 5: CPU_time = 0.07 secs, Wall_time = 0.08 secs
Thu Aug 20 15:55:52 2026: Image # 9, module MaskImage # 6: CPU_time = 0.09 secs, Wall_time = 0.08 secs
Thu Aug 20 15:55:52 2026: Image # 9, module MaskImage # 7: CPU_time = 0.09 secs, Wall_time = 0.08 secs
Thu Aug 20 15:55:52 2026: Image # 9, module MaskObjects # 8: CPU_time = 0.46 secs, Wall_time = 0.47 secs
Thu Aug 20 15:55:53 2026: Image # 9, module MeasureObjectIntensity # 9: CPU_time = 4.86 secs, Wall_time = 4.85 secs
Thu Aug 20 15:55:58 2026: Image # 9, module MeasureGranularity # 10: CPU_time = 14.98 secs, Wall_time = 14.97 secs
Thu Aug 20 15:56:13 2026: Image # 9, module MeasureGranularity # 11: CPU_time = 22.68 secs, Wall_time = 22.66 secs
Thu Aug 20 15:56:35 2026: Image # 9, module MeasureObjectIntensityDistribution # 12: CPU_time = 7.58 secs, Wall_time = 7.57 secs
Thu Aug 20 15:56:43 2026: Image # 9, module MeasureObjectIntensityDistribution # 13: CPU_time = 6.80 secs, Wall_time = 6.80 secs
Thu Aug 20 15:56:50 2026: Image # 9, module RescaleIntensity # 14: CPU_time = 0.03 secs, Wall_time = 0.03 secs
Thu Aug 20 15:56:50 2026: Image # 9, module RescaleIntensity # 15: CPU_time = 0.04 secs, Wall_time = 0.04 secs
Thu Aug 20 15:56:50 2026: Image # 9, module MeasureTexture # 16: CPU_time = 6.86 secs, Wall_time = 6.86 secs
Thu Aug 20 15:56:57 2026: Image # 9, module MeasureColocalization # 17: CPU_time = 83.06 secs, Wall_time = 22.57 secs
Thu Aug 20 15:57:19 2026: Image # 9, module ExportToSpreadsheet # 18: CPU_time = 0.00 secs, Wall_time = 0.00 secs
Thu Aug 20 15:57:19 2026: Image # 10, module Images # 1: CPU_time = 0.00 secs, Wall_time = 0.00 secs
Thu Aug 20 15:57:19 2026: Image # 10, module Metadata # 2: CPU_time = 0.00 secs, Wall_time = 0.00 secs
Thu Aug 20 15:57:19 2026: Image # 10, module NamesAndTypes # 3: CPU_time = 5.20 secs, Wall_time = 3.61 secs
Thu Aug 20 15:57:23 2026: Image # 10, module Groups # 4: CPU_time = 0.00 secs, Wall_time = 0.00 secs
Thu Aug 20 15:57:23 2026: Image # 10, module MaskImage # 5: CPU_time = 0.09 secs, Wall_time = 0.09 secs
Thu Aug 20 15:57:23 2026: Image # 10, module MaskImage # 6: CPU_time = 0.08 secs, Wall_time = 0.08 secs
Thu Aug 20 15:57:23 2026: Image # 10, module MaskImage # 7: CPU_time = 0.07 secs, Wall_time = 0.08 secs
Thu Aug 20 15:57:23 2026: Image # 10, module MaskObjects # 8: CPU_time = 0.49 secs, Wall_time = 0.49 secs
Thu Aug 20 15:57:24 2026: Image # 10, module MeasureObjectIntensity # 9: CPU_time = 4.65 secs, Wall_time = 4.64 secs
Thu Aug 20 15:57:28 2026: Image # 10, module MeasureGranularity # 10: CPU_time = 14.75 secs, Wall_time = 14.74 secs
Thu Aug 20 15:57:43 2026: Image # 10, module MeasureGranularity # 11: CPU_time = 21.80 secs, Wall_time = 21.78 secs
Thu Aug 20 15:58:05 2026: Image # 10, module MeasureObjectIntensityDistribution # 12: CPU_time = 6.50 secs, Wall_time = 6.50 secs
Thu Aug 20 15:58:11 2026: Image # 10, module MeasureObjectIntensityDistribution # 13: CPU_time = 5.96 secs, Wall_time = 5.94 secs
Thu Aug 20 15:58:17 2026: Image # 10, module RescaleIntensity # 14: CPU_time = 0.03 secs, Wall_time = 0.03 secs
Thu Aug 20 15:58:17 2026: Image # 10, module RescaleIntensity # 15: CPU_time = 0.04 secs, Wall_time = 0.04 secs
Thu Aug 20 15:58:17 2026: Image # 10, module MeasureTexture # 16: CPU_time = 6.69 secs, Wall_time = 6.68 secs
Thu Aug 20 15:58:24 2026: Image # 10, module MeasureColocalization # 17: CPU_time = 57.72 secs, Wall_time = 16.11 secs
Thu Aug 20 15:58:40 2026: Image # 10, module ExportToSpreadsheet # 18: CPU_time = 0.01 secs, Wall_time = 0.00 secs
Thu Aug 20 15:58:40 2026: Image # 11, module Images # 1: CPU_time = 0.00 secs, Wall_time = 0.00 secs
Thu Aug 20 15:58:40 2026: Image # 11, module Metadata # 2: CPU_time = 0.00 secs, Wall_time = 0.00 secs
Thu Aug 20 15:58:40 2026: Image # 11, module NamesAndTypes # 3: CPU_time = 4.94 secs, Wall_time = 3.47 secs
Thu Aug 20 15:58:43 2026: Image # 11, module Groups # 4: CPU_time = 0.00 secs, Wall_time = 0.00 secs
Thu Aug 20 15:58:43 2026: Image # 11, module MaskImage # 5: CPU_time = 0.09 secs, Wall_time = 0.08 secs
Thu Aug 20 15:58:44 2026: Image # 11, module MaskImage # 6: CPU_time = 0.07 secs, Wall_time = 0.08 secs
Thu Aug 20 15:58:44 2026: Image # 11, module MaskImage # 7: CPU_time = 0.09 secs, Wall_time = 0.08 secs
Thu Aug 20 15:58:44 2026: Image # 11, module MaskObjects # 8: CPU_time = 0.46 secs, Wall_time = 0.46 secs
Thu Aug 20 15:58:44 2026: Image # 11, module MeasureObjectIntensity # 9: CPU_time = 4.14 secs, Wall_time = 4.14 secs
Thu Aug 20 15:58:48 2026: Image # 11, module MeasureGranularity # 10: CPU_time = 13.01 secs, Wall_time = 13.00 secs
Thu Aug 20 15:59:01 2026: Image # 11, module MeasureGranularity # 11: CPU_time = 19.37 secs, Wall_time = 19.35 secs
Thu Aug 20 15:59:21 2026: Image # 11, module MeasureObjectIntensityDistribution # 12: CPU_time = 5.30 secs, Wall_time = 5.29 secs
Thu Aug 20 15:59:26 2026: Image # 11, module MeasureObjectIntensityDistribution # 13: CPU_time = 4.69 secs, Wall_time = 4.68 secs
Thu Aug 20 15:59:31 2026: Image # 11, module RescaleIntensity # 14: CPU_time = 0.03 secs, Wall_time = 0.03 secs
Thu Aug 20 15:59:31 2026: Image # 11, module RescaleIntensity # 15: CPU_time = 0.03 secs, Wall_time = 0.03 secs
Thu Aug 20 15:59:31 2026: Image # 11, module MeasureTexture # 16: CPU_time = 6.04 secs, Wall_time = 6.03 secs
Thu Aug 20 15:59:37 2026: Image # 11, module MeasureColocalization # 17: CPU_time = 32.28 secs, Wall_time = 9.39 secs
Thu Aug 20 15:59:46 2026: Image # 11, module ExportToSpreadsheet # 18: CPU_time = 0.00 secs, Wall_time = 0.00 secs
Thu Aug 20 15:59:46 2026: Image # 12, module Images # 1: CPU_time = 0.00 secs, Wall_time = 0.00 secs
Thu Aug 20 15:59:46 2026: Image # 12, module Metadata # 2: CPU_time = 0.00 secs, Wall_time = 0.00 secs
Thu Aug 20 15:59:46 2026: Image # 12, module NamesAndTypes # 3: CPU_time = 4.93 secs, Wall_time = 3.66 secs
Thu Aug 20 15:59:50 2026: Image # 12, module Groups # 4: CPU_time = 0.00 secs, Wall_time = 0.00 secs
Thu Aug 20 15:59:50 2026: Image # 12, module MaskImage # 5: CPU_time = 0.07 secs, Wall_time = 0.07 secs
Thu Aug 20 15:59:50 2026: Image # 12, module MaskImage # 6: CPU_time = 0.08 secs, Wall_time = 0.08 secs
Thu Aug 20 15:59:50 2026: Image # 12, module MaskImage # 7: CPU_time = 0.08 secs, Wall_time = 0.08 secs
Thu Aug 20 15:59:50 2026: Image # 12, module MaskObjects # 8: CPU_time = 0.43 secs, Wall_time = 0.44 secs
Thu Aug 20 15:59:51 2026: Image # 12, module MeasureObjectIntensity # 9: CPU_time = 6.14 secs, Wall_time = 6.14 secs
Thu Aug 20 15:59:57 2026: Image # 12, module MeasureGranularity # 10: CPU_time = 13.37 secs, Wall_time = 13.36 secs
Thu Aug 20 16:00:10 2026: Image # 12, module MeasureGranularity # 11: CPU_time = 22.83 secs, Wall_time = 22.82 secs
Thu Aug 20 16:00:33 2026: Image # 12, module MeasureObjectIntensityDistribution # 12: CPU_time = 7.73 secs, Wall_time = 7.72 secs
Thu Aug 20 16:00:41 2026: Image # 12, module MeasureObjectIntensityDistribution # 13: CPU_time = 6.96 secs, Wall_time = 6.95 secs
Thu Aug 20 16:00:48 2026: Image # 12, module RescaleIntensity # 14: CPU_time = 0.03 secs, Wall_time = 0.03 secs
Thu Aug 20 16:00:48 2026: Image # 12, module RescaleIntensity # 15: CPU_time = 0.03 secs, Wall_time = 0.03 secs
Thu Aug 20 16:00:48 2026: Image # 12, module MeasureTexture # 16: CPU_time = 7.53 secs, Wall_time = 7.52 secs
Thu Aug 20 16:00:55 2026: Image # 12, module MeasureColocalization # 17: CPU_time = 120.50 secs, Wall_time = 33.03 secs
Thu Aug 20 16:01:28 2026: Image # 12, module ExportToSpreadsheet # 18: CPU_time = 0.00 secs, Wall_time = 0.00 secs
Thu Aug 20 16:01:28 2026: Image # 13, module Images # 1: CPU_time = 0.00 secs, Wall_time = 0.00 secs
Thu Aug 20 16:01:28 2026: Image # 13, module Metadata # 2: CPU_time = 0.00 secs, Wall_time = 0.00 secs
Thu Aug 20 16:01:28 2026: Image # 13, module NamesAndTypes # 3: CPU_time = 4.95 secs, Wall_time = 3.27 secs
Thu Aug 20 16:01:31 2026: Image # 13, module Groups # 4: CPU_time = 0.00 secs, Wall_time = 0.00 secs
Thu Aug 20 16:01:31 2026: Image # 13, module MaskImage # 5: CPU_time = 0.07 secs, Wall_time = 0.08 secs
Thu Aug 20 16:01:32 2026: Image # 13, module MaskImage # 6: CPU_time = 0.08 secs, Wall_time = 0.07 secs
Thu Aug 20 16:01:32 2026: Image # 13, module MaskImage # 7: CPU_time = 0.08 secs, Wall_time = 0.08 secs
Thu Aug 20 16:01:32 2026: Image # 13, module MaskObjects # 8: CPU_time = 0.45 secs, Wall_time = 0.44 secs
Thu Aug 20 16:01:32 2026: Image # 13, module MeasureObjectIntensity # 9: CPU_time = 6.32 secs, Wall_time = 6.32 secs
Thu Aug 20 16:01:38 2026: Image # 13, module MeasureGranularity # 10: CPU_time = 14.53 secs, Wall_time = 14.51 secs
Thu Aug 20 16:01:53 2026: Image # 13, module MeasureGranularity # 11: CPU_time = 24.83 secs, Wall_time = 24.80 secs
Thu Aug 20 16:02:18 2026: Image # 13, module MeasureObjectIntensityDistribution # 12: CPU_time = 7.88 secs, Wall_time = 7.89 secs
Thu Aug 20 16:02:26 2026: Image # 13, module MeasureObjectIntensityDistribution # 13: CPU_time = 6.13 secs, Wall_time = 6.12 secs
Thu Aug 20 16:02:32 2026: Image # 13, module RescaleIntensity # 14: CPU_time = 0.03 secs, Wall_time = 0.03 secs
Thu Aug 20 16:02:32 2026: Image # 13, module RescaleIntensity # 15: CPU_time = 0.03 secs, Wall_time = 0.03 secs
Thu Aug 20 16:02:32 2026: Image # 13, module MeasureTexture # 16: CPU_time = 7.94 secs, Wall_time = 7.94 secs
Thu Aug 20 16:02:40 2026: Image # 13, module MeasureColocalization # 17: CPU_time = 256.77 secs, Wall_time = 68.41 secs
Thu Aug 20 16:03:48 2026: Image # 13, module ExportToSpreadsheet # 18: CPU_time = 0.00 secs, Wall_time = 0.00 secs
Thu Aug 20 16:03:48 2026: Image # 14, module Images # 1: CPU_time = 0.00 secs, Wall_time = 0.00 secs
Thu Aug 20 16:03:48 2026: Image # 14, module Metadata # 2: CPU_time = 0.00 secs, Wall_time = 0.00 secs
Thu Aug 20 16:03:48 2026: Image # 14, module NamesAndTypes # 3: CPU_time = 4.97 secs, Wall_time = 3.19 secs
Thu Aug 20 16:03:51 2026: Image # 14, module Groups # 4: CPU_time = 0.00 secs, Wall_time = 0.00 secs
Thu Aug 20 16:03:51 2026: Image # 14, module MaskImage # 5: CPU_time = 0.07 secs, Wall_time = 0.08 secs
Thu Aug 20 16:03:51 2026: Image # 14, module MaskImage # 6: CPU_time = 0.07 secs, Wall_time = 0.08 secs
Thu Aug 20 16:03:52 2026: Image # 14, module MaskImage # 7: CPU_time = 0.09 secs, Wall_time = 0.08 secs
Thu Aug 20 16:03:52 2026: Image # 14, module MaskObjects # 8: CPU_time = 0.50 secs, Wall_time = 0.49 secs
Thu Aug 20 16:03:52 2026: Image # 14, module MeasureObjectIntensity # 9: CPU_time = 6.74 secs, Wall_time = 6.73 secs
Thu Aug 20 16:03:59 2026: Image # 14, module MeasureGranularity # 10: CPU_time = 15.10 secs, Wall_time = 15.09 secs
Thu Aug 20 16:04:14 2026: Image # 14, module MeasureGranularity # 11: CPU_time = 26.57 secs, Wall_time = 26.54 secs
Thu Aug 20 16:04:41 2026: Image # 14, module MeasureObjectIntensityDistribution # 12: CPU_time = 8.64 secs, Wall_time = 8.63 secs
Thu Aug 20 16:04:49 2026: Image # 14, module MeasureObjectIntensityDistribution # 13: CPU_time = 6.70 secs, Wall_time = 6.69 secs
Thu Aug 20 16:04:56 2026: Image # 14, module RescaleIntensity # 14: CPU_time = 0.03 secs, Wall_time = 0.03 secs
Thu Aug 20 16:04:56 2026: Image # 14, module RescaleIntensity # 15: CPU_time = 0.03 secs, Wall_time = 0.03 secs
Thu Aug 20 16:04:56 2026: Image # 14, module MeasureTexture # 16: CPU_time = 8.67 secs, Wall_time = 8.67 secs
Thu Aug 20 16:05:05 2026: Image # 14, module MeasureColocalization # 17: CPU_time = 352.02 secs, Wall_time = 92.93 secs
Thu Aug 20 16:06:38 2026: Image # 14, module ExportToSpreadsheet # 18: CPU_time = 0.00 secs, Wall_time = 0.00 secs
Thu Aug 20 16:06:38 2026: Image # 15, module Images # 1: CPU_time = 0.00 secs, Wall_time = 0.00 secs
Thu Aug 20 16:06:38 2026: Image # 15, module Metadata # 2: CPU_time = 0.00 secs, Wall_time = 0.00 secs
Thu Aug 20 16:06:38 2026: Image # 15, module NamesAndTypes # 3: CPU_time = 5.14 secs, Wall_time = 3.40 secs
Thu Aug 20 16:06:41 2026: Image # 15, module Groups # 4: CPU_time = 0.00 secs, Wall_time = 0.00 secs
Thu Aug 20 16:06:41 2026: Image # 15, module MaskImage # 5: CPU_time = 0.08 secs, Wall_time = 0.08 secs
Thu Aug 20 16:06:41 2026: Image # 15, module MaskImage # 6: CPU_time = 0.09 secs, Wall_time = 0.08 secs
Thu Aug 20 16:06:41 2026: Image # 15, module MaskImage # 7: CPU_time = 0.07 secs, Wall_time = 0.08 secs
Thu Aug 20 16:06:41 2026: Image # 15, module MaskObjects # 8: CPU_time = 0.47 secs, Wall_time = 0.46 secs
Thu Aug 20 16:06:42 2026: Image # 15, module MeasureObjectIntensity # 9: CPU_time = 4.66 secs, Wall_time = 4.66 secs
Thu Aug 20 16:06:46 2026: Image # 15, module MeasureGranularity # 10: CPU_time = 13.95 secs, Wall_time = 13.94 secs
Thu Aug 20 16:07:00 2026: Image # 15, module MeasureGranularity # 11: CPU_time = 20.92 secs, Wall_time = 20.90 secs
Thu Aug 20 16:07:21 2026: Image # 15, module MeasureObjectIntensityDistribution # 12: CPU_time = 6.90 secs, Wall_time = 6.90 secs
Thu Aug 20 16:07:28 2026: Image # 15, module MeasureObjectIntensityDistribution # 13: CPU_time = 5.31 secs, Wall_time = 5.31 secs
Thu Aug 20 16:07:33 2026: Image # 15, module RescaleIntensity # 14: CPU_time = 0.03 secs, Wall_time = 0.03 secs
Thu Aug 20 16:07:33 2026: Image # 15, module RescaleIntensity # 15: CPU_time = 0.02 secs, Wall_time = 0.03 secs
Thu Aug 20 16:07:33 2026: Image # 15, module MeasureTexture # 16: CPU_time = 6.95 secs, Wall_time = 6.95 secs
Thu Aug 20 16:07:40 2026: Image # 15, module MeasureColocalization # 17: CPU_time = 165.79 secs, Wall_time = 43.59 secs
Thu Aug 20 16:08:24 2026: Image # 15, module ExportToSpreadsheet # 18: CPU_time = 0.00 secs, Wall_time = 0.00 secs
Thu Aug 20 16:08:24 2026: Image # 16, module Images # 1: CPU_time = 0.00 secs, Wall_time = 0.00 secs
Thu Aug 20 16:08:24 2026: Image # 16, module Metadata # 2: CPU_time = 0.00 secs, Wall_time = 0.00 secs
Thu Aug 20 16:08:24 2026: Image # 16, module NamesAndTypes # 3: CPU_time = 4.99 secs, Wall_time = 3.50 secs
Thu Aug 20 16:08:28 2026: Image # 16, module Groups # 4: CPU_time = 0.00 secs, Wall_time = 0.00 secs
Thu Aug 20 16:08:28 2026: Image # 16, module MaskImage # 5: CPU_time = 0.07 secs, Wall_time = 0.07 secs
Thu Aug 20 16:08:28 2026: Image # 16, module MaskImage # 6: CPU_time = 0.08 secs, Wall_time = 0.08 secs
Thu Aug 20 16:08:28 2026: Image # 16, module MaskImage # 7: CPU_time = 0.08 secs, Wall_time = 0.08 secs
Thu Aug 20 16:08:28 2026: Image # 16, module MaskObjects # 8: CPU_time = 0.44 secs, Wall_time = 0.44 secs
Thu Aug 20 16:08:28 2026: Image # 16, module MeasureObjectIntensity # 9: CPU_time = 4.26 secs, Wall_time = 4.25 secs
Thu Aug 20 16:08:32 2026: Image # 16, module MeasureGranularity # 10: CPU_time = 14.08 secs, Wall_time = 14.06 secs
Thu Aug 20 16:08:47 2026: Image # 16, module MeasureGranularity # 11: CPU_time = 20.22 secs, Wall_time = 20.20 secs
Thu Aug 20 16:09:07 2026: Image # 16, module MeasureObjectIntensityDistribution # 12: CPU_time = 5.61 secs, Wall_time = 5.61 secs
Thu Aug 20 16:09:12 2026: Image # 16, module MeasureObjectIntensityDistribution # 13: CPU_time = 4.65 secs, Wall_time = 4.65 secs
Thu Aug 20 16:09:17 2026: Image # 16, module RescaleIntensity # 14: CPU_time = 0.03 secs, Wall_time = 0.03 secs
Thu Aug 20 16:09:17 2026: Image # 16, module RescaleIntensity # 15: CPU_time = 0.03 secs, Wall_time = 0.03 secs
Thu Aug 20 16:09:17 2026: Image # 16, module MeasureTexture # 16: CPU_time = 6.38 secs, Wall_time = 6.37 secs
Thu Aug 20 16:09:23 2026: Image # 16, module MeasureColocalization # 17: CPU_time = 105.24 secs, Wall_time = 28.07 secs
Thu Aug 20 16:09:52 2026: Image # 16, module ExportToSpreadsheet # 18: CPU_time = 0.00 secs, Wall_time = 0.00 secs
Thu Aug 20 16:09:52 2026: Image # 17, module Images # 1: CPU_time = 0.00 secs, Wall_time = 0.00 secs
Thu Aug 20 16:09:52 2026: Image # 17, module Metadata # 2: CPU_time = 0.00 secs, Wall_time = 0.00 secs
Thu Aug 20 16:09:52 2026: Image # 17, module NamesAndTypes # 3: CPU_time = 5.13 secs, Wall_time = 3.47 secs
Thu Aug 20 16:09:55 2026: Image # 17, module Groups # 4: CPU_time = 0.00 secs, Wall_time = 0.00 secs
Thu Aug 20 16:09:55 2026: Image # 17, module MaskImage # 5: CPU_time = 0.08 secs, Wall_time = 0.08 secs
Thu Aug 20 16:09:55 2026: Image # 17, module MaskImage # 6: CPU_time = 0.09 secs, Wall_time = 0.08 secs
Thu Aug 20 16:09:55 2026: Image # 17, module MaskImage # 7: CPU_time = 0.08 secs, Wall_time = 0.08 secs
Thu Aug 20 16:09:55 2026: Image # 17, module MaskObjects # 8: CPU_time = 0.49 secs, Wall_time = 0.48 secs
Thu Aug 20 16:09:56 2026: Image # 17, module MeasureObjectIntensity # 9: CPU_time = 4.80 secs, Wall_time = 4.80 secs
Thu Aug 20 16:10:01 2026: Image # 17, module MeasureGranularity # 10: CPU_time = 14.56 secs, Wall_time = 14.54 secs
Thu Aug 20 16:10:15 2026: Image # 17, module MeasureGranularity # 11: CPU_time = 21.67 secs, Wall_time = 21.66 secs
Thu Aug 20 16:10:37 2026: Image # 17, module MeasureObjectIntensityDistribution # 12: CPU_time = 6.87 secs, Wall_time = 6.87 secs
Thu Aug 20 16:10:44 2026: Image # 17, module MeasureObjectIntensityDistribution # 13: CPU_time = 5.73 secs, Wall_time = 5.72 secs
Thu Aug 20 16:10:49 2026: Image # 17, module RescaleIntensity # 14: CPU_time = 0.03 secs, Wall_time = 0.03 secs
Thu Aug 20 16:10:49 2026: Image # 17, module RescaleIntensity # 15: CPU_time = 0.03 secs, Wall_time = 0.04 secs
Thu Aug 20 16:10:49 2026: Image # 17, module MeasureTexture # 16: CPU_time = 6.81 secs, Wall_time = 6.81 secs
Thu Aug 20 16:10:56 2026: Image # 17, module MeasureColocalization # 17: CPU_time = 161.51 secs, Wall_time = 42.68 secs
Thu Aug 20 16:11:39 2026: Image # 17, module ExportToSpreadsheet # 18: CPU_time = 0.01 secs, Wall_time = 0.00 secs
Thu Aug 20 16:11:39 2026: Image # 18, module Images # 1: CPU_time = 0.00 secs, Wall_time = 0.00 secs
Thu Aug 20 16:11:39 2026: Image # 18, module Metadata # 2: CPU_time = 0.00 secs, Wall_time = 0.00 secs
Thu Aug 20 16:11:39 2026: Image # 18, module NamesAndTypes # 3: CPU_time = 5.32 secs, Wall_time = 3.71 secs
Thu Aug 20 16:11:43 2026: Image # 18, module Groups # 4: CPU_time = 0.00 secs, Wall_time = 0.00 secs
Thu Aug 20 16:11:43 2026: Image # 18, module MaskImage # 5: CPU_time = 0.08 secs, Wall_time = 0.08 secs
Thu Aug 20 16:11:43 2026: Image # 18, module MaskImage # 6: CPU_time = 0.09 secs, Wall_time = 0.08 secs
Thu Aug 20 16:11:43 2026: Image # 18, module MaskImage # 7: CPU_time = 0.08 secs, Wall_time = 0.08 secs
Thu Aug 20 16:11:43 2026: Image # 18, module MaskObjects # 8: CPU_time = 0.49 secs, Wall_time = 0.49 secs
Thu Aug 20 16:11:43 2026: Image # 18, module MeasureObjectIntensity # 9: CPU_time = 5.18 secs, Wall_time = 5.19 secs
Thu Aug 20 16:11:49 2026: Image # 18, module MeasureGranularity # 10: CPU_time = 15.22 secs, Wall_time = 15.21 secs
Thu Aug 20 16:12:04 2026: Image # 18, module MeasureGranularity # 11: CPU_time = 23.37 secs, Wall_time = 23.36 secs
Thu Aug 20 16:12:27 2026: Image # 18, module MeasureObjectIntensityDistribution # 12: CPU_time = 6.87 secs, Wall_time = 6.87 secs
Thu Aug 20 16:12:34 2026: Image # 18, module MeasureObjectIntensityDistribution # 13: CPU_time = 6.24 secs, Wall_time = 6.23 secs
Thu Aug 20 16:12:40 2026: Image # 18, module RescaleIntensity # 14: CPU_time = 0.03 secs, Wall_time = 0.03 secs
Thu Aug 20 16:12:40 2026: Image # 18, module RescaleIntensity # 15: CPU_time = 0.04 secs, Wall_time = 0.04 secs
Thu Aug 20 16:12:40 2026: Image # 18, module MeasureTexture # 16: CPU_time = 7.09 secs, Wall_time = 7.08 secs
/lab/cheeseman_sequencing/jhe/miniforge3/envs/cellprofiler_env/lib/python3.8/site-packages/scipy/stats/_stats_py.py:4424: ConstantInputWarning: An input array is constant; the correlation coefficient is not defined.
  warnings.warn(stats.ConstantInputWarning(msg))
Thu Aug 20 16:12:47 2026: Image # 18, module MeasureColocalization # 17: CPU_time = 52.25 secs, Wall_time = 15.00 secs
Thu Aug 20 16:13:02 2026: Image # 18, module ExportToSpreadsheet # 18: CPU_time = 0.00 secs, Wall_time = 0.00 secs
Thu Aug 20 16:13:02 2026: Image # 19, module Images # 1: CPU_time = 0.00 secs, Wall_time = 0.00 secs
Thu Aug 20 16:13:02 2026: Image # 19, module Metadata # 2: CPU_time = 0.00 secs, Wall_time = 0.00 secs
Thu Aug 20 16:13:02 2026: Image # 19, module NamesAndTypes # 3: CPU_time = 5.02 secs, Wall_time = 3.44 secs
Thu Aug 20 16:13:06 2026: Image # 19, module Groups # 4: CPU_time = 0.00 secs, Wall_time = 0.00 secs
Thu Aug 20 16:13:06 2026: Image # 19, module MaskImage # 5: CPU_time = 0.09 secs, Wall_time = 0.08 secs
Thu Aug 20 16:13:06 2026: Image # 19, module MaskImage # 6: CPU_time = 0.08 secs, Wall_time = 0.08 secs
Thu Aug 20 16:13:06 2026: Image # 19, module MaskImage # 7: CPU_time = 0.08 secs, Wall_time = 0.08 secs
Thu Aug 20 16:13:06 2026: Image # 19, module MaskObjects # 8: CPU_time = 0.46 secs, Wall_time = 0.46 secs
Thu Aug 20 16:13:07 2026: Image # 19, module MeasureObjectIntensity # 9: CPU_time = 4.71 secs, Wall_time = 4.70 secs
Thu Aug 20 16:13:11 2026: Image # 19, module MeasureGranularity # 10: CPU_time = 13.33 secs, Wall_time = 13.32 secs
Thu Aug 20 16:13:25 2026: Image # 19, module MeasureGranularity # 11: CPU_time = 20.38 secs, Wall_time = 20.37 secs
Thu Aug 20 16:13:45 2026: Image # 19, module MeasureObjectIntensityDistribution # 12: CPU_time = 5.99 secs, Wall_time = 5.98 secs
Thu Aug 20 16:13:51 2026: Image # 19, module MeasureObjectIntensityDistribution # 13: CPU_time = 5.30 secs, Wall_time = 5.30 secs
Thu Aug 20 16:13:56 2026: Image # 19, module RescaleIntensity # 14: CPU_time = 0.03 secs, Wall_time = 0.03 secs
Thu Aug 20 16:13:56 2026: Image # 19, module RescaleIntensity # 15: CPU_time = 0.04 secs, Wall_time = 0.03 secs
Thu Aug 20 16:13:56 2026: Image # 19, module MeasureTexture # 16: CPU_time = 6.83 secs, Wall_time = 6.82 secs
Thu Aug 20 16:14:03 2026: Image # 19, module MeasureColocalization # 17: CPU_time = 34.07 secs, Wall_time = 10.34 secs
Thu Aug 20 16:14:14 2026: Image # 19, module ExportToSpreadsheet # 18: CPU_time = 0.00 secs, Wall_time = 0.00 secs
Thu Aug 20 16:14:14 2026: Image # 20, module Images # 1: CPU_time = 0.00 secs, Wall_time = 0.00 secs
Thu Aug 20 16:14:14 2026: Image # 20, module Metadata # 2: CPU_time = 0.00 secs, Wall_time = 0.00 secs
Thu Aug 20 16:14:14 2026: Image # 20, module NamesAndTypes # 3: CPU_time = 5.07 secs, Wall_time = 3.52 secs
Thu Aug 20 16:14:17 2026: Image # 20, module Groups # 4: CPU_time = 0.00 secs, Wall_time = 0.00 secs
Thu Aug 20 16:14:17 2026: Image # 20, module MaskImage # 5: CPU_time = 0.07 secs, Wall_time = 0.08 secs
Thu Aug 20 16:14:17 2026: Image # 20, module MaskImage # 6: CPU_time = 0.08 secs, Wall_time = 0.08 secs
Thu Aug 20 16:14:17 2026: Image # 20, module MaskImage # 7: CPU_time = 0.08 secs, Wall_time = 0.08 secs
Thu Aug 20 16:14:17 2026: Image # 20, module MaskObjects # 8: CPU_time = 0.46 secs, Wall_time = 0.46 secs
Thu Aug 20 16:14:18 2026: Image # 20, module MeasureObjectIntensity # 9: CPU_time = 7.16 secs, Wall_time = 7.15 secs
Thu Aug 20 16:14:25 2026: Image # 20, module MeasureGranularity # 10: CPU_time = 14.48 secs, Wall_time = 14.47 secs
Thu Aug 20 16:14:39 2026: Image # 20, module MeasureGranularity # 11: CPU_time = 25.97 secs, Wall_time = 25.95 secs
Thu Aug 20 16:15:05 2026: Image # 20, module MeasureObjectIntensityDistribution # 12: CPU_time = 8.47 secs, Wall_time = 8.47 secs
Thu Aug 20 16:15:14 2026: Image # 20, module MeasureObjectIntensityDistribution # 13: CPU_time = 7.30 secs, Wall_time = 7.30 secs
Thu Aug 20 16:15:21 2026: Image # 20, module RescaleIntensity # 14: CPU_time = 0.04 secs, Wall_time = 0.03 secs
Thu Aug 20 16:15:21 2026: Image # 20, module RescaleIntensity # 15: CPU_time = 0.03 secs, Wall_time = 0.03 secs
Thu Aug 20 16:15:21 2026: Image # 20, module MeasureTexture # 16: CPU_time = 8.07 secs, Wall_time = 8.06 secs
Thu Aug 20 16:15:29 2026: Image # 20, module MeasureColocalization # 17: CPU_time = 46.81 secs, Wall_time = 14.95 secs
Thu Aug 20 16:15:44 2026: Image # 20, module ExportToSpreadsheet # 18: CPU_time = 0.00 secs, Wall_time = 0.00 secs
Thu Aug 20 16:15:44 2026: Image # 21, module Images # 1: CPU_time = 0.00 secs, Wall_time = 0.00 secs
Thu Aug 20 16:15:44 2026: Image # 21, module Metadata # 2: CPU_time = 0.00 secs, Wall_time = 0.00 secs
Thu Aug 20 16:15:44 2026: Image # 21, module NamesAndTypes # 3: CPU_time = 5.01 secs, Wall_time = 3.27 secs
Thu Aug 20 16:15:48 2026: Image # 21, module Groups # 4: CPU_time = 0.00 secs, Wall_time = 0.00 secs
Thu Aug 20 16:15:48 2026: Image # 21, module MaskImage # 5: CPU_time = 0.09 secs, Wall_time = 0.08 secs
Thu Aug 20 16:15:48 2026: Image # 21, module MaskImage # 6: CPU_time = 0.07 secs, Wall_time = 0.08 secs
Thu Aug 20 16:15:48 2026: Image # 21, module MaskImage # 7: CPU_time = 0.08 secs, Wall_time = 0.08 secs
Thu Aug 20 16:15:48 2026: Image # 21, module MaskObjects # 8: CPU_time = 0.47 secs, Wall_time = 0.47 secs
Thu Aug 20 16:15:48 2026: Image # 21, module MeasureObjectIntensity # 9: CPU_time = 5.68 secs, Wall_time = 5.67 secs
Thu Aug 20 16:15:54 2026: Image # 21, module MeasureGranularity # 10: CPU_time = 13.74 secs, Wall_time = 13.74 secs
Thu Aug 20 16:16:08 2026: Image # 21, module MeasureGranularity # 11: CPU_time = 22.81 secs, Wall_time = 22.80 secs
Thu Aug 20 16:16:30 2026: Image # 21, module MeasureObjectIntensityDistribution # 12: CPU_time = 6.97 secs, Wall_time = 6.97 secs
Thu Aug 20 16:16:37 2026: Image # 21, module MeasureObjectIntensityDistribution # 13: CPU_time = 6.14 secs, Wall_time = 6.15 secs
Thu Aug 20 16:16:44 2026: Image # 21, module RescaleIntensity # 14: CPU_time = 0.03 secs, Wall_time = 0.03 secs
Thu Aug 20 16:16:44 2026: Image # 21, module RescaleIntensity # 15: CPU_time = 0.03 secs, Wall_time = 0.03 secs
Thu Aug 20 16:16:44 2026: Image # 21, module MeasureTexture # 16: CPU_time = 7.26 secs, Wall_time = 7.26 secs
Thu Aug 20 16:16:51 2026: Image # 21, module MeasureColocalization # 17: CPU_time = 47.61 secs, Wall_time = 14.29 secs
Thu Aug 20 16:17:05 2026: Image # 21, module ExportToSpreadsheet # 18: CPU_time = 0.00 secs, Wall_time = 0.00 secs
Thu Aug 20 16:17:05 2026: Image # 22, module Images # 1: CPU_time = 0.00 secs, Wall_time = 0.00 secs
Thu Aug 20 16:17:05 2026: Image # 22, module Metadata # 2: CPU_time = 0.00 secs, Wall_time = 0.00 secs
Thu Aug 20 16:17:05 2026: Image # 22, module NamesAndTypes # 3: CPU_time = 4.72 secs, Wall_time = 2.99 secs
Thu Aug 20 16:17:08 2026: Image # 22, module Groups # 4: CPU_time = 0.00 secs, Wall_time = 0.00 secs
Thu Aug 20 16:17:08 2026: Image # 22, module MaskImage # 5: CPU_time = 0.07 secs, Wall_time = 0.08 secs
Thu Aug 20 16:17:08 2026: Image # 22, module MaskImage # 6: CPU_time = 0.08 secs, Wall_time = 0.08 secs
Thu Aug 20 16:17:08 2026: Image # 22, module MaskImage # 7: CPU_time = 0.08 secs, Wall_time = 0.08 secs
Thu Aug 20 16:17:08 2026: Image # 22, module MaskObjects # 8: CPU_time = 0.48 secs, Wall_time = 0.47 secs
Thu Aug 20 16:17:09 2026: Image # 22, module MeasureObjectIntensity # 9: CPU_time = 3.98 secs, Wall_time = 3.99 secs
Thu Aug 20 16:17:13 2026: Image # 22, module MeasureGranularity # 10: CPU_time = 13.15 secs, Wall_time = 13.14 secs
Thu Aug 20 16:17:26 2026: Image # 22, module MeasureGranularity # 11: CPU_time = 19.42 secs, Wall_time = 19.41 secs
Thu Aug 20 16:17:46 2026: Image # 22, module MeasureObjectIntensityDistribution # 12: CPU_time = 6.12 secs, Wall_time = 6.11 secs
Thu Aug 20 16:17:52 2026: Image # 22, module MeasureObjectIntensityDistribution # 13: CPU_time = 5.01 secs, Wall_time = 5.00 secs
Thu Aug 20 16:17:57 2026: Image # 22, module RescaleIntensity # 14: CPU_time = 0.03 secs, Wall_time = 0.03 secs
Thu Aug 20 16:17:57 2026: Image # 22, module RescaleIntensity # 15: CPU_time = 0.03 secs, Wall_time = 0.03 secs
Thu Aug 20 16:17:57 2026: Image # 22, module MeasureTexture # 16: CPU_time = 8.10 secs, Wall_time = 8.10 secs
Thu Aug 20 16:18:05 2026: Image # 22, module MeasureColocalization # 17: CPU_time = 137.16 secs, Wall_time = 35.60 secs
Thu Aug 20 16:18:40 2026: Image # 22, module ExportToSpreadsheet # 18: CPU_time = 0.00 secs, Wall_time = 0.00 secs
Thu Aug 20 16:18:40 2026: Image # 23, module Images # 1: CPU_time = 0.00 secs, Wall_time = 0.00 secs
Thu Aug 20 16:18:40 2026: Image # 23, module Metadata # 2: CPU_time = 0.00 secs, Wall_time = 0.00 secs
Thu Aug 20 16:18:40 2026: Image # 23, module NamesAndTypes # 3: CPU_time = 4.87 secs, Wall_time = 3.27 secs
Thu Aug 20 16:18:44 2026: Image # 23, module Groups # 4: CPU_time = 0.00 secs, Wall_time = 0.00 secs
Thu Aug 20 16:18:44 2026: Image # 23, module MaskImage # 5: CPU_time = 0.07 secs, Wall_time = 0.08 secs
Thu Aug 20 16:18:44 2026: Image # 23, module MaskImage # 6: CPU_time = 0.07 secs, Wall_time = 0.08 secs
Thu Aug 20 16:18:44 2026: Image # 23, module MaskImage # 7: CPU_time = 0.09 secs, Wall_time = 0.08 secs
Thu Aug 20 16:18:44 2026: Image # 23, module MaskObjects # 8: CPU_time = 0.51 secs, Wall_time = 0.50 secs
Thu Aug 20 16:18:44 2026: Image # 23, module MeasureObjectIntensity # 9: CPU_time = 7.43 secs, Wall_time = 7.43 secs
Thu Aug 20 16:18:52 2026: Image # 23, module MeasureGranularity # 10: CPU_time = 14.87 secs, Wall_time = 14.85 secs
Thu Aug 20 16:19:07 2026: Image # 23, module MeasureGranularity # 11: CPU_time = 27.29 secs, Wall_time = 27.27 secs
Thu Aug 20 16:19:34 2026: Image # 23, module MeasureObjectIntensityDistribution # 12: CPU_time = 10.50 secs, Wall_time = 10.49 secs
Thu Aug 20 16:19:44 2026: Image # 23, module MeasureObjectIntensityDistribution # 13: CPU_time = 7.12 secs, Wall_time = 7.12 secs
Thu Aug 20 16:19:52 2026: Image # 23, module RescaleIntensity # 14: CPU_time = 0.04 secs, Wall_time = 0.03 secs
Thu Aug 20 16:19:52 2026: Image # 23, module RescaleIntensity # 15: CPU_time = 0.03 secs, Wall_time = 0.03 secs
Thu Aug 20 16:19:52 2026: Image # 23, module MeasureTexture # 16: CPU_time = 13.63 secs, Wall_time = 13.63 secs
Thu Aug 20 16:20:05 2026: Image # 23, module MeasureColocalization # 17: CPU_time = 93.84 secs, Wall_time = 28.88 secs
Thu Aug 20 16:20:34 2026: Image # 23, module ExportToSpreadsheet # 18: CPU_time = 0.00 secs, Wall_time = 0.00 secs
Thu Aug 20 16:20:34 2026: Image # 24, module Images # 1: CPU_time = 0.00 secs, Wall_time = 0.00 secs
Thu Aug 20 16:20:34 2026: Image # 24, module Metadata # 2: CPU_time = 0.00 secs, Wall_time = 0.00 secs
Thu Aug 20 16:20:34 2026: Image # 24, module NamesAndTypes # 3: CPU_time = 4.78 secs, Wall_time = 3.27 secs
Thu Aug 20 16:20:37 2026: Image # 24, module Groups # 4: CPU_time = 0.00 secs, Wall_time = 0.00 secs
Thu Aug 20 16:20:37 2026: Image # 24, module MaskImage # 5: CPU_time = 0.08 secs, Wall_time = 0.08 secs
Thu Aug 20 16:20:38 2026: Image # 24, module MaskImage # 6: CPU_time = 0.07 secs, Wall_time = 0.08 secs
Thu Aug 20 16:20:38 2026: Image # 24, module MaskImage # 7: CPU_time = 0.08 secs, Wall_time = 0.08 secs
Thu Aug 20 16:20:38 2026: Image # 24, module MaskObjects # 8: CPU_time = 0.50 secs, Wall_time = 0.51 secs
Thu Aug 20 16:20:38 2026: Image # 24, module MeasureObjectIntensity # 9: CPU_time = 7.78 secs, Wall_time = 7.77 secs
Thu Aug 20 16:20:46 2026: Image # 24, module MeasureGranularity # 10: CPU_time = 15.78 secs, Wall_time = 15.77 secs
Thu Aug 20 16:21:02 2026: Image # 24, module MeasureGranularity # 11: CPU_time = 28.50 secs, Wall_time = 28.47 secs
Thu Aug 20 16:21:30 2026: Image # 24, module MeasureObjectIntensityDistribution # 12: CPU_time = 10.62 secs, Wall_time = 10.61 secs
Thu Aug 20 16:21:41 2026: Image # 24, module MeasureObjectIntensityDistribution # 13: CPU_time = 7.54 secs, Wall_time = 7.53 secs
Thu Aug 20 16:21:48 2026: Image # 24, module RescaleIntensity # 14: CPU_time = 0.03 secs, Wall_time = 0.03 secs
Thu Aug 20 16:21:48 2026: Image # 24, module RescaleIntensity # 15: CPU_time = 0.03 secs, Wall_time = 0.03 secs
Thu Aug 20 16:21:48 2026: Image # 24, module MeasureTexture # 16: CPU_time = 13.98 secs, Wall_time = 13.97 secs
Thu Aug 20 16:22:02 2026: Image # 24, module MeasureColocalization # 17: CPU_time = 227.18 secs, Wall_time = 63.99 secs
Thu Aug 20 16:23:06 2026: Image # 24, module ExportToSpreadsheet # 18: CPU_time = 0.00 secs, Wall_time = 0.00 secs
Thu Aug 20 16:23:06 2026: Image # 25, module Images # 1: CPU_time = 0.00 secs, Wall_time = 0.00 secs
Thu Aug 20 16:23:06 2026: Image # 25, module Metadata # 2: CPU_time = 0.00 secs, Wall_time = 0.00 secs
Thu Aug 20 16:23:06 2026: Image # 25, module NamesAndTypes # 3: CPU_time = 4.98 secs, Wall_time = 3.34 secs
Thu Aug 20 16:23:10 2026: Image # 25, module Groups # 4: CPU_time = 0.00 secs, Wall_time = 0.00 secs
Thu Aug 20 16:23:10 2026: Image # 25, module MaskImage # 5: CPU_time = 0.08 secs, Wall_time = 0.08 secs
Thu Aug 20 16:23:10 2026: Image # 25, module MaskImage # 6: CPU_time = 0.08 secs, Wall_time = 0.08 secs
Thu Aug 20 16:23:10 2026: Image # 25, module MaskImage # 7: CPU_time = 0.08 secs, Wall_time = 0.09 secs
Thu Aug 20 16:23:10 2026: Image # 25, module MaskObjects # 8: CPU_time = 0.52 secs, Wall_time = 0.52 secs
Thu Aug 20 16:23:11 2026: Image # 25, module MeasureObjectIntensity # 9: CPU_time = 9.73 secs, Wall_time = 9.71 secs
Thu Aug 20 16:23:20 2026: Image # 25, module MeasureGranularity # 10: CPU_time = 16.60 secs, Wall_time = 16.59 secs
Thu Aug 20 16:23:37 2026: Image # 25, module MeasureGranularity # 11: CPU_time = 34.21 secs, Wall_time = 34.18 secs
Thu Aug 20 16:24:11 2026: Image # 25, module MeasureObjectIntensityDistribution # 12: CPU_time = 13.10 secs, Wall_time = 13.10 secs
Thu Aug 20 16:24:24 2026: Image # 25, module MeasureObjectIntensityDistribution # 13: CPU_time = 8.40 secs, Wall_time = 8.39 secs
Thu Aug 20 16:24:33 2026: Image # 25, module RescaleIntensity # 14: CPU_time = 0.03 secs, Wall_time = 0.03 secs
Thu Aug 20 16:24:33 2026: Image # 25, module RescaleIntensity # 15: CPU_time = 0.03 secs, Wall_time = 0.03 secs
Thu Aug 20 16:24:33 2026: Image # 25, module MeasureTexture # 16: CPU_time = 17.09 secs, Wall_time = 17.09 secs
Thu Aug 20 16:24:50 2026: Image # 25, module MeasureColocalization # 17: CPU_time = 178.04 secs, Wall_time = 59.33 secs
Thu Aug 20 16:25:49 2026: Image # 25, module ExportToSpreadsheet # 18: CPU_time = 0.00 secs, Wall_time = 0.00 secs
Thu Aug 20 16:25:49 2026: Image # 26, module Images # 1: CPU_time = 0.00 secs, Wall_time = 0.00 secs
Thu Aug 20 16:25:49 2026: Image # 26, module Metadata # 2: CPU_time = 0.00 secs, Wall_time = 0.00 secs
Thu Aug 20 16:25:49 2026: Image # 26, module NamesAndTypes # 3: CPU_time = 5.02 secs, Wall_time = 3.76 secs
Thu Aug 20 16:25:53 2026: Image # 26, module Groups # 4: CPU_time = 0.00 secs, Wall_time = 0.00 secs
Thu Aug 20 16:25:53 2026: Image # 26, module MaskImage # 5: CPU_time = 0.07 secs, Wall_time = 0.08 secs
Thu Aug 20 16:25:53 2026: Image # 26, module MaskImage # 6: CPU_time = 0.08 secs, Wall_time = 0.08 secs
Thu Aug 20 16:25:53 2026: Image # 26, module MaskImage # 7: CPU_time = 0.09 secs, Wall_time = 0.08 secs
Thu Aug 20 16:25:53 2026: Image # 26, module MaskObjects # 8: CPU_time = 0.46 secs, Wall_time = 0.46 secs
Thu Aug 20 16:25:54 2026: Image # 26, module MeasureObjectIntensity # 9: CPU_time = 5.51 secs, Wall_time = 5.51 secs
Thu Aug 20 16:25:59 2026: Image # 26, module MeasureGranularity # 10: CPU_time = 13.90 secs, Wall_time = 13.89 secs
Thu Aug 20 16:26:13 2026: Image # 26, module MeasureGranularity # 11: CPU_time = 22.46 secs, Wall_time = 22.44 secs
Thu Aug 20 16:26:35 2026: Image # 26, module MeasureObjectIntensityDistribution # 12: CPU_time = 6.92 secs, Wall_time = 6.91 secs
Thu Aug 20 16:26:42 2026: Image # 26, module MeasureObjectIntensityDistribution # 13: CPU_time = 5.92 secs, Wall_time = 5.92 secs
Thu Aug 20 16:26:48 2026: Image # 26, module RescaleIntensity # 14: CPU_time = 0.04 secs, Wall_time = 0.03 secs
Thu Aug 20 16:26:48 2026: Image # 26, module RescaleIntensity # 15: CPU_time = 0.03 secs, Wall_time = 0.03 secs
Thu Aug 20 16:26:48 2026: Image # 26, module MeasureTexture # 16: CPU_time = 7.37 secs, Wall_time = 7.36 secs
Thu Aug 20 16:26:56 2026: Image # 26, module MeasureColocalization # 17: CPU_time = 58.58 secs, Wall_time = 17.09 secs
Thu Aug 20 16:27:13 2026: Image # 26, module ExportToSpreadsheet # 18: CPU_time = 0.00 secs, Wall_time = 0.00 secs
Thu Aug 20 16:27:13 2026: Image # 27, module Images # 1: CPU_time = 0.00 secs, Wall_time = 0.00 secs
Thu Aug 20 16:27:13 2026: Image # 27, module Metadata # 2: CPU_time = 0.00 secs, Wall_time = 0.00 secs
Thu Aug 20 16:27:13 2026: Image # 27, module NamesAndTypes # 3: CPU_time = 4.93 secs, Wall_time = 3.40 secs
Thu Aug 20 16:27:16 2026: Image # 27, module Groups # 4: CPU_time = 0.00 secs, Wall_time = 0.00 secs
Thu Aug 20 16:27:16 2026: Image # 27, module MaskImage # 5: CPU_time = 0.07 secs, Wall_time = 0.08 secs
Thu Aug 20 16:27:16 2026: Image # 27, module MaskImage # 6: CPU_time = 0.08 secs, Wall_time = 0.08 secs
Thu Aug 20 16:27:16 2026: Image # 27, module MaskImage # 7: CPU_time = 0.08 secs, Wall_time = 0.08 secs
Thu Aug 20 16:27:16 2026: Image # 27, module MaskObjects # 8: CPU_time = 0.45 secs, Wall_time = 0.46 secs
Thu Aug 20 16:27:17 2026: Image # 27, module MeasureObjectIntensity # 9: CPU_time = 3.85 secs, Wall_time = 3.85 secs
Thu Aug 20 16:27:21 2026: Image # 27, module MeasureGranularity # 10: CPU_time = 13.37 secs, Wall_time = 13.35 secs
Thu Aug 20 16:27:34 2026: Image # 27, module MeasureGranularity # 11: CPU_time = 18.85 secs, Wall_time = 18.84 secs
Thu Aug 20 16:27:53 2026: Image # 27, module MeasureObjectIntensityDistribution # 12: CPU_time = 5.15 secs, Wall_time = 5.16 secs
Thu Aug 20 16:27:58 2026: Image # 27, module MeasureObjectIntensityDistribution # 13: CPU_time = 4.63 secs, Wall_time = 4.63 secs
Thu Aug 20 16:28:03 2026: Image # 27, module RescaleIntensity # 14: CPU_time = 0.03 secs, Wall_time = 0.03 secs
Thu Aug 20 16:28:03 2026: Image # 27, module RescaleIntensity # 15: CPU_time = 0.03 secs, Wall_time = 0.03 secs
Thu Aug 20 16:28:03 2026: Image # 27, module MeasureTexture # 16: CPU_time = 6.29 secs, Wall_time = 6.30 secs
Thu Aug 20 16:28:09 2026: Image # 27, module MeasureColocalization # 17: CPU_time = 51.38 secs, Wall_time = 14.22 secs
Thu Aug 20 16:28:23 2026: Image # 27, module ExportToSpreadsheet # 18: CPU_time = 0.00 secs, Wall_time = 0.00 secs
Thu Aug 20 16:28:23 2026: Image # 28, module Images # 1: CPU_time = 0.00 secs, Wall_time = 0.00 secs
Thu Aug 20 16:28:23 2026: Image # 28, module Metadata # 2: CPU_time = 0.00 secs, Wall_time = 0.00 secs
Thu Aug 20 16:28:23 2026: Image # 28, module NamesAndTypes # 3: CPU_time = 5.06 secs, Wall_time = 3.65 secs
Thu Aug 20 16:28:27 2026: Image # 28, module Groups # 4: CPU_time = 0.00 secs, Wall_time = 0.00 secs
Thu Aug 20 16:28:27 2026: Image # 28, module MaskImage # 5: CPU_time = 0.07 secs, Wall_time = 0.08 secs
Thu Aug 20 16:28:27 2026: Image # 28, module MaskImage # 6: CPU_time = 0.07 secs, Wall_time = 0.08 secs
Thu Aug 20 16:28:27 2026: Image # 28, module MaskImage # 7: CPU_time = 0.08 secs, Wall_time = 0.08 secs
Thu Aug 20 16:28:27 2026: Image # 28, module MaskObjects # 8: CPU_time = 0.47 secs, Wall_time = 0.47 secs
Thu Aug 20 16:28:28 2026: Image # 28, module MeasureObjectIntensity # 9: CPU_time = 6.05 secs, Wall_time = 6.04 secs
Thu Aug 20 16:28:34 2026: Image # 28, module MeasureGranularity # 10: CPU_time = 14.37 secs, Wall_time = 14.35 secs
Thu Aug 20 16:28:48 2026: Image # 28, module MeasureGranularity # 11: CPU_time = 24.21 secs, Wall_time = 24.19 secs
Thu Aug 20 16:29:12 2026: Image # 28, module MeasureObjectIntensityDistribution # 12: CPU_time = 7.46 secs, Wall_time = 7.46 secs
Thu Aug 20 16:29:20 2026: Image # 28, module MeasureObjectIntensityDistribution # 13: CPU_time = 6.42 secs, Wall_time = 6.42 secs
Thu Aug 20 16:29:26 2026: Image # 28, module RescaleIntensity # 14: CPU_time = 0.03 secs, Wall_time = 0.03 secs
Thu Aug 20 16:29:26 2026: Image # 28, module RescaleIntensity # 15: CPU_time = 0.03 secs, Wall_time = 0.03 secs
Thu Aug 20 16:29:26 2026: Image # 28, module MeasureTexture # 16: CPU_time = 7.86 secs, Wall_time = 7.86 secs
Thu Aug 20 16:29:34 2026: Image # 28, module MeasureColocalization # 17: CPU_time = 164.67 secs, Wall_time = 44.34 secs
Thu Aug 20 16:30:18 2026: Image # 28, module ExportToSpreadsheet # 18: CPU_time = 0.00 secs, Wall_time = 0.00 secs
Thu Aug 20 16:30:18 2026: Image # 29, module Images # 1: CPU_time = 0.00 secs, Wall_time = 0.00 secs
Thu Aug 20 16:30:18 2026: Image # 29, module Metadata # 2: CPU_time = 0.00 secs, Wall_time = 0.00 secs
Thu Aug 20 16:30:18 2026: Image # 29, module NamesAndTypes # 3: CPU_time = 5.03 secs, Wall_time = 3.55 secs
Thu Aug 20 16:30:22 2026: Image # 29, module Groups # 4: CPU_time = 0.00 secs, Wall_time = 0.00 secs
Thu Aug 20 16:30:22 2026: Image # 29, module MaskImage # 5: CPU_time = 0.08 secs, Wall_time = 0.08 secs
Thu Aug 20 16:30:22 2026: Image # 29, module MaskImage # 6: CPU_time = 0.08 secs, Wall_time = 0.08 secs
Thu Aug 20 16:30:22 2026: Image # 29, module MaskImage # 7: CPU_time = 0.07 secs, Wall_time = 0.08 secs
Thu Aug 20 16:30:22 2026: Image # 29, module MaskObjects # 8: CPU_time = 0.46 secs, Wall_time = 0.47 secs
Thu Aug 20 16:30:23 2026: Image # 29, module MeasureObjectIntensity # 9: CPU_time = 4.66 secs, Wall_time = 4.65 secs
Thu Aug 20 16:30:27 2026: Image # 29, module MeasureGranularity # 10: CPU_time = 13.72 secs, Wall_time = 13.70 secs
Thu Aug 20 16:30:41 2026: Image # 29, module MeasureGranularity # 11: CPU_time = 20.47 secs, Wall_time = 20.46 secs
Thu Aug 20 16:31:02 2026: Image # 29, module MeasureObjectIntensityDistribution # 12: CPU_time = 6.07 secs, Wall_time = 6.07 secs
Thu Aug 20 16:31:08 2026: Image # 29, module MeasureObjectIntensityDistribution # 13: CPU_time = 5.36 secs, Wall_time = 5.37 secs
Thu Aug 20 16:31:13 2026: Image # 29, module RescaleIntensity # 14: CPU_time = 0.03 secs, Wall_time = 0.03 secs
Thu Aug 20 16:31:13 2026: Image # 29, module RescaleIntensity # 15: CPU_time = 0.03 secs, Wall_time = 0.03 secs
Thu Aug 20 16:31:13 2026: Image # 29, module MeasureTexture # 16: CPU_time = 6.73 secs, Wall_time = 6.73 secs
Thu Aug 20 16:31:20 2026: Image # 29, module MeasureColocalization # 17: CPU_time = 64.65 secs, Wall_time = 18.06 secs
Thu Aug 20 16:31:38 2026: Image # 29, module ExportToSpreadsheet # 18: CPU_time = 0.00 secs, Wall_time = 0.00 secs
Thu Aug 20 16:31:38 2026: Image # 30, module Images # 1: CPU_time = 0.00 secs, Wall_time = 0.00 secs
Thu Aug 20 16:31:38 2026: Image # 30, module Metadata # 2: CPU_time = 0.00 secs, Wall_time = 0.00 secs
Thu Aug 20 16:31:38 2026: Image # 30, module NamesAndTypes # 3: CPU_time = 5.06 secs, Wall_time = 3.55 secs
Thu Aug 20 16:31:41 2026: Image # 30, module Groups # 4: CPU_time = 0.00 secs, Wall_time = 0.00 secs
Thu Aug 20 16:31:41 2026: Image # 30, module MaskImage # 5: CPU_time = 0.08 secs, Wall_time = 0.08 secs
Thu Aug 20 16:31:42 2026: Image # 30, module MaskImage # 6: CPU_time = 0.09 secs, Wall_time = 0.08 secs
Thu Aug 20 16:31:42 2026: Image # 30, module MaskImage # 7: CPU_time = 0.09 secs, Wall_time = 0.08 secs
Thu Aug 20 16:31:42 2026: Image # 30, module MaskObjects # 8: CPU_time = 0.46 secs, Wall_time = 0.46 secs
Thu Aug 20 16:31:42 2026: Image # 30, module MeasureObjectIntensity # 9: CPU_time = 5.09 secs, Wall_time = 5.09 secs
Thu Aug 20 16:31:47 2026: Image # 30, module MeasureGranularity # 10: CPU_time = 13.94 secs, Wall_time = 13.94 secs
Thu Aug 20 16:32:01 2026: Image # 30, module MeasureGranularity # 11: CPU_time = 21.89 secs, Wall_time = 21.87 secs
Thu Aug 20 16:32:23 2026: Image # 30, module MeasureObjectIntensityDistribution # 12: CPU_time = 7.13 secs, Wall_time = 7.13 secs
Thu Aug 20 16:32:30 2026: Image # 30, module MeasureObjectIntensityDistribution # 13: CPU_time = 5.67 secs, Wall_time = 5.66 secs
Thu Aug 20 16:32:36 2026: Image # 30, module RescaleIntensity # 14: CPU_time = 0.03 secs, Wall_time = 0.03 secs
Thu Aug 20 16:32:36 2026: Image # 30, module RescaleIntensity # 15: CPU_time = 0.03 secs, Wall_time = 0.03 secs
Thu Aug 20 16:32:36 2026: Image # 30, module MeasureTexture # 16: CPU_time = 7.53 secs, Wall_time = 7.52 secs
Thu Aug 20 16:32:43 2026: Image # 30, module MeasureColocalization # 17: CPU_time = 253.14 secs, Wall_time = 65.96 secs
Thu Aug 20 16:33:49 2026: Image # 30, module ExportToSpreadsheet # 18: CPU_time = 0.00 secs, Wall_time = 0.00 secs
Thu Aug 20 16:33:49 2026: Image # 31, module Images # 1: CPU_time = 0.00 secs, Wall_time = 0.00 secs
Thu Aug 20 16:33:49 2026: Image # 31, module Metadata # 2: CPU_time = 0.00 secs, Wall_time = 0.00 secs
Thu Aug 20 16:33:49 2026: Image # 31, module NamesAndTypes # 3: CPU_time = 4.98 secs, Wall_time = 3.34 secs
Thu Aug 20 16:33:53 2026: Image # 31, module Groups # 4: CPU_time = 0.00 secs, Wall_time = 0.00 secs
Thu Aug 20 16:33:53 2026: Image # 31, module MaskImage # 5: CPU_time = 0.08 secs, Wall_time = 0.08 secs
Thu Aug 20 16:33:53 2026: Image # 31, module MaskImage # 6: CPU_time = 0.09 secs, Wall_time = 0.08 secs
Thu Aug 20 16:33:53 2026: Image # 31, module MaskImage # 7: CPU_time = 0.08 secs, Wall_time = 0.08 secs
Thu Aug 20 16:33:53 2026: Image # 31, module MaskObjects # 8: CPU_time = 0.45 secs, Wall_time = 0.46 secs
Thu Aug 20 16:33:54 2026: Image # 31, module MeasureObjectIntensity # 9: CPU_time = 4.50 secs, Wall_time = 4.49 secs
Thu Aug 20 16:33:58 2026: Image # 31, module MeasureGranularity # 10: CPU_time = 13.82 secs, Wall_time = 13.82 secs
Thu Aug 20 16:34:12 2026: Image # 31, module MeasureGranularity # 11: CPU_time = 21.23 secs, Wall_time = 21.20 secs
Thu Aug 20 16:34:33 2026: Image # 31, module MeasureObjectIntensityDistribution # 12: CPU_time = 6.50 secs, Wall_time = 6.50 secs
Thu Aug 20 16:34:40 2026: Image # 31, module MeasureObjectIntensityDistribution # 13: CPU_time = 5.24 secs, Wall_time = 5.23 secs
Thu Aug 20 16:34:45 2026: Image # 31, module RescaleIntensity # 14: CPU_time = 0.03 secs, Wall_time = 0.03 secs
Thu Aug 20 16:34:45 2026: Image # 31, module RescaleIntensity # 15: CPU_time = 0.03 secs, Wall_time = 0.03 secs
Thu Aug 20 16:34:45 2026: Image # 31, module MeasureTexture # 16: CPU_time = 6.97 secs, Wall_time = 6.96 secs
Thu Aug 20 16:34:52 2026: Image # 31, module MeasureColocalization # 17: CPU_time = 139.26 secs, Wall_time = 36.83 secs
Thu Aug 20 16:35:29 2026: Image # 31, module ExportToSpreadsheet # 18: CPU_time = 0.00 secs, Wall_time = 0.00 secs
Thu Aug 20 16:35:29 2026: Image # 32, module Images # 1: CPU_time = 0.00 secs, Wall_time = 0.00 secs
Thu Aug 20 16:35:29 2026: Image # 32, module Metadata # 2: CPU_time = 0.00 secs, Wall_time = 0.00 secs
Thu Aug 20 16:35:29 2026: Image # 32, module NamesAndTypes # 3: CPU_time = 5.02 secs, Wall_time = 4.07 secs
Thu Aug 20 16:35:33 2026: Image # 32, module Groups # 4: CPU_time = 0.00 secs, Wall_time = 0.00 secs
Thu Aug 20 16:35:33 2026: Image # 32, module MaskImage # 5: CPU_time = 0.08 secs, Wall_time = 0.08 secs
Thu Aug 20 16:35:33 2026: Image # 32, module MaskImage # 6: CPU_time = 0.07 secs, Wall_time = 0.08 secs
Thu Aug 20 16:35:33 2026: Image # 32, module MaskImage # 7: CPU_time = 0.09 secs, Wall_time = 0.09 secs
Thu Aug 20 16:35:33 2026: Image # 32, module MaskObjects # 8: CPU_time = 0.45 secs, Wall_time = 0.46 secs
Thu Aug 20 16:35:33 2026: Image # 32, module MeasureObjectIntensity # 9: CPU_time = 5.15 secs, Wall_time = 5.15 secs
Thu Aug 20 16:35:39 2026: Image # 32, module MeasureGranularity # 10: CPU_time = 14.90 secs, Wall_time = 14.88 secs
Thu Aug 20 16:35:53 2026: Image # 32, module MeasureGranularity # 11: CPU_time = 23.28 secs, Wall_time = 23.27 secs
Thu Aug 20 16:36:17 2026: Image # 32, module MeasureObjectIntensityDistribution # 12: CPU_time = 7.61 secs, Wall_time = 7.61 secs
Thu Aug 20 16:36:24 2026: Image # 32, module MeasureObjectIntensityDistribution # 13: CPU_time = 5.56 secs, Wall_time = 5.56 secs
Thu Aug 20 16:36:30 2026: Image # 32, module RescaleIntensity # 14: CPU_time = 0.03 secs, Wall_time = 0.03 secs
Thu Aug 20 16:36:30 2026: Image # 32, module RescaleIntensity # 15: CPU_time = 0.03 secs, Wall_time = 0.03 secs
Thu Aug 20 16:36:30 2026: Image # 32, module MeasureTexture # 16: CPU_time = 7.33 secs, Wall_time = 7.32 secs
Thu Aug 20 16:36:37 2026: Image # 32, module MeasureColocalization # 17: CPU_time = 230.73 secs, Wall_time = 60.16 secs
Thu Aug 20 16:37:37 2026: Image # 32, module ExportToSpreadsheet # 18: CPU_time = 0.00 secs, Wall_time = 0.00 secs
Thu Aug 20 16:37:38 2026: Image # 33, module Images # 1: CPU_time = 0.00 secs, Wall_time = 0.00 secs
Thu Aug 20 16:37:38 2026: Image # 33, module Metadata # 2: CPU_time = 0.00 secs, Wall_time = 0.00 secs
Thu Aug 20 16:37:38 2026: Image # 33, module NamesAndTypes # 3: CPU_time = 5.12 secs, Wall_time = 3.46 secs
Thu Aug 20 16:37:41 2026: Image # 33, module Groups # 4: CPU_time = 0.00 secs, Wall_time = 0.00 secs
Thu Aug 20 16:37:41 2026: Image # 33, module MaskImage # 5: CPU_time = 0.08 secs, Wall_time = 0.08 secs
Thu Aug 20 16:37:41 2026: Image # 33, module MaskImage # 6: CPU_time = 0.08 secs, Wall_time = 0.08 secs
Thu Aug 20 16:37:41 2026: Image # 33, module MaskImage # 7: CPU_time = 0.09 secs, Wall_time = 0.08 secs
Thu Aug 20 16:37:41 2026: Image # 33, module MaskObjects # 8: CPU_time = 0.45 secs, Wall_time = 0.46 secs
Thu Aug 20 16:37:42 2026: Image # 33, module MeasureObjectIntensity # 9: CPU_time = 4.01 secs, Wall_time = 4.01 secs
Thu Aug 20 16:37:46 2026: Image # 33, module MeasureGranularity # 10: CPU_time = 13.35 secs, Wall_time = 13.34 secs
Thu Aug 20 16:37:59 2026: Image # 33, module MeasureGranularity # 11: CPU_time = 19.27 secs, Wall_time = 19.26 secs
Thu Aug 20 16:38:18 2026: Image # 33, module MeasureObjectIntensityDistribution # 12: CPU_time = 5.07 secs, Wall_time = 5.08 secs
Thu Aug 20 16:38:23 2026: Image # 33, module MeasureObjectIntensityDistribution # 13: CPU_time = 3.99 secs, Wall_time = 3.99 secs
Thu Aug 20 16:38:27 2026: Image # 33, module RescaleIntensity # 14: CPU_time = 0.03 secs, Wall_time = 0.03 secs
Thu Aug 20 16:38:27 2026: Image # 33, module RescaleIntensity # 15: CPU_time = 0.04 secs, Wall_time = 0.03 secs
Thu Aug 20 16:38:27 2026: Image # 33, module MeasureTexture # 16: CPU_time = 6.54 secs, Wall_time = 6.54 secs
Thu Aug 20 16:38:34 2026: Image # 33, module MeasureColocalization # 17: CPU_time = 106.97 secs, Wall_time = 28.66 secs
Thu Aug 20 16:39:03 2026: Image # 33, module ExportToSpreadsheet # 18: CPU_time = 0.00 secs, Wall_time = 0.00 secs
Thu Aug 20 16:39:03 2026: Image # 34, module Images # 1: CPU_time = 0.00 secs, Wall_time = 0.00 secs
Thu Aug 20 16:39:03 2026: Image # 34, module Metadata # 2: CPU_time = 0.00 secs, Wall_time = 0.00 secs
Thu Aug 20 16:39:03 2026: Image # 34, module NamesAndTypes # 3: CPU_time = 5.03 secs, Wall_time = 3.43 secs
Thu Aug 20 16:39:06 2026: Image # 34, module Groups # 4: CPU_time = 0.00 secs, Wall_time = 0.00 secs
Thu Aug 20 16:39:06 2026: Image # 34, module MaskImage # 5: CPU_time = 0.07 secs, Wall_time = 0.08 secs
Thu Aug 20 16:39:06 2026: Image # 34, module MaskImage # 6: CPU_time = 0.08 secs, Wall_time = 0.08 secs
Thu Aug 20 16:39:06 2026: Image # 34, module MaskImage # 7: CPU_time = 0.09 secs, Wall_time = 0.09 secs
Thu Aug 20 16:39:06 2026: Image # 34, module MaskObjects # 8: CPU_time = 0.46 secs, Wall_time = 0.46 secs
Thu Aug 20 16:39:07 2026: Image # 34, module MeasureObjectIntensity # 9: CPU_time = 4.33 secs, Wall_time = 4.33 secs
Thu Aug 20 16:39:11 2026: Image # 34, module MeasureGranularity # 10: CPU_time = 13.46 secs, Wall_time = 13.44 secs
Thu Aug 20 16:39:25 2026: Image # 34, module MeasureGranularity # 11: CPU_time = 20.58 secs, Wall_time = 20.56 secs
Thu Aug 20 16:39:45 2026: Image # 34, module MeasureObjectIntensityDistribution # 12: CPU_time = 5.55 secs, Wall_time = 5.55 secs
Thu Aug 20 16:39:51 2026: Image # 34, module MeasureObjectIntensityDistribution # 13: CPU_time = 4.22 secs, Wall_time = 4.21 secs
Thu Aug 20 16:39:55 2026: Image # 34, module RescaleIntensity # 14: CPU_time = 0.03 secs, Wall_time = 0.03 secs
Thu Aug 20 16:39:55 2026: Image # 34, module RescaleIntensity # 15: CPU_time = 0.04 secs, Wall_time = 0.03 secs
Thu Aug 20 16:39:55 2026: Image # 34, module MeasureTexture # 16: CPU_time = 6.73 secs, Wall_time = 6.73 secs
Thu Aug 20 16:40:02 2026: Image # 34, module MeasureColocalization # 17: CPU_time = 134.38 secs, Wall_time = 35.44 secs
Thu Aug 20 16:40:37 2026: Image # 34, module ExportToSpreadsheet # 18: CPU_time = 0.00 secs, Wall_time = 0.00 secs
Thu Aug 20 16:40:37 2026: Image # 35, module Images # 1: CPU_time = 0.00 secs, Wall_time = 0.00 secs
Thu Aug 20 16:40:37 2026: Image # 35, module Metadata # 2: CPU_time = 0.00 secs, Wall_time = 0.00 secs
Thu Aug 20 16:40:37 2026: Image # 35, module NamesAndTypes # 3: CPU_time = 4.95 secs, Wall_time = 3.70 secs
Thu Aug 20 16:40:41 2026: Image # 35, module Groups # 4: CPU_time = 0.00 secs, Wall_time = 0.00 secs
Thu Aug 20 16:40:41 2026: Image # 35, module MaskImage # 5: CPU_time = 0.07 secs, Wall_time = 0.08 secs
Thu Aug 20 16:40:41 2026: Image # 35, module MaskImage # 6: CPU_time = 0.09 secs, Wall_time = 0.08 secs
Thu Aug 20 16:40:41 2026: Image # 35, module MaskImage # 7: CPU_time = 0.08 secs, Wall_time = 0.09 secs
Thu Aug 20 16:40:41 2026: Image # 35, module MaskObjects # 8: CPU_time = 0.52 secs, Wall_time = 0.51 secs
Thu Aug 20 16:40:42 2026: Image # 35, module MeasureObjectIntensity # 9: CPU_time = 8.32 secs, Wall_time = 8.31 secs
Thu Aug 20 16:40:50 2026: Image # 35, module MeasureGranularity # 10: CPU_time = 15.59 secs, Wall_time = 15.59 secs
Thu Aug 20 16:41:06 2026: Image # 35, module MeasureGranularity # 11: CPU_time = 30.99 secs, Wall_time = 30.96 secs
Thu Aug 20 16:41:37 2026: Image # 35, module MeasureObjectIntensityDistribution # 12: CPU_time = 9.94 secs, Wall_time = 9.93 secs
Thu Aug 20 16:41:46 2026: Image # 35, module MeasureObjectIntensityDistribution # 13: CPU_time = 8.41 secs, Wall_time = 8.39 secs
Thu Aug 20 16:41:55 2026: Image # 35, module RescaleIntensity # 14: CPU_time = 0.03 secs, Wall_time = 0.03 secs
Thu Aug 20 16:41:55 2026: Image # 35, module RescaleIntensity # 15: CPU_time = 0.03 secs, Wall_time = 0.03 secs
Thu Aug 20 16:41:55 2026: Image # 35, module MeasureTexture # 16: CPU_time = 9.08 secs, Wall_time = 9.07 secs
Thu Aug 20 16:42:04 2026: Image # 35, module MeasureColocalization # 17: CPU_time = 30.96 secs, Wall_time = 12.30 secs
Thu Aug 20 16:42:16 2026: Image # 35, module ExportToSpreadsheet # 18: CPU_time = 0.01 secs, Wall_time = 0.00 secs
Thu Aug 20 16:42:16 2026: Image # 36, module Images # 1: CPU_time = 0.00 secs, Wall_time = 0.00 secs
Thu Aug 20 16:42:16 2026: Image # 36, module Metadata # 2: CPU_time = 0.00 secs, Wall_time = 0.00 secs
Thu Aug 20 16:42:16 2026: Image # 36, module NamesAndTypes # 3: CPU_time = 5.17 secs, Wall_time = 3.52 secs
Thu Aug 20 16:42:20 2026: Image # 36, module Groups # 4: CPU_time = 0.00 secs, Wall_time = 0.00 secs
Thu Aug 20 16:42:20 2026: Image # 36, module MaskImage # 5: CPU_time = 0.08 secs, Wall_time = 0.08 secs
Thu Aug 20 16:42:20 2026: Image # 36, module MaskImage # 6: CPU_time = 0.08 secs, Wall_time = 0.08 secs
Thu Aug 20 16:42:20 2026: Image # 36, module MaskImage # 7: CPU_time = 0.09 secs, Wall_time = 0.08 secs
Thu Aug 20 16:42:20 2026: Image # 36, module MaskObjects # 8: CPU_time = 0.47 secs, Wall_time = 0.47 secs
Thu Aug 20 16:42:21 2026: Image # 36, module MeasureObjectIntensity # 9: CPU_time = 5.58 secs, Wall_time = 5.57 secs
Thu Aug 20 16:42:26 2026: Image # 36, module MeasureGranularity # 10: CPU_time = 14.23 secs, Wall_time = 14.22 secs
Thu Aug 20 16:42:40 2026: Image # 36, module MeasureGranularity # 11: CPU_time = 23.14 secs, Wall_time = 23.12 secs
Thu Aug 20 16:43:03 2026: Image # 36, module MeasureObjectIntensityDistribution # 12: CPU_time = 6.93 secs, Wall_time = 6.92 secs
Thu Aug 20 16:43:10 2026: Image # 36, module MeasureObjectIntensityDistribution # 13: CPU_time = 6.05 secs, Wall_time = 6.04 secs
Thu Aug 20 16:43:16 2026: Image # 36, module RescaleIntensity # 14: CPU_time = 0.03 secs, Wall_time = 0.03 secs
Thu Aug 20 16:43:16 2026: Image # 36, module RescaleIntensity # 15: CPU_time = 0.03 secs, Wall_time = 0.03 secs
Thu Aug 20 16:43:17 2026: Image # 36, module MeasureTexture # 16: CPU_time = 7.49 secs, Wall_time = 7.48 secs
Thu Aug 20 16:43:24 2026: Image # 36, module MeasureColocalization # 17: CPU_time = 18.70 secs, Wall_time = 7.00 secs
Thu Aug 20 16:43:31 2026: Image # 36, module ExportToSpreadsheet # 18: CPU_time = 0.00 secs, Wall_time = 0.00 secs
Thu Aug 20 16:43:31 2026: Image # 37, module Images # 1: CPU_time = 0.00 secs, Wall_time = 0.00 secs
Thu Aug 20 16:43:31 2026: Image # 37, module Metadata # 2: CPU_time = 0.00 secs, Wall_time = 0.00 secs
Thu Aug 20 16:43:31 2026: Image # 37, module NamesAndTypes # 3: CPU_time = 4.95 secs, Wall_time = 3.45 secs
Thu Aug 20 16:43:34 2026: Image # 37, module Groups # 4: CPU_time = 0.00 secs, Wall_time = 0.00 secs
Thu Aug 20 16:43:34 2026: Image # 37, module MaskImage # 5: CPU_time = 0.09 secs, Wall_time = 0.08 secs
Thu Aug 20 16:43:35 2026: Image # 37, module MaskImage # 6: CPU_time = 0.08 secs, Wall_time = 0.08 secs
Thu Aug 20 16:43:35 2026: Image # 37, module MaskImage # 7: CPU_time = 0.09 secs, Wall_time = 0.09 secs
Thu Aug 20 16:43:35 2026: Image # 37, module MaskObjects # 8: CPU_time = 0.51 secs, Wall_time = 0.51 secs
Thu Aug 20 16:43:35 2026: Image # 37, module MeasureObjectIntensity # 9: CPU_time = 9.79 secs, Wall_time = 9.78 secs
Thu Aug 20 16:43:45 2026: Image # 37, module MeasureGranularity # 10: CPU_time = 16.54 secs, Wall_time = 16.53 secs
Thu Aug 20 16:44:02 2026: Image # 37, module MeasureGranularity # 11: CPU_time = 35.82 secs, Wall_time = 35.78 secs
Thu Aug 20 16:44:37 2026: Image # 37, module MeasureObjectIntensityDistribution # 12: CPU_time = 11.85 secs, Wall_time = 11.85 secs
Thu Aug 20 16:44:49 2026: Image # 37, module MeasureObjectIntensityDistribution # 13: CPU_time = 10.03 secs, Wall_time = 10.02 secs
Thu Aug 20 16:44:59 2026: Image # 37, module RescaleIntensity # 14: CPU_time = 0.03 secs, Wall_time = 0.03 secs
Thu Aug 20 16:44:59 2026: Image # 37, module RescaleIntensity # 15: CPU_time = 0.04 secs, Wall_time = 0.03 secs
Thu Aug 20 16:44:59 2026: Image # 37, module MeasureTexture # 16: CPU_time = 10.83 secs, Wall_time = 10.83 secs
Thu Aug 20 16:45:10 2026: Image # 37, module MeasureColocalization # 17: CPU_time = 29.85 secs, Wall_time = 13.04 secs
Thu Aug 20 16:45:23 2026: Image # 37, module ExportToSpreadsheet # 18: CPU_time = 0.00 secs, Wall_time = 0.00 secs
Thu Aug 20 16:45:23 2026: Image # 38, module Images # 1: CPU_time = 0.00 secs, Wall_time = 0.00 secs
Thu Aug 20 16:45:23 2026: Image # 38, module Metadata # 2: CPU_time = 0.00 secs, Wall_time = 0.00 secs
Thu Aug 20 16:45:23 2026: Image # 38, module NamesAndTypes # 3: CPU_time = 5.10 secs, Wall_time = 3.64 secs
Thu Aug 20 16:45:27 2026: Image # 38, module Groups # 4: CPU_time = 0.00 secs, Wall_time = 0.00 secs
Thu Aug 20 16:45:27 2026: Image # 38, module MaskImage # 5: CPU_time = 0.07 secs, Wall_time = 0.08 secs
Thu Aug 20 16:45:27 2026: Image # 38, module MaskImage # 6: CPU_time = 0.08 secs, Wall_time = 0.08 secs
Thu Aug 20 16:45:27 2026: Image # 38, module MaskImage # 7: CPU_time = 0.08 secs, Wall_time = 0.08 secs
Thu Aug 20 16:45:27 2026: Image # 38, module MaskObjects # 8: CPU_time = 0.47 secs, Wall_time = 0.47 secs
Thu Aug 20 16:45:28 2026: Image # 38, module MeasureObjectIntensity # 9: CPU_time = 5.45 secs, Wall_time = 5.45 secs
Thu Aug 20 16:45:33 2026: Image # 38, module MeasureGranularity # 10: CPU_time = 14.43 secs, Wall_time = 14.42 secs
Thu Aug 20 16:45:47 2026: Image # 38, module MeasureGranularity # 11: CPU_time = 22.96 secs, Wall_time = 22.94 secs
Thu Aug 20 16:46:10 2026: Image # 38, module MeasureObjectIntensityDistribution # 12: CPU_time = 7.08 secs, Wall_time = 7.07 secs
Thu Aug 20 16:46:17 2026: Image # 38, module MeasureObjectIntensityDistribution # 13: CPU_time = 6.25 secs, Wall_time = 6.25 secs
Thu Aug 20 16:46:24 2026: Image # 38, module RescaleIntensity # 14: CPU_time = 0.03 secs, Wall_time = 0.03 secs
Thu Aug 20 16:46:24 2026: Image # 38, module RescaleIntensity # 15: CPU_time = 0.03 secs, Wall_time = 0.03 secs
Thu Aug 20 16:46:24 2026: Image # 38, module MeasureTexture # 16: CPU_time = 7.28 secs, Wall_time = 7.27 secs
Thu Aug 20 16:46:31 2026: Image # 38, module MeasureColocalization # 17: CPU_time = 26.40 secs, Wall_time = 8.81 secs
Thu Aug 20 16:46:40 2026: Image # 38, module ExportToSpreadsheet # 18: CPU_time = 0.00 secs, Wall_time = 0.00 secs
Thu Aug 20 16:46:40 2026: Image # 39, module Images # 1: CPU_time = 0.00 secs, Wall_time = 0.00 secs
Thu Aug 20 16:46:40 2026: Image # 39, module Metadata # 2: CPU_time = 0.00 secs, Wall_time = 0.00 secs
Thu Aug 20 16:46:40 2026: Image # 39, module NamesAndTypes # 3: CPU_time = 4.74 secs, Wall_time = 3.31 secs
Thu Aug 20 16:46:43 2026: Image # 39, module Groups # 4: CPU_time = 0.00 secs, Wall_time = 0.00 secs
Thu Aug 20 16:46:43 2026: Image # 39, module MaskImage # 5: CPU_time = 0.09 secs, Wall_time = 0.08 secs
Thu Aug 20 16:46:43 2026: Image # 39, module MaskImage # 6: CPU_time = 0.08 secs, Wall_time = 0.08 secs
Thu Aug 20 16:46:43 2026: Image # 39, module MaskImage # 7: CPU_time = 0.09 secs, Wall_time = 0.08 secs
Thu Aug 20 16:46:43 2026: Image # 39, module MaskObjects # 8: CPU_time = 0.50 secs, Wall_time = 0.50 secs
Thu Aug 20 16:46:44 2026: Image # 39, module MeasureObjectIntensity # 9: CPU_time = 7.38 secs, Wall_time = 7.37 secs
Thu Aug 20 16:46:51 2026: Image # 39, module MeasureGranularity # 10: CPU_time = 15.44 secs, Wall_time = 15.42 secs
Thu Aug 20 16:47:07 2026: Image # 39, module MeasureGranularity # 11: CPU_time = 28.40 secs, Wall_time = 28.37 secs
Thu Aug 20 16:47:35 2026: Image # 39, module MeasureObjectIntensityDistribution # 12: CPU_time = 10.79 secs, Wall_time = 10.79 secs
Thu Aug 20 16:47:46 2026: Image # 39, module MeasureObjectIntensityDistribution # 13: CPU_time = 8.25 secs, Wall_time = 8.25 secs
Thu Aug 20 16:47:54 2026: Image # 39, module RescaleIntensity # 14: CPU_time = 0.03 secs, Wall_time = 0.03 secs
Thu Aug 20 16:47:54 2026: Image # 39, module RescaleIntensity # 15: CPU_time = 0.03 secs, Wall_time = 0.03 secs
Thu Aug 20 16:47:54 2026: Image # 39, module MeasureTexture # 16: CPU_time = 12.05 secs, Wall_time = 12.04 secs
Thu Aug 20 16:48:06 2026: Image # 39, module MeasureColocalization # 17: CPU_time = 34.75 secs, Wall_time = 12.06 secs
Thu Aug 20 16:48:18 2026: Image # 39, module ExportToSpreadsheet # 18: CPU_time = 0.00 secs, Wall_time = 0.00 secs
Thu Aug 20 16:48:18 2026: Image # 40, module Images # 1: CPU_time = 0.00 secs, Wall_time = 0.00 secs
Thu Aug 20 16:48:18 2026: Image # 40, module Metadata # 2: CPU_time = 0.00 secs, Wall_time = 0.00 secs
Thu Aug 20 16:48:18 2026: Image # 40, module NamesAndTypes # 3: CPU_time = 4.85 secs, Wall_time = 3.30 secs
Thu Aug 20 16:48:22 2026: Image # 40, module Groups # 4: CPU_time = 0.00 secs, Wall_time = 0.00 secs
Thu Aug 20 16:48:22 2026: Image # 40, module MaskImage # 5: CPU_time = 0.08 secs, Wall_time = 0.08 secs
Thu Aug 20 16:48:22 2026: Image # 40, module MaskImage # 6: CPU_time = 0.07 secs, Wall_time = 0.08 secs
Thu Aug 20 16:48:22 2026: Image # 40, module MaskImage # 7: CPU_time = 0.09 secs, Wall_time = 0.09 secs
Thu Aug 20 16:48:22 2026: Image # 40, module MaskObjects # 8: CPU_time = 0.54 secs, Wall_time = 0.54 secs
Thu Aug 20 16:48:22 2026: Image # 40, module MeasureObjectIntensity # 9: CPU_time = 7.85 secs, Wall_time = 7.85 secs
Thu Aug 20 16:48:30 2026: Image # 40, module MeasureGranularity # 10: CPU_time = 16.55 secs, Wall_time = 16.54 secs
Thu Aug 20 16:48:47 2026: Image # 40, module MeasureGranularity # 11: CPU_time = 30.71 secs, Wall_time = 30.68 secs
Thu Aug 20 16:49:18 2026: Image # 40, module MeasureObjectIntensityDistribution # 12: CPU_time = 11.76 secs, Wall_time = 11.74 secs
Thu Aug 20 16:49:29 2026: Image # 40, module MeasureObjectIntensityDistribution # 13: CPU_time = 8.87 secs, Wall_time = 8.85 secs
Thu Aug 20 16:49:38 2026: Image # 40, module RescaleIntensity # 14: CPU_time = 0.03 secs, Wall_time = 0.03 secs
Thu Aug 20 16:49:38 2026: Image # 40, module RescaleIntensity # 15: CPU_time = 0.04 secs, Wall_time = 0.04 secs
Thu Aug 20 16:49:38 2026: Image # 40, module MeasureTexture # 16: CPU_time = 12.90 secs, Wall_time = 12.88 secs
Thu Aug 20 16:49:51 2026: Image # 40, module MeasureColocalization # 17: CPU_time = 28.12 secs, Wall_time = 10.54 secs
Thu Aug 20 16:50:02 2026: Image # 40, module ExportToSpreadsheet # 18: CPU_time = 0.00 secs, Wall_time = 0.00 secs
Thu Aug 20 16:50:02 2026: Image # 41, module Images # 1: CPU_time = 0.00 secs, Wall_time = 0.00 secs
Thu Aug 20 16:50:02 2026: Image # 41, module Metadata # 2: CPU_time = 0.00 secs, Wall_time = 0.00 secs
Thu Aug 20 16:50:02 2026: Image # 41, module NamesAndTypes # 3: CPU_time = 4.91 secs, Wall_time = 3.44 secs
Thu Aug 20 16:50:05 2026: Image # 41, module Groups # 4: CPU_time = 0.00 secs, Wall_time = 0.00 secs
Thu Aug 20 16:50:05 2026: Image # 41, module MaskImage # 5: CPU_time = 0.08 secs, Wall_time = 0.08 secs
Thu Aug 20 16:50:05 2026: Image # 41, module MaskImage # 6: CPU_time = 0.08 secs, Wall_time = 0.08 secs
Thu Aug 20 16:50:05 2026: Image # 41, module MaskImage # 7: CPU_time = 0.09 secs, Wall_time = 0.09 secs
Thu Aug 20 16:50:05 2026: Image # 41, module MaskObjects # 8: CPU_time = 0.53 secs, Wall_time = 0.52 secs
Thu Aug 20 16:50:06 2026: Image # 41, module MeasureObjectIntensity # 9: CPU_time = 8.78 secs, Wall_time = 8.77 secs
Thu Aug 20 16:50:15 2026: Image # 41, module MeasureGranularity # 10: CPU_time = 16.26 secs, Wall_time = 16.25 secs
Thu Aug 20 16:50:31 2026: Image # 41, module MeasureGranularity # 11: CPU_time = 32.65 secs, Wall_time = 32.61 secs
Thu Aug 20 16:51:04 2026: Image # 41, module MeasureObjectIntensityDistribution # 12: CPU_time = 12.53 secs, Wall_time = 12.52 secs
Thu Aug 20 16:51:16 2026: Image # 41, module MeasureObjectIntensityDistribution # 13: CPU_time = 9.24 secs, Wall_time = 9.23 secs
Thu Aug 20 16:51:25 2026: Image # 41, module RescaleIntensity # 14: CPU_time = 0.03 secs, Wall_time = 0.03 secs
Thu Aug 20 16:51:25 2026: Image # 41, module RescaleIntensity # 15: CPU_time = 0.03 secs, Wall_time = 0.03 secs
Thu Aug 20 16:51:25 2026: Image # 41, module MeasureTexture # 16: CPU_time = 14.03 secs, Wall_time = 14.01 secs
Thu Aug 20 16:51:39 2026: Image # 41, module MeasureColocalization # 17: CPU_time = 23.67 secs, Wall_time = 10.27 secs
Thu Aug 20 16:51:50 2026: Image # 41, module ExportToSpreadsheet # 18: CPU_time = 0.00 secs, Wall_time = 0.00 secs
Thu Aug 20 16:51:50 2026: Image # 42, module Images # 1: CPU_time = 0.00 secs, Wall_time = 0.00 secs
Thu Aug 20 16:51:50 2026: Image # 42, module Metadata # 2: CPU_time = 0.00 secs, Wall_time = 0.00 secs
Thu Aug 20 16:51:50 2026: Image # 42, module NamesAndTypes # 3: CPU_time = 4.70 secs, Wall_time = 3.31 secs
Thu Aug 20 16:51:53 2026: Image # 42, module Groups # 4: CPU_time = 0.00 secs, Wall_time = 0.00 secs
Thu Aug 20 16:51:53 2026: Image # 42, module MaskImage # 5: CPU_time = 0.08 secs, Wall_time = 0.08 secs
Thu Aug 20 16:51:53 2026: Image # 42, module MaskImage # 6: CPU_time = 0.08 secs, Wall_time = 0.08 secs
Thu Aug 20 16:51:53 2026: Image # 42, module MaskImage # 7: CPU_time = 0.08 secs, Wall_time = 0.08 secs
Thu Aug 20 16:51:53 2026: Image # 42, module MaskObjects # 8: CPU_time = 0.52 secs, Wall_time = 0.52 secs
Thu Aug 20 16:51:54 2026: Image # 42, module MeasureObjectIntensity # 9: CPU_time = 8.77 secs, Wall_time = 8.75 secs
Thu Aug 20 16:52:02 2026: Image # 42, module MeasureGranularity # 10: CPU_time = 15.97 secs, Wall_time = 15.96 secs
Thu Aug 20 16:52:18 2026: Image # 42, module MeasureGranularity # 11: CPU_time = 32.91 secs, Wall_time = 32.89 secs
Thu Aug 20 16:52:51 2026: Image # 42, module MeasureObjectIntensityDistribution # 12: CPU_time = 12.49 secs, Wall_time = 12.47 secs
Thu Aug 20 16:53:04 2026: Image # 42, module MeasureObjectIntensityDistribution # 13: CPU_time = 9.31 secs, Wall_time = 9.30 secs
Thu Aug 20 16:53:13 2026: Image # 42, module RescaleIntensity # 14: CPU_time = 0.03 secs, Wall_time = 0.03 secs
Thu Aug 20 16:53:13 2026: Image # 42, module RescaleIntensity # 15: CPU_time = 0.03 secs, Wall_time = 0.03 secs
Thu Aug 20 16:53:13 2026: Image # 42, module MeasureTexture # 16: CPU_time = 13.69 secs, Wall_time = 13.68 secs
Thu Aug 20 16:53:27 2026: Image # 42, module MeasureColocalization # 17: CPU_time = 23.17 secs, Wall_time = 10.40 secs
Thu Aug 20 16:53:37 2026: Image # 42, module ExportToSpreadsheet # 18: CPU_time = 0.00 secs, Wall_time = 0.19 secs
Thu Aug 20 16:53:37 2026: Image # 43, module Images # 1: CPU_time = 0.00 secs, Wall_time = 0.00 secs
Thu Aug 20 16:53:37 2026: Image # 43, module Metadata # 2: CPU_time = 0.00 secs, Wall_time = 0.00 secs
Thu Aug 20 16:53:37 2026: Image # 43, module NamesAndTypes # 3: CPU_time = 4.95 secs, Wall_time = 3.49 secs
Thu Aug 20 16:53:41 2026: Image # 43, module Groups # 4: CPU_time = 0.00 secs, Wall_time = 0.00 secs
Thu Aug 20 16:53:41 2026: Image # 43, module MaskImage # 5: CPU_time = 0.08 secs, Wall_time = 0.08 secs
Thu Aug 20 16:53:41 2026: Image # 43, module MaskImage # 6: CPU_time = 0.08 secs, Wall_time = 0.08 secs
Thu Aug 20 16:53:41 2026: Image # 43, module MaskImage # 7: CPU_time = 0.08 secs, Wall_time = 0.08 secs
Thu Aug 20 16:53:41 2026: Image # 43, module MaskObjects # 8: CPU_time = 0.47 secs, Wall_time = 0.47 secs
Thu Aug 20 16:53:42 2026: Image # 43, module MeasureObjectIntensity # 9: CPU_time = 5.60 secs, Wall_time = 5.58 secs
Thu Aug 20 16:53:47 2026: Image # 43, module MeasureGranularity # 10: CPU_time = 14.58 secs, Wall_time = 14.57 secs
Thu Aug 20 16:54:02 2026: Image # 43, module MeasureGranularity # 11: CPU_time = 23.18 secs, Wall_time = 23.17 secs
Thu Aug 20 16:54:25 2026: Image # 43, module MeasureObjectIntensityDistribution # 12: CPU_time = 8.31 secs, Wall_time = 8.30 secs
Thu Aug 20 16:54:33 2026: Image # 43, module MeasureObjectIntensityDistribution # 13: CPU_time = 7.40 secs, Wall_time = 7.39 secs
Thu Aug 20 16:54:41 2026: Image # 43, module RescaleIntensity # 14: CPU_time = 0.03 secs, Wall_time = 0.03 secs
Thu Aug 20 16:54:41 2026: Image # 43, module RescaleIntensity # 15: CPU_time = 0.03 secs, Wall_time = 0.03 secs
Thu Aug 20 16:54:41 2026: Image # 43, module MeasureTexture # 16: CPU_time = 7.49 secs, Wall_time = 7.48 secs
Thu Aug 20 16:54:48 2026: Image # 43, module MeasureColocalization # 17: CPU_time = 15.43 secs, Wall_time = 6.16 secs
Thu Aug 20 16:54:54 2026: Image # 43, module ExportToSpreadsheet # 18: CPU_time = 0.00 secs, Wall_time = 0.00 secs
Thu Aug 20 16:54:54 2026: Image # 44, module Images # 1: CPU_time = 0.00 secs, Wall_time = 0.00 secs
Thu Aug 20 16:54:54 2026: Image # 44, module Metadata # 2: CPU_time = 0.00 secs, Wall_time = 0.00 secs
Thu Aug 20 16:54:54 2026: Image # 44, module NamesAndTypes # 3: CPU_time = 4.84 secs, Wall_time = 3.25 secs
Thu Aug 20 16:54:58 2026: Image # 44, module Groups # 4: CPU_time = 0.00 secs, Wall_time = 0.00 secs
Thu Aug 20 16:54:58 2026: Image # 44, module MaskImage # 5: CPU_time = 0.08 secs, Wall_time = 0.08 secs
Thu Aug 20 16:54:58 2026: Image # 44, module MaskImage # 6: CPU_time = 0.08 secs, Wall_time = 0.08 secs
Thu Aug 20 16:54:58 2026: Image # 44, module MaskImage # 7: CPU_time = 0.09 secs, Wall_time = 0.08 secs
Thu Aug 20 16:54:58 2026: Image # 44, module MaskObjects # 8: CPU_time = 0.50 secs, Wall_time = 0.50 secs
Thu Aug 20 16:54:58 2026: Image # 44, module MeasureObjectIntensity # 9: CPU_time = 6.89 secs, Wall_time = 6.90 secs
Thu Aug 20 16:55:05 2026: Image # 44, module MeasureGranularity # 10: CPU_time = 15.15 secs, Wall_time = 15.14 secs
Thu Aug 20 16:55:21 2026: Image # 44, module MeasureGranularity # 11: CPU_time = 26.26 secs, Wall_time = 26.24 secs
Thu Aug 20 16:55:47 2026: Image # 44, module MeasureObjectIntensityDistribution # 12: CPU_time = 8.29 secs, Wall_time = 8.28 secs
Thu Aug 20 16:55:55 2026: Image # 44, module MeasureObjectIntensityDistribution # 13: CPU_time = 7.05 secs, Wall_time = 7.04 secs
Thu Aug 20 16:56:02 2026: Image # 44, module RescaleIntensity # 14: CPU_time = 0.03 secs, Wall_time = 0.03 secs
Thu Aug 20 16:56:02 2026: Image # 44, module RescaleIntensity # 15: CPU_time = 0.03 secs, Wall_time = 0.03 secs
Thu Aug 20 16:56:02 2026: Image # 44, module MeasureTexture # 16: CPU_time = 8.50 secs, Wall_time = 8.48 secs
Thu Aug 20 16:56:11 2026: Image # 44, module MeasureColocalization # 17: CPU_time = 34.18 secs, Wall_time = 11.52 secs
Thu Aug 20 16:56:22 2026: Image # 44, module ExportToSpreadsheet # 18: CPU_time = 0.00 secs, Wall_time = 0.00 secs
Thu Aug 20 16:56:22 2026: Image # 45, module Images # 1: CPU_time = 0.00 secs, Wall_time = 0.00 secs
Thu Aug 20 16:56:22 2026: Image # 45, module Metadata # 2: CPU_time = 0.00 secs, Wall_time = 0.00 secs
Thu Aug 20 16:56:22 2026: Image # 45, module NamesAndTypes # 3: CPU_time = 4.80 secs, Wall_time = 3.19 secs
Thu Aug 20 16:56:25 2026: Image # 45, module Groups # 4: CPU_time = 0.00 secs, Wall_time = 0.00 secs
Thu Aug 20 16:56:25 2026: Image # 45, module MaskImage # 5: CPU_time = 0.08 secs, Wall_time = 0.08 secs
Thu Aug 20 16:56:25 2026: Image # 45, module MaskImage # 6: CPU_time = 0.08 secs, Wall_time = 0.08 secs
Thu Aug 20 16:56:26 2026: Image # 45, module MaskImage # 7: CPU_time = 0.09 secs, Wall_time = 0.08 secs
Thu Aug 20 16:56:26 2026: Image # 45, module MaskObjects # 8: CPU_time = 0.46 secs, Wall_time = 0.46 secs
Thu Aug 20 16:56:26 2026: Image # 45, module MeasureObjectIntensity # 9: CPU_time = 4.69 secs, Wall_time = 4.68 secs
Thu Aug 20 16:56:31 2026: Image # 45, module MeasureGranularity # 10: CPU_time = 14.14 secs, Wall_time = 14.13 secs
Thu Aug 20 16:56:45 2026: Image # 45, module MeasureGranularity # 11: CPU_time = 20.96 secs, Wall_time = 20.95 secs
Thu Aug 20 16:57:06 2026: Image # 45, module MeasureObjectIntensityDistribution # 12: CPU_time = 6.01 secs, Wall_time = 6.01 secs
Thu Aug 20 16:57:12 2026: Image # 45, module MeasureObjectIntensityDistribution # 13: CPU_time = 5.34 secs, Wall_time = 5.34 secs
Thu Aug 20 16:57:17 2026: Image # 45, module RescaleIntensity # 14: CPU_time = 0.03 secs, Wall_time = 0.03 secs
Thu Aug 20 16:57:17 2026: Image # 45, module RescaleIntensity # 15: CPU_time = 0.03 secs, Wall_time = 0.03 secs
Thu Aug 20 16:57:17 2026: Image # 45, module MeasureTexture # 16: CPU_time = 6.58 secs, Wall_time = 6.57 secs
Thu Aug 20 16:57:24 2026: Image # 45, module MeasureColocalization # 17: CPU_time = 13.56 secs, Wall_time = 5.00 secs
Thu Aug 20 16:57:29 2026: Image # 45, module ExportToSpreadsheet # 18: CPU_time = 0.00 secs, Wall_time = 0.00 secs
Thu Aug 20 16:57:29 2026: Image # 46, module Images # 1: CPU_time = 0.00 secs, Wall_time = 0.00 secs
Thu Aug 20 16:57:29 2026: Image # 46, module Metadata # 2: CPU_time = 0.00 secs, Wall_time = 0.00 secs
Thu Aug 20 16:57:29 2026: Image # 46, module NamesAndTypes # 3: CPU_time = 4.93 secs, Wall_time = 3.58 secs
Thu Aug 20 16:57:32 2026: Image # 46, module Groups # 4: CPU_time = 0.00 secs, Wall_time = 0.00 secs
Thu Aug 20 16:57:32 2026: Image # 46, module MaskImage # 5: CPU_time = 0.08 secs, Wall_time = 0.08 secs
Thu Aug 20 16:57:33 2026: Image # 46, module MaskImage # 6: CPU_time = 0.08 secs, Wall_time = 0.08 secs
Thu Aug 20 16:57:33 2026: Image # 46, module MaskImage # 7: CPU_time = 0.08 secs, Wall_time = 0.08 secs
Thu Aug 20 16:57:33 2026: Image # 46, module MaskObjects # 8: CPU_time = 0.48 secs, Wall_time = 0.48 secs
Thu Aug 20 16:57:33 2026: Image # 46, module MeasureObjectIntensity # 9: CPU_time = 4.40 secs, Wall_time = 4.40 secs
Thu Aug 20 16:57:38 2026: Image # 46, module MeasureGranularity # 10: CPU_time = 13.95 secs, Wall_time = 13.93 secs
Thu Aug 20 16:57:52 2026: Image # 46, module MeasureGranularity # 11: CPU_time = 21.65 secs, Wall_time = 21.63 secs
Thu Aug 20 16:58:13 2026: Image # 46, module MeasureObjectIntensityDistribution # 12: CPU_time = 6.37 secs, Wall_time = 6.36 secs
Thu Aug 20 16:58:20 2026: Image # 46, module MeasureObjectIntensityDistribution # 13: CPU_time = 5.69 secs, Wall_time = 5.69 secs
Thu Aug 20 16:58:25 2026: Image # 46, module RescaleIntensity # 14: CPU_time = 0.04 secs, Wall_time = 0.03 secs
Thu Aug 20 16:58:25 2026: Image # 46, module RescaleIntensity # 15: CPU_time = 0.04 secs, Wall_time = 0.04 secs
Thu Aug 20 16:58:25 2026: Image # 46, module MeasureTexture # 16: CPU_time = 6.50 secs, Wall_time = 6.48 secs
Thu Aug 20 16:58:32 2026: Image # 46, module MeasureColocalization # 17: CPU_time = 12.15 secs, Wall_time = 4.61 secs
Thu Aug 20 16:58:36 2026: Image # 46, module ExportToSpreadsheet # 18: CPU_time = 0.00 secs, Wall_time = 0.00 secs
Thu Aug 20 16:58:36 2026: Image # 47, module Images # 1: CPU_time = 0.00 secs, Wall_time = 0.00 secs
Thu Aug 20 16:58:36 2026: Image # 47, module Metadata # 2: CPU_time = 0.00 secs, Wall_time = 0.00 secs
Thu Aug 20 16:58:36 2026: Image # 47, module NamesAndTypes # 3: CPU_time = 5.11 secs, Wall_time = 3.73 secs
Thu Aug 20 16:58:40 2026: Image # 47, module Groups # 4: CPU_time = 0.00 secs, Wall_time = 0.00 secs
Thu Aug 20 16:58:40 2026: Image # 47, module MaskImage # 5: CPU_time = 0.07 secs, Wall_time = 0.08 secs
Thu Aug 20 16:58:40 2026: Image # 47, module MaskImage # 6: CPU_time = 0.08 secs, Wall_time = 0.08 secs
Thu Aug 20 16:58:40 2026: Image # 47, module MaskImage # 7: CPU_time = 0.08 secs, Wall_time = 0.08 secs
Thu Aug 20 16:58:40 2026: Image # 47, module MaskObjects # 8: CPU_time = 0.51 secs, Wall_time = 0.51 secs
Thu Aug 20 16:58:41 2026: Image # 47, module MeasureObjectIntensity # 9: CPU_time = 4.15 secs, Wall_time = 4.13 secs
Thu Aug 20 16:58:45 2026: Image # 47, module MeasureGranularity # 10: CPU_time = 14.03 secs, Wall_time = 14.02 secs
Thu Aug 20 16:58:59 2026: Image # 47, module MeasureGranularity # 11: CPU_time = 20.60 secs, Wall_time = 20.58 secs
Thu Aug 20 16:59:20 2026: Image # 47, module MeasureObjectIntensityDistribution # 12: CPU_time = 6.23 secs, Wall_time = 6.22 secs
Thu Aug 20 16:59:26 2026: Image # 47, module MeasureObjectIntensityDistribution # 13: CPU_time = 5.49 secs, Wall_time = 5.49 secs
Thu Aug 20 16:59:31 2026: Image # 47, module RescaleIntensity # 14: CPU_time = 0.05 secs, Wall_time = 0.04 secs
Thu Aug 20 16:59:31 2026: Image # 47, module RescaleIntensity # 15: CPU_time = 0.04 secs, Wall_time = 0.04 secs
Thu Aug 20 16:59:31 2026: Image # 47, module MeasureTexture # 16: CPU_time = 6.25 secs, Wall_time = 6.24 secs
Thu Aug 20 16:59:38 2026: Image # 47, module MeasureColocalization # 17: CPU_time = 18.62 secs, Wall_time = 5.90 secs
Thu Aug 20 16:59:44 2026: Image # 47, module ExportToSpreadsheet # 18: CPU_time = 0.00 secs, Wall_time = 0.00 secs
Thu Aug 20 16:59:44 2026: Image # 48, module Images # 1: CPU_time = 0.00 secs, Wall_time = 0.00 secs
Thu Aug 20 16:59:44 2026: Image # 48, module Metadata # 2: CPU_time = 0.00 secs, Wall_time = 0.00 secs
Thu Aug 20 16:59:44 2026: Image # 48, module NamesAndTypes # 3: CPU_time = 5.16 secs, Wall_time = 3.52 secs
Thu Aug 20 16:59:47 2026: Image # 48, module Groups # 4: CPU_time = 0.00 secs, Wall_time = 0.00 secs
Thu Aug 20 16:59:47 2026: Image # 48, module MaskImage # 5: CPU_time = 0.07 secs, Wall_time = 0.08 secs
Thu Aug 20 16:59:47 2026: Image # 48, module MaskImage # 6: CPU_time = 0.07 secs, Wall_time = 0.08 secs
Thu Aug 20 16:59:47 2026: Image # 48, module MaskImage # 7: CPU_time = 0.10 secs, Wall_time = 0.09 secs
Thu Aug 20 16:59:47 2026: Image # 48, module MaskObjects # 8: CPU_time = 0.49 secs, Wall_time = 0.48 secs
Thu Aug 20 16:59:48 2026: Image # 48, module MeasureObjectIntensity # 9: CPU_time = 5.21 secs, Wall_time = 5.22 secs
Thu Aug 20 16:59:53 2026: Image # 48, module MeasureGranularity # 10: CPU_time = 14.25 secs, Wall_time = 14.25 secs
Thu Aug 20 17:00:07 2026: Image # 48, module MeasureGranularity # 11: CPU_time = 22.06 secs, Wall_time = 22.03 secs
Thu Aug 20 17:00:29 2026: Image # 48, module MeasureObjectIntensityDistribution # 12: CPU_time = 7.27 secs, Wall_time = 7.27 secs
Thu Aug 20 17:00:37 2026: Image # 48, module MeasureObjectIntensityDistribution # 13: CPU_time = 6.01 secs, Wall_time = 6.00 secs
Thu Aug 20 17:00:43 2026: Image # 48, module RescaleIntensity # 14: CPU_time = 0.03 secs, Wall_time = 0.03 secs
Thu Aug 20 17:00:43 2026: Image # 48, module RescaleIntensity # 15: CPU_time = 0.03 secs, Wall_time = 0.04 secs
Thu Aug 20 17:00:43 2026: Image # 48, module MeasureTexture # 16: CPU_time = 7.07 secs, Wall_time = 7.07 secs
Thu Aug 20 17:00:50 2026: Image # 48, module MeasureColocalization # 17: CPU_time = 49.63 secs, Wall_time = 14.52 secs
Thu Aug 20 17:01:04 2026: Image # 48, module ExportToSpreadsheet # 18: CPU_time = 0.00 secs, Wall_time = 0.02 secs
Thu Aug 20 17:01:04 2026: Image # 49, module Images # 1: CPU_time = 0.00 secs, Wall_time = 0.00 secs
Thu Aug 20 17:01:04 2026: Image # 49, module Metadata # 2: CPU_time = 0.00 secs, Wall_time = 0.00 secs
Thu Aug 20 17:01:04 2026: Image # 49, module NamesAndTypes # 3: CPU_time = 5.13 secs, Wall_time = 3.61 secs
Thu Aug 20 17:01:08 2026: Image # 49, module Groups # 4: CPU_time = 0.00 secs, Wall_time = 0.00 secs
Thu Aug 20 17:01:08 2026: Image # 49, module MaskImage # 5: CPU_time = 0.08 secs, Wall_time = 0.08 secs
Thu Aug 20 17:01:08 2026: Image # 49, module MaskImage # 6: CPU_time = 0.08 secs, Wall_time = 0.08 secs
Thu Aug 20 17:01:08 2026: Image # 49, module MaskImage # 7: CPU_time = 0.10 secs, Wall_time = 0.09 secs
Thu Aug 20 17:01:08 2026: Image # 49, module MaskObjects # 8: CPU_time = 0.48 secs, Wall_time = 0.47 secs
Thu Aug 20 17:01:09 2026: Image # 49, module MeasureObjectIntensity # 9: CPU_time = 6.01 secs, Wall_time = 6.01 secs
Thu Aug 20 17:01:15 2026: Image # 49, module MeasureGranularity # 10: CPU_time = 14.87 secs, Wall_time = 14.85 secs
Thu Aug 20 17:01:30 2026: Image # 49, module MeasureGranularity # 11: CPU_time = 24.41 secs, Wall_time = 24.40 secs
Thu Aug 20 17:01:54 2026: Image # 49, module MeasureObjectIntensityDistribution # 12: CPU_time = 7.42 secs, Wall_time = 7.41 secs
Thu Aug 20 17:02:01 2026: Image # 49, module MeasureObjectIntensityDistribution # 13: CPU_time = 6.04 secs, Wall_time = 6.04 secs
Thu Aug 20 17:02:07 2026: Image # 49, module RescaleIntensity # 14: CPU_time = 0.03 secs, Wall_time = 0.03 secs
Thu Aug 20 17:02:08 2026: Image # 49, module RescaleIntensity # 15: CPU_time = 0.03 secs, Wall_time = 0.03 secs
Thu Aug 20 17:02:08 2026: Image # 49, module MeasureTexture # 16: CPU_time = 7.46 secs, Wall_time = 7.45 secs
Thu Aug 20 17:02:15 2026: Image # 49, module MeasureColocalization # 17: CPU_time = 40.25 secs, Wall_time = 12.87 secs
Thu Aug 20 17:02:28 2026: Image # 49, module ExportToSpreadsheet # 18: CPU_time = 0.00 secs, Wall_time = 0.00 secs
Thu Aug 20 17:02:28 2026: Image # 50, module Images # 1: CPU_time = 0.00 secs, Wall_time = 0.00 secs
Thu Aug 20 17:02:28 2026: Image # 50, module Metadata # 2: CPU_time = 0.00 secs, Wall_time = 0.00 secs
Thu Aug 20 17:02:28 2026: Image # 50, module NamesAndTypes # 3: CPU_time = 5.06 secs, Wall_time = 3.54 secs
Thu Aug 20 17:02:31 2026: Image # 50, module Groups # 4: CPU_time = 0.00 secs, Wall_time = 0.00 secs
Thu Aug 20 17:02:31 2026: Image # 50, module MaskImage # 5: CPU_time = 0.08 secs, Wall_time = 0.08 secs
Thu Aug 20 17:02:32 2026: Image # 50, module MaskImage # 6: CPU_time = 0.07 secs, Wall_time = 0.08 secs
Thu Aug 20 17:02:32 2026: Image # 50, module MaskImage # 7: CPU_time = 0.09 secs, Wall_time = 0.09 secs
Thu Aug 20 17:02:32 2026: Image # 50, module MaskObjects # 8: CPU_time = 0.46 secs, Wall_time = 0.46 secs
Thu Aug 20 17:02:32 2026: Image # 50, module MeasureObjectIntensity # 9: CPU_time = 5.88 secs, Wall_time = 5.88 secs
Thu Aug 20 17:02:38 2026: Image # 50, module MeasureGranularity # 10: CPU_time = 14.62 secs, Wall_time = 14.62 secs
Thu Aug 20 17:02:53 2026: Image # 50, module MeasureGranularity # 11: CPU_time = 23.19 secs, Wall_time = 23.17 secs
Thu Aug 20 17:03:16 2026: Image # 50, module MeasureObjectIntensityDistribution # 12: CPU_time = 7.52 secs, Wall_time = 7.52 secs
Thu Aug 20 17:03:23 2026: Image # 50, module MeasureObjectIntensityDistribution # 13: CPU_time = 6.06 secs, Wall_time = 6.05 secs
Thu Aug 20 17:03:29 2026: Image # 50, module RescaleIntensity # 14: CPU_time = 0.03 secs, Wall_time = 0.03 secs
Thu Aug 20 17:03:29 2026: Image # 50, module RescaleIntensity # 15: CPU_time = 0.03 secs, Wall_time = 0.03 secs
Thu Aug 20 17:03:29 2026: Image # 50, module MeasureTexture # 16: CPU_time = 7.54 secs, Wall_time = 7.53 secs
Thu Aug 20 17:03:37 2026: Image # 50, module MeasureColocalization # 17: CPU_time = 33.09 secs, Wall_time = 10.73 secs
Thu Aug 20 17:03:48 2026: Image # 50, module ExportToSpreadsheet # 18: CPU_time = 0.00 secs, Wall_time = 0.00 secs
