Times reported are CPU and Wall-clock times for each module
Thu Aug 20 10:11:06 2026: Image # 1, module Images # 1: CPU_time = 0.00 secs, Wall_time = 0.00 secs
Thu Aug 20 10:11:06 2026: Image # 1, module Metadata # 2: CPU_time = 0.00 secs, Wall_time = 0.00 secs
Thu Aug 20 10:11:06 2026: Image # 1, module NamesAndTypes # 3: CPU_time = 5.00 secs, Wall_time = 4.09 secs
Thu Aug 20 10:11:10 2026: Image # 1, module Groups # 4: CPU_time = 0.00 secs, Wall_time = 0.00 secs
Thu Aug 20 10:11:10 2026: Image # 1, module MaskImage # 5: CPU_time = 0.09 secs, Wall_time = 0.09 secs
Thu Aug 20 10:11:10 2026: Image # 1, module MaskImage # 6: CPU_time = 0.08 secs, Wall_time = 0.08 secs
Thu Aug 20 10:11:10 2026: Image # 1, module MaskImage # 7: CPU_time = 0.17 secs, Wall_time = 0.09 secs
Thu Aug 20 10:11:10 2026: Image # 1, module MaskObjects # 8: CPU_time = 0.69 secs, Wall_time = 0.50 secs
Thu Aug 20 10:11:11 2026: Image # 1, module MeasureObjectIntensity # 9: CPU_time = 7.27 secs, Wall_time = 7.26 secs
Thu Aug 20 10:11:18 2026: Image # 1, module MeasureGranularity # 10: CPU_time = 26.74 secs, Wall_time = 26.72 secs
Thu Aug 20 10:11:45 2026: Image # 1, module MeasureObjectIntensityDistribution # 11: CPU_time = 8.00 secs, Wall_time = 8.01 secs
Thu Aug 20 10:11:53 2026: Image # 1, module MeasureObjectIntensityDistribution # 12: CPU_time = 7.24 secs, Wall_time = 7.23 secs
Thu Aug 20 10:12:00 2026: Image # 1, module MeasureTexture # 13: CPU_time = 2.41 secs, Wall_time = 2.17 secs
Thu Aug 20 10:12:02 2026: Image # 1, module MeasureColocalization # 14: CPU_time = 1130.70 secs, Wall_time = 293.04 secs
Thu Aug 20 10:16:55 2026: Image # 1, module ExportToSpreadsheet # 15: CPU_time = 0.00 secs, Wall_time = 0.00 secs
Thu Aug 20 10:16:55 2026: Image # 2, module Images # 1: CPU_time = 0.00 secs, Wall_time = 0.00 secs
Thu Aug 20 10:16:55 2026: Image # 2, module Metadata # 2: CPU_time = 0.00 secs, Wall_time = 0.00 secs
Thu Aug 20 10:16:55 2026: Image # 2, module NamesAndTypes # 3: CPU_time = 4.41 secs, Wall_time = 4.63 secs
Thu Aug 20 10:17:00 2026: Image # 2, module Groups # 4: CPU_time = 0.00 secs, Wall_time = 0.00 secs
Thu Aug 20 10:17:00 2026: Image # 2, module MaskImage # 5: CPU_time = 0.09 secs, Wall_time = 0.09 secs
Thu Aug 20 10:17:00 2026: Image # 2, module MaskImage # 6: CPU_time = 0.09 secs, Wall_time = 0.08 secs
Thu Aug 20 10:17:00 2026: Image # 2, module MaskImage # 7: CPU_time = 0.18 secs, Wall_time = 0.08 secs
Thu Aug 20 10:17:00 2026: Image # 2, module MaskObjects # 8: CPU_time = 0.78 secs, Wall_time = 0.53 secs
Thu Aug 20 10:17:01 2026: Image # 2, module MeasureObjectIntensity # 9: CPU_time = 11.86 secs, Wall_time = 11.85 secs
Thu Aug 20 10:17:12 2026: Image # 2, module MeasureGranularity # 10: CPU_time = 36.21 secs, Wall_time = 36.18 secs
Thu Aug 20 10:17:49 2026: Image # 2, module MeasureObjectIntensityDistribution # 11: CPU_time = 11.78 secs, Wall_time = 11.77 secs
Thu Aug 20 10:18:00 2026: Image # 2, module MeasureObjectIntensityDistribution # 12: CPU_time = 10.03 secs, Wall_time = 10.01 secs
Thu Aug 20 10:18:10 2026: Image # 2, module MeasureTexture # 13: CPU_time = 3.00 secs, Wall_time = 3.00 secs
Thu Aug 20 10:18:13 2026: Image # 2, module MeasureColocalization # 14: CPU_time = 571.15 secs, Wall_time = 181.67 secs
Thu Aug 20 10:21:15 2026: Image # 2, module ExportToSpreadsheet # 15: CPU_time = 0.00 secs, Wall_time = 0.00 secs
Thu Aug 20 10:21:15 2026: Image # 3, module Images # 1: CPU_time = 0.00 secs, Wall_time = 0.00 secs
Thu Aug 20 10:21:15 2026: Image # 3, module Metadata # 2: CPU_time = 0.00 secs, Wall_time = 0.00 secs
Thu Aug 20 10:21:15 2026: Image # 3, module NamesAndTypes # 3: CPU_time = 4.33 secs, Wall_time = 3.59 secs
Thu Aug 20 10:21:19 2026: Image # 3, module Groups # 4: CPU_time = 0.00 secs, Wall_time = 0.00 secs
Thu Aug 20 10:21:19 2026: Image # 3, module MaskImage # 5: CPU_time = 0.08 secs, Wall_time = 0.09 secs
Thu Aug 20 10:21:19 2026: Image # 3, module MaskImage # 6: CPU_time = 0.08 secs, Wall_time = 0.08 secs
Thu Aug 20 10:21:19 2026: Image # 3, module MaskImage # 7: CPU_time = 0.17 secs, Wall_time = 0.09 secs
Thu Aug 20 10:21:19 2026: Image # 3, module MaskObjects # 8: CPU_time = 0.79 secs, Wall_time = 0.55 secs
Thu Aug 20 10:21:19 2026: Image # 3, module MeasureObjectIntensity # 9: CPU_time = 12.62 secs, Wall_time = 12.61 secs
Thu Aug 20 10:21:32 2026: Image # 3, module MeasureGranularity # 10: CPU_time = 36.84 secs, Wall_time = 36.82 secs
Thu Aug 20 10:22:09 2026: Image # 3, module MeasureObjectIntensityDistribution # 11: CPU_time = 11.22 secs, Wall_time = 11.22 secs
Thu Aug 20 10:22:20 2026: Image # 3, module MeasureObjectIntensityDistribution # 12: CPU_time = 10.37 secs, Wall_time = 10.36 secs
Thu Aug 20 10:22:31 2026: Image # 3, module MeasureTexture # 13: CPU_time = 3.17 secs, Wall_time = 3.16 secs
Thu Aug 20 10:22:34 2026: Image # 3, module MeasureColocalization # 14: CPU_time = 460.67 secs, Wall_time = 152.61 secs
Thu Aug 20 10:25:06 2026: Image # 3, module ExportToSpreadsheet # 15: CPU_time = 0.00 secs, Wall_time = 0.00 secs
Thu Aug 20 10:25:06 2026: Image # 4, module Images # 1: CPU_time = 0.00 secs, Wall_time = 0.00 secs
Thu Aug 20 10:25:06 2026: Image # 4, module Metadata # 2: CPU_time = 0.00 secs, Wall_time = 0.00 secs
Thu Aug 20 10:25:06 2026: Image # 4, module NamesAndTypes # 3: CPU_time = 4.21 secs, Wall_time = 4.01 secs
Thu Aug 20 10:25:10 2026: Image # 4, module Groups # 4: CPU_time = 0.00 secs, Wall_time = 0.00 secs
Thu Aug 20 10:25:10 2026: Image # 4, module MaskImage # 5: CPU_time = 0.09 secs, Wall_time = 0.09 secs
Thu Aug 20 10:25:10 2026: Image # 4, module MaskImage # 6: CPU_time = 0.07 secs, Wall_time = 0.08 secs
Thu Aug 20 10:25:10 2026: Image # 4, module MaskImage # 7: CPU_time = 0.17 secs, Wall_time = 0.09 secs
Thu Aug 20 10:25:11 2026: Image # 4, module MaskObjects # 8: CPU_time = 0.70 secs, Wall_time = 0.49 secs
Thu Aug 20 10:25:11 2026: Image # 4, module MeasureObjectIntensity # 9: CPU_time = 6.23 secs, Wall_time = 6.23 secs
Thu Aug 20 10:25:17 2026: Image # 4, module MeasureGranularity # 10: CPU_time = 27.09 secs, Wall_time = 27.06 secs
Thu Aug 20 10:25:44 2026: Image # 4, module MeasureObjectIntensityDistribution # 11: CPU_time = 6.71 secs, Wall_time = 6.71 secs
Thu Aug 20 10:25:51 2026: Image # 4, module MeasureObjectIntensityDistribution # 12: CPU_time = 6.10 secs, Wall_time = 6.09 secs
Thu Aug 20 10:25:57 2026: Image # 4, module MeasureTexture # 13: CPU_time = 1.96 secs, Wall_time = 1.97 secs
Thu Aug 20 10:25:59 2026: Image # 4, module MeasureColocalization # 14: CPU_time = 336.45 secs, Wall_time = 89.77 secs
Thu Aug 20 10:27:29 2026: Image # 4, module ExportToSpreadsheet # 15: CPU_time = 0.00 secs, Wall_time = 0.00 secs
Thu Aug 20 10:27:29 2026: Image # 5, module Images # 1: CPU_time = 0.00 secs, Wall_time = 0.00 secs
Thu Aug 20 10:27:29 2026: Image # 5, module Metadata # 2: CPU_time = 0.00 secs, Wall_time = 0.00 secs
Thu Aug 20 10:27:29 2026: Image # 5, module NamesAndTypes # 3: CPU_time = 4.12 secs, Wall_time = 4.09 secs
Thu Aug 20 10:27:33 2026: Image # 5, module Groups # 4: CPU_time = 0.00 secs, Wall_time = 0.00 secs
Thu Aug 20 10:27:33 2026: Image # 5, module MaskImage # 5: CPU_time = 0.07 secs, Wall_time = 0.07 secs
Thu Aug 20 10:27:33 2026: Image # 5, module MaskImage # 6: CPU_time = 0.08 secs, Wall_time = 0.08 secs
Thu Aug 20 10:27:33 2026: Image # 5, module MaskImage # 7: CPU_time = 0.15 secs, Wall_time = 0.08 secs
Thu Aug 20 10:27:33 2026: Image # 5, module MaskObjects # 8: CPU_time = 0.71 secs, Wall_time = 0.48 secs
Thu Aug 20 10:27:34 2026: Image # 5, module MeasureObjectIntensity # 9: CPU_time = 8.46 secs, Wall_time = 8.45 secs
Thu Aug 20 10:27:42 2026: Image # 5, module MeasureGranularity # 10: CPU_time = 33.24 secs, Wall_time = 33.20 secs
Thu Aug 20 10:28:15 2026: Image # 5, module MeasureObjectIntensityDistribution # 11: CPU_time = 7.96 secs, Wall_time = 7.95 secs
Thu Aug 20 10:28:23 2026: Image # 5, module MeasureObjectIntensityDistribution # 12: CPU_time = 7.02 secs, Wall_time = 7.02 secs
Thu Aug 20 10:28:30 2026: Image # 5, module MeasureTexture # 13: CPU_time = 2.28 secs, Wall_time = 2.28 secs
Thu Aug 20 10:28:33 2026: Image # 5, module MeasureColocalization # 14: CPU_time = 592.71 secs, Wall_time = 160.05 secs
Thu Aug 20 10:31:13 2026: Image # 5, module ExportToSpreadsheet # 15: CPU_time = 0.00 secs, Wall_time = 0.00 secs
Thu Aug 20 10:31:13 2026: Image # 6, module Images # 1: CPU_time = 0.00 secs, Wall_time = 0.00 secs
Thu Aug 20 10:31:13 2026: Image # 6, module Metadata # 2: CPU_time = 0.00 secs, Wall_time = 0.00 secs
Thu Aug 20 10:31:13 2026: Image # 6, module NamesAndTypes # 3: CPU_time = 3.76 secs, Wall_time = 3.58 secs
Thu Aug 20 10:31:16 2026: Image # 6, module Groups # 4: CPU_time = 0.00 secs, Wall_time = 0.00 secs
Thu Aug 20 10:31:16 2026: Image # 6, module MaskImage # 5: CPU_time = 0.08 secs, Wall_time = 0.08 secs
Thu Aug 20 10:31:16 2026: Image # 6, module MaskImage # 6: CPU_time = 0.08 secs, Wall_time = 0.07 secs
Thu Aug 20 10:31:16 2026: Image # 6, module MaskImage # 7: CPU_time = 0.15 secs, Wall_time = 0.08 secs
Thu Aug 20 10:31:17 2026: Image # 6, module MaskObjects # 8: CPU_time = 0.71 secs, Wall_time = 0.48 secs
Thu Aug 20 10:31:17 2026: Image # 6, module MeasureObjectIntensity # 9: CPU_time = 5.22 secs, Wall_time = 5.22 secs
Thu Aug 20 10:31:22 2026: Image # 6, module MeasureGranularity # 10: CPU_time = 27.19 secs, Wall_time = 27.18 secs
Thu Aug 20 10:31:49 2026: Image # 6, module MeasureObjectIntensityDistribution # 11: CPU_time = 5.83 secs, Wall_time = 5.83 secs
Thu Aug 20 10:31:55 2026: Image # 6, module MeasureObjectIntensityDistribution # 12: CPU_time = 5.31 secs, Wall_time = 5.31 secs
Thu Aug 20 10:32:01 2026: Image # 6, module MeasureTexture # 13: CPU_time = 1.92 secs, Wall_time = 1.91 secs
Thu Aug 20 10:32:02 2026: Image # 6, module MeasureColocalization # 14: CPU_time = 217.04 secs, Wall_time = 57.71 secs
Thu Aug 20 10:33:00 2026: Image # 6, module ExportToSpreadsheet # 15: CPU_time = 0.00 secs, Wall_time = 0.00 secs
Thu Aug 20 10:33:00 2026: Image # 7, module Images # 1: CPU_time = 0.00 secs, Wall_time = 0.00 secs
Thu Aug 20 10:33:00 2026: Image # 7, module Metadata # 2: CPU_time = 0.00 secs, Wall_time = 0.00 secs
Thu Aug 20 10:33:00 2026: Image # 7, module NamesAndTypes # 3: CPU_time = 3.86 secs, Wall_time = 3.81 secs
Thu Aug 20 10:33:04 2026: Image # 7, module Groups # 4: CPU_time = 0.00 secs, Wall_time = 0.00 secs
Thu Aug 20 10:33:04 2026: Image # 7, module MaskImage # 5: CPU_time = 0.08 secs, Wall_time = 0.08 secs
Thu Aug 20 10:33:04 2026: Image # 7, module MaskImage # 6: CPU_time = 0.08 secs, Wall_time = 0.08 secs
Thu Aug 20 10:33:04 2026: Image # 7, module MaskImage # 7: CPU_time = 0.20 secs, Wall_time = 0.11 secs
Thu Aug 20 10:33:04 2026: Image # 7, module MaskObjects # 8: CPU_time = 0.76 secs, Wall_time = 0.52 secs
Thu Aug 20 10:33:05 2026: Image # 7, module MeasureObjectIntensity # 9: CPU_time = 8.30 secs, Wall_time = 8.29 secs
Thu Aug 20 10:33:13 2026: Image # 7, module MeasureGranularity # 10: CPU_time = 33.17 secs, Wall_time = 33.15 secs
Thu Aug 20 10:33:46 2026: Image # 7, module MeasureObjectIntensityDistribution # 11: CPU_time = 9.65 secs, Wall_time = 9.65 secs
Thu Aug 20 10:33:56 2026: Image # 7, module MeasureObjectIntensityDistribution # 12: CPU_time = 7.07 secs, Wall_time = 7.07 secs
Thu Aug 20 10:34:03 2026: Image # 7, module MeasureTexture # 13: CPU_time = 3.46 secs, Wall_time = 3.46 secs
Thu Aug 20 10:34:06 2026: Image # 7, module MeasureColocalization # 14: CPU_time = 661.86 secs, Wall_time = 183.37 secs
Thu Aug 20 10:37:10 2026: Image # 7, module ExportToSpreadsheet # 15: CPU_time = 0.00 secs, Wall_time = 0.00 secs
Thu Aug 20 10:37:10 2026: Image # 8, module Images # 1: CPU_time = 0.00 secs, Wall_time = 0.00 secs
Thu Aug 20 10:37:10 2026: Image # 8, module Metadata # 2: CPU_time = 0.00 secs, Wall_time = 0.00 secs
Thu Aug 20 10:37:10 2026: Image # 8, module NamesAndTypes # 3: CPU_time = 4.50 secs, Wall_time = 4.08 secs
Thu Aug 20 10:37:14 2026: Image # 8, module Groups # 4: CPU_time = 0.00 secs, Wall_time = 0.00 secs
Thu Aug 20 10:37:14 2026: Image # 8, module MaskImage # 5: CPU_time = 0.08 secs, Wall_time = 0.08 secs
Thu Aug 20 10:37:14 2026: Image # 8, module MaskImage # 6: CPU_time = 0.08 secs, Wall_time = 0.08 secs
Thu Aug 20 10:37:14 2026: Image # 8, module MaskImage # 7: CPU_time = 0.19 secs, Wall_time = 0.10 secs
Thu Aug 20 10:37:14 2026: Image # 8, module MaskObjects # 8: CPU_time = 0.79 secs, Wall_time = 0.55 secs
Thu Aug 20 10:37:15 2026: Image # 8, module MeasureObjectIntensity # 9: CPU_time = 9.40 secs, Wall_time = 9.40 secs
Thu Aug 20 10:37:24 2026: Image # 8, module MeasureGranularity # 10: CPU_time = 29.02 secs, Wall_time = 28.99 secs
Thu Aug 20 10:37:53 2026: Image # 8, module MeasureObjectIntensityDistribution # 11: CPU_time = 10.06 secs, Wall_time = 10.06 secs
Thu Aug 20 10:38:03 2026: Image # 8, module MeasureObjectIntensityDistribution # 12: CPU_time = 7.98 secs, Wall_time = 7.98 secs
Thu Aug 20 10:38:11 2026: Image # 8, module MeasureTexture # 13: CPU_time = 3.64 secs, Wall_time = 3.63 secs
Thu Aug 20 10:38:15 2026: Image # 8, module MeasureColocalization # 14: CPU_time = 785.14 secs, Wall_time = 249.11 secs
Thu Aug 20 10:42:24 2026: Image # 8, module ExportToSpreadsheet # 15: CPU_time = 0.00 secs, Wall_time = 0.00 secs
Thu Aug 20 10:42:24 2026: Image # 9, module Images # 1: CPU_time = 0.00 secs, Wall_time = 0.00 secs
Thu Aug 20 10:42:24 2026: Image # 9, module Metadata # 2: CPU_time = 0.00 secs, Wall_time = 0.00 secs
Thu Aug 20 10:42:24 2026: Image # 9, module NamesAndTypes # 3: CPU_time = 4.08 secs, Wall_time = 3.42 secs
Thu Aug 20 10:42:27 2026: Image # 9, module Groups # 4: CPU_time = 0.00 secs, Wall_time = 0.00 secs
Thu Aug 20 10:42:27 2026: Image # 9, module MaskImage # 5: CPU_time = 0.08 secs, Wall_time = 0.08 secs
Thu Aug 20 10:42:27 2026: Image # 9, module MaskImage # 6: CPU_time = 0.09 secs, Wall_time = 0.08 secs
Thu Aug 20 10:42:28 2026: Image # 9, module MaskImage # 7: CPU_time = 0.15 secs, Wall_time = 0.08 secs
Thu Aug 20 10:42:28 2026: Image # 9, module MaskObjects # 8: CPU_time = 0.74 secs, Wall_time = 0.53 secs
Thu Aug 20 10:42:28 2026: Image # 9, module MeasureObjectIntensity # 9: CPU_time = 10.69 secs, Wall_time = 10.67 secs
Thu Aug 20 10:42:39 2026: Image # 9, module MeasureGranularity # 10: CPU_time = 37.76 secs, Wall_time = 37.72 secs
Thu Aug 20 10:43:17 2026: Image # 9, module MeasureObjectIntensityDistribution # 11: CPU_time = 13.07 secs, Wall_time = 13.05 secs
Thu Aug 20 10:43:30 2026: Image # 9, module MeasureObjectIntensityDistribution # 12: CPU_time = 8.88 secs, Wall_time = 8.88 secs
Thu Aug 20 10:43:38 2026: Image # 9, module MeasureTexture # 13: CPU_time = 4.22 secs, Wall_time = 4.21 secs
Thu Aug 20 10:43:43 2026: Image # 9, module MeasureColocalization # 14: CPU_time = 754.88 secs, Wall_time = 232.61 secs
Thu Aug 20 10:47:35 2026: Image # 9, module ExportToSpreadsheet # 15: CPU_time = 0.00 secs, Wall_time = 0.00 secs
Thu Aug 20 10:47:35 2026: Image # 10, module Images # 1: CPU_time = 0.00 secs, Wall_time = 0.00 secs
Thu Aug 20 10:47:35 2026: Image # 10, module Metadata # 2: CPU_time = 0.00 secs, Wall_time = 0.00 secs
Thu Aug 20 10:47:35 2026: Image # 10, module NamesAndTypes # 3: CPU_time = 4.03 secs, Wall_time = 3.60 secs
Thu Aug 20 10:47:39 2026: Image # 10, module Groups # 4: CPU_time = 0.00 secs, Wall_time = 0.00 secs
Thu Aug 20 10:47:39 2026: Image # 10, module MaskImage # 5: CPU_time = 0.09 secs, Wall_time = 0.08 secs
Thu Aug 20 10:47:39 2026: Image # 10, module MaskImage # 6: CPU_time = 0.08 secs, Wall_time = 0.08 secs
Thu Aug 20 10:47:39 2026: Image # 10, module MaskImage # 7: CPU_time = 0.16 secs, Wall_time = 0.09 secs
Thu Aug 20 10:47:39 2026: Image # 10, module MaskObjects # 8: CPU_time = 0.76 secs, Wall_time = 0.56 secs
Thu Aug 20 10:47:40 2026: Image # 10, module MeasureObjectIntensity # 9: CPU_time = 12.08 secs, Wall_time = 12.08 secs
Thu Aug 20 10:47:52 2026: Image # 10, module MeasureGranularity # 10: CPU_time = 40.98 secs, Wall_time = 40.95 secs
Thu Aug 20 10:48:33 2026: Image # 10, module MeasureObjectIntensityDistribution # 11: CPU_time = 13.98 secs, Wall_time = 13.97 secs
Thu Aug 20 10:48:47 2026: Image # 10, module MeasureObjectIntensityDistribution # 12: CPU_time = 9.79 secs, Wall_time = 9.79 secs
Thu Aug 20 10:48:57 2026: Image # 10, module MeasureTexture # 13: CPU_time = 4.99 secs, Wall_time = 4.41 secs
Thu Aug 20 10:49:01 2026: Image # 10, module MeasureColocalization # 14: CPU_time = 747.30 secs, Wall_time = 245.19 secs
Thu Aug 20 10:53:06 2026: Image # 10, module ExportToSpreadsheet # 15: CPU_time = 0.00 secs, Wall_time = 0.02 secs
Thu Aug 20 10:53:06 2026: Image # 11, module Images # 1: CPU_time = 0.00 secs, Wall_time = 0.00 secs
Thu Aug 20 10:53:06 2026: Image # 11, module Metadata # 2: CPU_time = 0.00 secs, Wall_time = 0.00 secs
Thu Aug 20 10:53:06 2026: Image # 11, module NamesAndTypes # 3: CPU_time = 4.02 secs, Wall_time = 3.76 secs
Thu Aug 20 10:53:10 2026: Image # 11, module Groups # 4: CPU_time = 0.00 secs, Wall_time = 0.00 secs
Thu Aug 20 10:53:10 2026: Image # 11, module MaskImage # 5: CPU_time = 0.08 secs, Wall_time = 0.08 secs
Thu Aug 20 10:53:10 2026: Image # 11, module MaskImage # 6: CPU_time = 0.08 secs, Wall_time = 0.08 secs
Thu Aug 20 10:53:10 2026: Image # 11, module MaskImage # 7: CPU_time = 0.16 secs, Wall_time = 0.09 secs
Thu Aug 20 10:53:10 2026: Image # 11, module MaskObjects # 8: CPU_time = 0.76 secs, Wall_time = 0.56 secs
Thu Aug 20 10:53:11 2026: Image # 11, module MeasureObjectIntensity # 9: CPU_time = 10.25 secs, Wall_time = 10.24 secs
Thu Aug 20 10:53:21 2026: Image # 11, module MeasureGranularity # 10: CPU_time = 35.60 secs, Wall_time = 35.56 secs
Thu Aug 20 10:53:57 2026: Image # 11, module MeasureObjectIntensityDistribution # 11: CPU_time = 11.27 secs, Wall_time = 11.27 secs
Thu Aug 20 10:54:08 2026: Image # 11, module MeasureObjectIntensityDistribution # 12: CPU_time = 8.43 secs, Wall_time = 8.42 secs
Thu Aug 20 10:54:16 2026: Image # 11, module MeasureTexture # 13: CPU_time = 3.71 secs, Wall_time = 3.69 secs
Thu Aug 20 10:54:20 2026: Image # 11, module MeasureColocalization # 14: CPU_time = 813.17 secs, Wall_time = 242.37 secs
Thu Aug 20 10:58:22 2026: Image # 11, module ExportToSpreadsheet # 15: CPU_time = 0.00 secs, Wall_time = 0.00 secs
Thu Aug 20 10:58:22 2026: Image # 12, module Images # 1: CPU_time = 0.00 secs, Wall_time = 0.00 secs
Thu Aug 20 10:58:22 2026: Image # 12, module Metadata # 2: CPU_time = 0.00 secs, Wall_time = 0.00 secs
Thu Aug 20 10:58:22 2026: Image # 12, module NamesAndTypes # 3: CPU_time = 4.04 secs, Wall_time = 3.95 secs
Thu Aug 20 10:58:26 2026: Image # 12, module Groups # 4: CPU_time = 0.00 secs, Wall_time = 0.00 secs
Thu Aug 20 10:58:26 2026: Image # 12, module MaskImage # 5: CPU_time = 0.08 secs, Wall_time = 0.08 secs
Thu Aug 20 10:58:26 2026: Image # 12, module MaskImage # 6: CPU_time = 0.08 secs, Wall_time = 0.08 secs
Thu Aug 20 10:58:27 2026: Image # 12, module MaskImage # 7: CPU_time = 0.23 secs, Wall_time = 0.11 secs
Thu Aug 20 10:58:27 2026: Image # 12, module MaskObjects # 8: CPU_time = 0.91 secs, Wall_time = 0.58 secs
Thu Aug 20 10:58:27 2026: Image # 12, module MeasureObjectIntensity # 9: CPU_time = 7.99 secs, Wall_time = 7.99 secs
Thu Aug 20 10:58:35 2026: Image # 12, module MeasureGranularity # 10: CPU_time = 33.06 secs, Wall_time = 33.04 secs
Thu Aug 20 10:59:08 2026: Image # 12, module MeasureObjectIntensityDistribution # 11: CPU_time = 8.09 secs, Wall_time = 8.08 secs
Thu Aug 20 10:59:16 2026: Image # 12, module MeasureObjectIntensityDistribution # 12: CPU_time = 6.87 secs, Wall_time = 6.86 secs
Thu Aug 20 10:59:23 2026: Image # 12, module MeasureTexture # 13: CPU_time = 3.11 secs, Wall_time = 2.53 secs
Thu Aug 20 10:59:26 2026: Image # 12, module MeasureColocalization # 14: CPU_time = 599.10 secs, Wall_time = 163.54 secs
Thu Aug 20 11:02:09 2026: Image # 12, module ExportToSpreadsheet # 15: CPU_time = 0.00 secs, Wall_time = 0.00 secs
Thu Aug 20 11:02:09 2026: Image # 13, module Images # 1: CPU_time = 0.00 secs, Wall_time = 0.00 secs
Thu Aug 20 11:02:09 2026: Image # 13, module Metadata # 2: CPU_time = 0.00 secs, Wall_time = 0.00 secs
Thu Aug 20 11:02:09 2026: Image # 13, module NamesAndTypes # 3: CPU_time = 3.94 secs, Wall_time = 3.52 secs
Thu Aug 20 11:02:13 2026: Image # 13, module Groups # 4: CPU_time = 0.00 secs, Wall_time = 0.00 secs
Thu Aug 20 11:02:13 2026: Image # 13, module MaskImage # 5: CPU_time = 0.09 secs, Wall_time = 0.09 secs
Thu Aug 20 11:02:13 2026: Image # 13, module MaskImage # 6: CPU_time = 0.08 secs, Wall_time = 0.08 secs
Thu Aug 20 11:02:13 2026: Image # 13, module MaskImage # 7: CPU_time = 0.20 secs, Wall_time = 0.10 secs
Thu Aug 20 11:02:13 2026: Image # 13, module MaskObjects # 8: CPU_time = 0.67 secs, Wall_time = 0.45 secs
Thu Aug 20 11:02:14 2026: Image # 13, module MeasureObjectIntensity # 9: CPU_time = 5.96 secs, Wall_time = 5.95 secs
Thu Aug 20 11:02:19 2026: Image # 13, module MeasureGranularity # 10: CPU_time = 29.22 secs, Wall_time = 29.19 secs
Thu Aug 20 11:02:49 2026: Image # 13, module MeasureObjectIntensityDistribution # 11: CPU_time = 6.97 secs, Wall_time = 6.95 secs
Thu Aug 20 11:02:56 2026: Image # 13, module MeasureObjectIntensityDistribution # 12: CPU_time = 5.86 secs, Wall_time = 5.86 secs
Thu Aug 20 11:03:02 2026: Image # 13, module MeasureTexture # 13: CPU_time = 2.12 secs, Wall_time = 2.12 secs
Thu Aug 20 11:03:04 2026: Image # 13, module MeasureColocalization # 14: CPU_time = 311.67 secs, Wall_time = 84.33 secs
Thu Aug 20 11:04:28 2026: Image # 13, module ExportToSpreadsheet # 15: CPU_time = 0.00 secs, Wall_time = 0.00 secs
Thu Aug 20 11:04:28 2026: Image # 14, module Images # 1: CPU_time = 0.00 secs, Wall_time = 0.00 secs
Thu Aug 20 11:04:28 2026: Image # 14, module Metadata # 2: CPU_time = 0.00 secs, Wall_time = 0.00 secs
Thu Aug 20 11:04:28 2026: Image # 14, module NamesAndTypes # 3: CPU_time = 4.15 secs, Wall_time = 3.50 secs
Thu Aug 20 11:04:31 2026: Image # 14, module Groups # 4: CPU_time = 0.00 secs, Wall_time = 0.00 secs
Thu Aug 20 11:04:31 2026: Image # 14, module MaskImage # 5: CPU_time = 0.09 secs, Wall_time = 0.08 secs
Thu Aug 20 11:04:32 2026: Image # 14, module MaskImage # 6: CPU_time = 0.08 secs, Wall_time = 0.08 secs
Thu Aug 20 11:04:32 2026: Image # 14, module MaskImage # 7: CPU_time = 0.16 secs, Wall_time = 0.08 secs
Thu Aug 20 11:04:32 2026: Image # 14, module MaskObjects # 8: CPU_time = 0.68 secs, Wall_time = 0.46 secs
Thu Aug 20 11:04:32 2026: Image # 14, module MeasureObjectIntensity # 9: CPU_time = 6.32 secs, Wall_time = 6.31 secs
Thu Aug 20 11:04:39 2026: Image # 14, module MeasureGranularity # 10: CPU_time = 30.37 secs, Wall_time = 30.33 secs
Thu Aug 20 11:05:09 2026: Image # 14, module MeasureObjectIntensityDistribution # 11: CPU_time = 7.31 secs, Wall_time = 7.31 secs
Thu Aug 20 11:05:16 2026: Image # 14, module MeasureObjectIntensityDistribution # 12: CPU_time = 6.48 secs, Wall_time = 6.47 secs
Thu Aug 20 11:05:23 2026: Image # 14, module MeasureTexture # 13: CPU_time = 2.10 secs, Wall_time = 2.10 secs
Thu Aug 20 11:05:25 2026: Image # 14, module MeasureColocalization # 14: CPU_time = 382.38 secs, Wall_time = 104.10 secs
Thu Aug 20 11:07:09 2026: Image # 14, module ExportToSpreadsheet # 15: CPU_time = 0.00 secs, Wall_time = 0.00 secs
Thu Aug 20 11:07:09 2026: Image # 15, module Images # 1: CPU_time = 0.00 secs, Wall_time = 0.00 secs
Thu Aug 20 11:07:09 2026: Image # 15, module Metadata # 2: CPU_time = 0.00 secs, Wall_time = 0.00 secs
Thu Aug 20 11:07:09 2026: Image # 15, module NamesAndTypes # 3: CPU_time = 3.94 secs, Wall_time = 4.45 secs
Thu Aug 20 11:07:13 2026: Image # 15, module Groups # 4: CPU_time = 0.00 secs, Wall_time = 0.00 secs
Thu Aug 20 11:07:13 2026: Image # 15, module MaskImage # 5: CPU_time = 0.08 secs, Wall_time = 0.08 secs
Thu Aug 20 11:07:13 2026: Image # 15, module MaskImage # 6: CPU_time = 0.09 secs, Wall_time = 0.08 secs
Thu Aug 20 11:07:13 2026: Image # 15, module MaskImage # 7: CPU_time = 0.19 secs, Wall_time = 0.10 secs
Thu Aug 20 11:07:14 2026: Image # 15, module MaskObjects # 8: CPU_time = 0.65 secs, Wall_time = 0.45 secs
Thu Aug 20 11:07:14 2026: Image # 15, module MeasureObjectIntensity # 9: CPU_time = 5.28 secs, Wall_time = 5.28 secs
Thu Aug 20 11:07:19 2026: Image # 15, module MeasureGranularity # 10: CPU_time = 29.69 secs, Wall_time = 29.66 secs
Thu Aug 20 11:07:49 2026: Image # 15, module MeasureObjectIntensityDistribution # 11: CPU_time = 5.85 secs, Wall_time = 5.84 secs
Thu Aug 20 11:07:55 2026: Image # 15, module MeasureObjectIntensityDistribution # 12: CPU_time = 5.12 secs, Wall_time = 5.10 secs
Thu Aug 20 11:08:00 2026: Image # 15, module MeasureTexture # 13: CPU_time = 2.08 secs, Wall_time = 2.08 secs
Thu Aug 20 11:08:02 2026: Image # 15, module MeasureColocalization # 14: CPU_time = 236.74 secs, Wall_time = 65.30 secs
Thu Aug 20 11:09:07 2026: Image # 15, module ExportToSpreadsheet # 15: CPU_time = 0.00 secs, Wall_time = 0.00 secs
Thu Aug 20 11:09:07 2026: Image # 16, module Images # 1: CPU_time = 0.00 secs, Wall_time = 0.00 secs
Thu Aug 20 11:09:07 2026: Image # 16, module Metadata # 2: CPU_time = 0.00 secs, Wall_time = 0.00 secs
Thu Aug 20 11:09:07 2026: Image # 16, module NamesAndTypes # 3: CPU_time = 3.94 secs, Wall_time = 3.53 secs
Thu Aug 20 11:09:11 2026: Image # 16, module Groups # 4: CPU_time = 0.00 secs, Wall_time = 0.00 secs
Thu Aug 20 11:09:11 2026: Image # 16, module MaskImage # 5: CPU_time = 0.09 secs, Wall_time = 0.09 secs
Thu Aug 20 11:09:11 2026: Image # 16, module MaskImage # 6: CPU_time = 0.07 secs, Wall_time = 0.08 secs
Thu Aug 20 11:09:11 2026: Image # 16, module MaskImage # 7: CPU_time = 0.16 secs, Wall_time = 0.08 secs
Thu Aug 20 11:09:11 2026: Image # 16, module MaskObjects # 8: CPU_time = 0.68 secs, Wall_time = 0.46 secs
Thu Aug 20 11:09:12 2026: Image # 16, module MeasureObjectIntensity # 9: CPU_time = 6.36 secs, Wall_time = 6.35 secs
Thu Aug 20 11:09:18 2026: Image # 16, module MeasureGranularity # 10: CPU_time = 31.17 secs, Wall_time = 31.13 secs
Thu Aug 20 11:09:49 2026: Image # 16, module MeasureObjectIntensityDistribution # 11: CPU_time = 7.43 secs, Wall_time = 7.42 secs
Thu Aug 20 11:09:57 2026: Image # 16, module MeasureObjectIntensityDistribution # 12: CPU_time = 6.53 secs, Wall_time = 6.53 secs
Thu Aug 20 11:10:03 2026: Image # 16, module MeasureTexture # 13: CPU_time = 2.79 secs, Wall_time = 2.20 secs
Thu Aug 20 11:10:05 2026: Image # 16, module MeasureColocalization # 14: CPU_time = 438.02 secs, Wall_time = 117.76 secs
Thu Aug 20 11:12:03 2026: Image # 16, module ExportToSpreadsheet # 15: CPU_time = 0.00 secs, Wall_time = 0.00 secs
Thu Aug 20 11:12:03 2026: Image # 17, module Images # 1: CPU_time = 0.00 secs, Wall_time = 0.00 secs
Thu Aug 20 11:12:03 2026: Image # 17, module Metadata # 2: CPU_time = 0.00 secs, Wall_time = 0.00 secs
Thu Aug 20 11:12:03 2026: Image # 17, module NamesAndTypes # 3: CPU_time = 3.93 secs, Wall_time = 3.98 secs
Thu Aug 20 11:12:07 2026: Image # 17, module Groups # 4: CPU_time = 0.00 secs, Wall_time = 0.00 secs
Thu Aug 20 11:12:07 2026: Image # 17, module MaskImage # 5: CPU_time = 0.07 secs, Wall_time = 0.08 secs
Thu Aug 20 11:12:07 2026: Image # 17, module MaskImage # 6: CPU_time = 0.07 secs, Wall_time = 0.08 secs
Thu Aug 20 11:12:07 2026: Image # 17, module MaskImage # 7: CPU_time = 0.14 secs, Wall_time = 0.08 secs
Thu Aug 20 11:12:07 2026: Image # 17, module MaskObjects # 8: CPU_time = 0.70 secs, Wall_time = 0.47 secs
Thu Aug 20 11:12:08 2026: Image # 17, module MeasureObjectIntensity # 9: CPU_time = 5.32 secs, Wall_time = 5.31 secs
Thu Aug 20 11:12:13 2026: Image # 17, module MeasureGranularity # 10: CPU_time = 30.08 secs, Wall_time = 30.05 secs
Thu Aug 20 11:12:43 2026: Image # 17, module MeasureObjectIntensityDistribution # 11: CPU_time = 6.49 secs, Wall_time = 6.49 secs
Thu Aug 20 11:12:50 2026: Image # 17, module MeasureObjectIntensityDistribution # 12: CPU_time = 5.75 secs, Wall_time = 5.75 secs
Thu Aug 20 11:12:55 2026: Image # 17, module MeasureTexture # 13: CPU_time = 3.10 secs, Wall_time = 2.24 secs
Thu Aug 20 11:12:58 2026: Image # 17, module MeasureColocalization # 14: CPU_time = 285.19 secs, Wall_time = 77.33 secs
Thu Aug 20 11:14:15 2026: Image # 17, module ExportToSpreadsheet # 15: CPU_time = 0.00 secs, Wall_time = 0.00 secs
Thu Aug 20 11:14:15 2026: Image # 18, module Images # 1: CPU_time = 0.00 secs, Wall_time = 0.00 secs
Thu Aug 20 11:14:15 2026: Image # 18, module Metadata # 2: CPU_time = 0.00 secs, Wall_time = 0.00 secs
Thu Aug 20 11:14:15 2026: Image # 18, module NamesAndTypes # 3: CPU_time = 3.82 secs, Wall_time = 3.78 secs
Thu Aug 20 11:14:19 2026: Image # 18, module Groups # 4: CPU_time = 0.00 secs, Wall_time = 0.00 secs
Thu Aug 20 11:14:19 2026: Image # 18, module MaskImage # 5: CPU_time = 0.08 secs, Wall_time = 0.08 secs
Thu Aug 20 11:14:19 2026: Image # 18, module MaskImage # 6: CPU_time = 0.07 secs, Wall_time = 0.07 secs
Thu Aug 20 11:14:19 2026: Image # 18, module MaskImage # 7: CPU_time = 0.17 secs, Wall_time = 0.08 secs
Thu Aug 20 11:14:19 2026: Image # 18, module MaskObjects # 8: CPU_time = 0.74 secs, Wall_time = 0.55 secs
Thu Aug 20 11:14:20 2026: Image # 18, module MeasureObjectIntensity # 9: CPU_time = 10.77 secs, Wall_time = 10.76 secs
Thu Aug 20 11:14:30 2026: Image # 18, module MeasureGranularity # 10: CPU_time = 39.08 secs, Wall_time = 39.04 secs
Thu Aug 20 11:15:09 2026: Image # 18, module MeasureObjectIntensityDistribution # 11: CPU_time = 13.13 secs, Wall_time = 13.12 secs
Thu Aug 20 11:15:22 2026: Image # 18, module MeasureObjectIntensityDistribution # 12: CPU_time = 9.40 secs, Wall_time = 9.39 secs
Thu Aug 20 11:15:32 2026: Image # 18, module MeasureTexture # 13: CPU_time = 3.92 secs, Wall_time = 3.92 secs
Thu Aug 20 11:15:36 2026: Image # 18, module MeasureColocalization # 14: CPU_time = 705.72 secs, Wall_time = 226.52 secs
Thu Aug 20 11:19:22 2026: Image # 18, module ExportToSpreadsheet # 15: CPU_time = 0.00 secs, Wall_time = 0.00 secs
Thu Aug 20 11:19:22 2026: Image # 19, module Images # 1: CPU_time = 0.00 secs, Wall_time = 0.00 secs
Thu Aug 20 11:19:22 2026: Image # 19, module Metadata # 2: CPU_time = 0.00 secs, Wall_time = 0.00 secs
Thu Aug 20 11:19:22 2026: Image # 19, module NamesAndTypes # 3: CPU_time = 4.04 secs, Wall_time = 4.38 secs
Thu Aug 20 11:19:27 2026: Image # 19, module Groups # 4: CPU_time = 0.00 secs, Wall_time = 0.00 secs
Thu Aug 20 11:19:27 2026: Image # 19, module MaskImage # 5: CPU_time = 0.08 secs, Wall_time = 0.08 secs
Thu Aug 20 11:19:27 2026: Image # 19, module MaskImage # 6: CPU_time = 0.07 secs, Wall_time = 0.08 secs
Thu Aug 20 11:19:27 2026: Image # 19, module MaskImage # 7: CPU_time = 0.16 secs, Wall_time = 0.09 secs
Thu Aug 20 11:19:27 2026: Image # 19, module MaskObjects # 8: CPU_time = 0.76 secs, Wall_time = 0.56 secs
Thu Aug 20 11:19:28 2026: Image # 19, module MeasureObjectIntensity # 9: CPU_time = 12.83 secs, Wall_time = 12.81 secs
Thu Aug 20 11:19:40 2026: Image # 19, module MeasureGranularity # 10: CPU_time = 40.53 secs, Wall_time = 40.49 secs
Thu Aug 20 11:20:21 2026: Image # 19, module MeasureObjectIntensityDistribution # 11: CPU_time = 14.52 secs, Wall_time = 14.50 secs
Thu Aug 20 11:20:35 2026: Image # 19, module MeasureObjectIntensityDistribution # 12: CPU_time = 10.30 secs, Wall_time = 10.29 secs
Thu Aug 20 11:20:46 2026: Image # 19, module MeasureTexture # 13: CPU_time = 4.26 secs, Wall_time = 4.26 secs
Thu Aug 20 11:20:50 2026: Image # 19, module MeasureColocalization # 14: CPU_time = 624.27 secs, Wall_time = 209.66 secs
Thu Aug 20 11:24:20 2026: Image # 19, module ExportToSpreadsheet # 15: CPU_time = 0.00 secs, Wall_time = 0.00 secs
Thu Aug 20 11:24:20 2026: Image # 20, module Images # 1: CPU_time = 0.00 secs, Wall_time = 0.00 secs
Thu Aug 20 11:24:20 2026: Image # 20, module Metadata # 2: CPU_time = 0.00 secs, Wall_time = 0.00 secs
Thu Aug 20 11:24:20 2026: Image # 20, module NamesAndTypes # 3: CPU_time = 4.17 secs, Wall_time = 3.81 secs
Thu Aug 20 11:24:23 2026: Image # 20, module Groups # 4: CPU_time = 0.00 secs, Wall_time = 0.00 secs
Thu Aug 20 11:24:23 2026: Image # 20, module MaskImage # 5: CPU_time = 0.07 secs, Wall_time = 0.07 secs
Thu Aug 20 11:24:23 2026: Image # 20, module MaskImage # 6: CPU_time = 0.08 secs, Wall_time = 0.09 secs
Thu Aug 20 11:24:24 2026: Image # 20, module MaskImage # 7: CPU_time = 0.17 secs, Wall_time = 0.09 secs
Thu Aug 20 11:24:24 2026: Image # 20, module MaskObjects # 8: CPU_time = 0.78 secs, Wall_time = 0.56 secs
Thu Aug 20 11:24:24 2026: Image # 20, module MeasureObjectIntensity # 9: CPU_time = 11.02 secs, Wall_time = 11.02 secs
Thu Aug 20 11:24:35 2026: Image # 20, module MeasureGranularity # 10: CPU_time = 38.55 secs, Wall_time = 38.51 secs
Thu Aug 20 11:25:14 2026: Image # 20, module MeasureObjectIntensityDistribution # 11: CPU_time = 13.33 secs, Wall_time = 13.33 secs
Thu Aug 20 11:25:27 2026: Image # 20, module MeasureObjectIntensityDistribution # 12: CPU_time = 9.83 secs, Wall_time = 9.83 secs
Thu Aug 20 11:25:37 2026: Image # 20, module MeasureTexture # 13: CPU_time = 3.83 secs, Wall_time = 3.82 secs
Thu Aug 20 11:25:41 2026: Image # 20, module MeasureColocalization # 14: CPU_time = 725.79 secs, Wall_time = 200.07 secs
Thu Aug 20 11:29:01 2026: Image # 20, module ExportToSpreadsheet # 15: CPU_time = 0.00 secs, Wall_time = 0.00 secs
Thu Aug 20 11:29:01 2026: Image # 21, module Images # 1: CPU_time = 0.00 secs, Wall_time = 0.00 secs
Thu Aug 20 11:29:01 2026: Image # 21, module Metadata # 2: CPU_time = 0.00 secs, Wall_time = 0.00 secs
Thu Aug 20 11:29:01 2026: Image # 21, module NamesAndTypes # 3: CPU_time = 3.79 secs, Wall_time = 3.51 secs
Thu Aug 20 11:29:04 2026: Image # 21, module Groups # 4: CPU_time = 0.00 secs, Wall_time = 0.00 secs
Thu Aug 20 11:29:04 2026: Image # 21, module MaskImage # 5: CPU_time = 0.08 secs, Wall_time = 0.09 secs
Thu Aug 20 11:29:04 2026: Image # 21, module MaskImage # 6: CPU_time = 0.09 secs, Wall_time = 0.08 secs
Thu Aug 20 11:29:05 2026: Image # 21, module MaskImage # 7: CPU_time = 0.16 secs, Wall_time = 0.08 secs
Thu Aug 20 11:29:05 2026: Image # 21, module MaskObjects # 8: CPU_time = 0.73 secs, Wall_time = 0.51 secs
Thu Aug 20 11:29:05 2026: Image # 21, module MeasureObjectIntensity # 9: CPU_time = 10.93 secs, Wall_time = 10.91 secs
Thu Aug 20 11:29:16 2026: Image # 21, module MeasureGranularity # 10: CPU_time = 36.59 secs, Wall_time = 36.56 secs
Thu Aug 20 11:29:53 2026: Image # 21, module MeasureObjectIntensityDistribution # 11: CPU_time = 12.23 secs, Wall_time = 12.23 secs
Thu Aug 20 11:30:05 2026: Image # 21, module MeasureObjectIntensityDistribution # 12: CPU_time = 8.44 secs, Wall_time = 8.43 secs
Thu Aug 20 11:30:13 2026: Image # 21, module MeasureTexture # 13: CPU_time = 3.92 secs, Wall_time = 3.90 secs
Thu Aug 20 11:30:17 2026: Image # 21, module MeasureColocalization # 14: CPU_time = 607.63 secs, Wall_time = 172.11 secs
Thu Aug 20 11:33:09 2026: Image # 21, module ExportToSpreadsheet # 15: CPU_time = 0.00 secs, Wall_time = 0.00 secs
Thu Aug 20 11:33:09 2026: Image # 22, module Images # 1: CPU_time = 0.00 secs, Wall_time = 0.00 secs
Thu Aug 20 11:33:09 2026: Image # 22, module Metadata # 2: CPU_time = 0.00 secs, Wall_time = 0.00 secs
Thu Aug 20 11:33:09 2026: Image # 22, module NamesAndTypes # 3: CPU_time = 3.93 secs, Wall_time = 3.59 secs
Thu Aug 20 11:33:13 2026: Image # 22, module Groups # 4: CPU_time = 0.00 secs, Wall_time = 0.00 secs
Thu Aug 20 11:33:13 2026: Image # 22, module MaskImage # 5: CPU_time = 0.15 secs, Wall_time = 0.15 secs
Thu Aug 20 11:33:13 2026: Image # 22, module MaskImage # 6: CPU_time = 0.08 secs, Wall_time = 0.08 secs
Thu Aug 20 11:33:13 2026: Image # 22, module MaskImage # 7: CPU_time = 0.15 secs, Wall_time = 0.08 secs
Thu Aug 20 11:33:13 2026: Image # 22, module MaskObjects # 8: CPU_time = 0.71 secs, Wall_time = 0.49 secs
Thu Aug 20 11:33:14 2026: Image # 22, module MeasureObjectIntensity # 9: CPU_time = 10.71 secs, Wall_time = 10.69 secs
Thu Aug 20 11:33:24 2026: Image # 22, module MeasureGranularity # 10: CPU_time = 36.14 secs, Wall_time = 36.10 secs
Thu Aug 20 11:34:00 2026: Image # 22, module MeasureObjectIntensityDistribution # 11: CPU_time = 11.21 secs, Wall_time = 11.20 secs
Thu Aug 20 11:34:12 2026: Image # 22, module MeasureObjectIntensityDistribution # 12: CPU_time = 7.98 secs, Wall_time = 7.97 secs
Thu Aug 20 11:34:20 2026: Image # 22, module MeasureTexture # 13: CPU_time = 4.57 secs, Wall_time = 3.62 secs
Thu Aug 20 11:34:23 2026: Image # 22, module MeasureColocalization # 14: CPU_time = 765.26 secs, Wall_time = 223.38 secs
Thu Aug 20 11:38:07 2026: Image # 22, module ExportToSpreadsheet # 15: CPU_time = 0.00 secs, Wall_time = 0.00 secs
Thu Aug 20 11:38:07 2026: Image # 23, module Images # 1: CPU_time = 0.00 secs, Wall_time = 0.00 secs
Thu Aug 20 11:38:07 2026: Image # 23, module Metadata # 2: CPU_time = 0.00 secs, Wall_time = 0.00 secs
Thu Aug 20 11:38:07 2026: Image # 23, module NamesAndTypes # 3: CPU_time = 4.21 secs, Wall_time = 3.51 secs
Thu Aug 20 11:38:10 2026: Image # 23, module Groups # 4: CPU_time = 0.00 secs, Wall_time = 0.00 secs
Thu Aug 20 11:38:10 2026: Image # 23, module MaskImage # 5: CPU_time = 0.08 secs, Wall_time = 0.08 secs
Thu Aug 20 11:38:10 2026: Image # 23, module MaskImage # 6: CPU_time = 0.08 secs, Wall_time = 0.08 secs
Thu Aug 20 11:38:10 2026: Image # 23, module MaskImage # 7: CPU_time = 0.16 secs, Wall_time = 0.08 secs
Thu Aug 20 11:38:10 2026: Image # 23, module MaskObjects # 8: CPU_time = 0.73 secs, Wall_time = 0.51 secs
Thu Aug 20 11:38:11 2026: Image # 23, module MeasureObjectIntensity # 9: CPU_time = 11.09 secs, Wall_time = 11.07 secs
Thu Aug 20 11:38:22 2026: Image # 23, module MeasureGranularity # 10: CPU_time = 38.56 secs, Wall_time = 38.52 secs
Thu Aug 20 11:39:01 2026: Image # 23, module MeasureObjectIntensityDistribution # 11: CPU_time = 12.59 secs, Wall_time = 12.58 secs
Thu Aug 20 11:39:13 2026: Image # 23, module MeasureObjectIntensityDistribution # 12: CPU_time = 8.40 secs, Wall_time = 8.38 secs
Thu Aug 20 11:39:22 2026: Image # 23, module MeasureTexture # 13: CPU_time = 3.98 secs, Wall_time = 3.97 secs
Thu Aug 20 11:39:25 2026: Image # 23, module MeasureColocalization # 14: CPU_time = 638.88 secs, Wall_time = 186.41 secs
Thu Aug 20 11:42:32 2026: Image # 23, module ExportToSpreadsheet # 15: CPU_time = 0.00 secs, Wall_time = 0.00 secs
Thu Aug 20 11:42:32 2026: Image # 24, module Images # 1: CPU_time = 0.00 secs, Wall_time = 0.00 secs
Thu Aug 20 11:42:32 2026: Image # 24, module Metadata # 2: CPU_time = 0.00 secs, Wall_time = 0.00 secs
Thu Aug 20 11:42:32 2026: Image # 24, module NamesAndTypes # 3: CPU_time = 4.02 secs, Wall_time = 3.66 secs
Thu Aug 20 11:42:36 2026: Image # 24, module Groups # 4: CPU_time = 0.00 secs, Wall_time = 0.00 secs
Thu Aug 20 11:42:36 2026: Image # 24, module MaskImage # 5: CPU_time = 0.09 secs, Wall_time = 0.08 secs
Thu Aug 20 11:42:36 2026: Image # 24, module MaskImage # 6: CPU_time = 0.09 secs, Wall_time = 0.09 secs
Thu Aug 20 11:42:36 2026: Image # 24, module MaskImage # 7: CPU_time = 0.17 secs, Wall_time = 0.09 secs
Thu Aug 20 11:42:36 2026: Image # 24, module MaskObjects # 8: CPU_time = 0.66 secs, Wall_time = 0.46 secs
Thu Aug 20 11:42:36 2026: Image # 24, module MeasureObjectIntensity # 9: CPU_time = 6.19 secs, Wall_time = 6.18 secs
Thu Aug 20 11:42:43 2026: Image # 24, module MeasureGranularity # 10: CPU_time = 28.37 secs, Wall_time = 28.34 secs
Thu Aug 20 11:43:11 2026: Image # 24, module MeasureObjectIntensityDistribution # 11: CPU_time = 6.19 secs, Wall_time = 6.18 secs
Thu Aug 20 11:43:17 2026: Image # 24, module MeasureObjectIntensityDistribution # 12: CPU_time = 5.20 secs, Wall_time = 5.19 secs
Thu Aug 20 11:43:22 2026: Image # 24, module MeasureTexture # 13: CPU_time = 2.19 secs, Wall_time = 2.18 secs
Thu Aug 20 11:43:24 2026: Image # 24, module MeasureColocalization # 14: CPU_time = 330.03 secs, Wall_time = 88.18 secs
Thu Aug 20 11:44:53 2026: Image # 24, module ExportToSpreadsheet # 15: CPU_time = 0.00 secs, Wall_time = 0.00 secs
Thu Aug 20 11:44:53 2026: Image # 25, module Images # 1: CPU_time = 0.00 secs, Wall_time = 0.00 secs
Thu Aug 20 11:44:53 2026: Image # 25, module Metadata # 2: CPU_time = 0.00 secs, Wall_time = 0.00 secs
Thu Aug 20 11:44:53 2026: Image # 25, module NamesAndTypes # 3: CPU_time = 4.10 secs, Wall_time = 3.64 secs
Thu Aug 20 11:44:56 2026: Image # 25, module Groups # 4: CPU_time = 0.00 secs, Wall_time = 0.00 secs
Thu Aug 20 11:44:56 2026: Image # 25, module MaskImage # 5: CPU_time = 0.08 secs, Wall_time = 0.08 secs
Thu Aug 20 11:44:56 2026: Image # 25, module MaskImage # 6: CPU_time = 0.08 secs, Wall_time = 0.08 secs
Thu Aug 20 11:44:56 2026: Image # 25, module MaskImage # 7: CPU_time = 0.16 secs, Wall_time = 0.09 secs
Thu Aug 20 11:44:57 2026: Image # 25, module MaskObjects # 8: CPU_time = 0.68 secs, Wall_time = 0.46 secs
Thu Aug 20 11:44:57 2026: Image # 25, module MeasureObjectIntensity # 9: CPU_time = 6.10 secs, Wall_time = 6.09 secs
Thu Aug 20 11:45:03 2026: Image # 25, module MeasureGranularity # 10: CPU_time = 28.26 secs, Wall_time = 28.23 secs
Thu Aug 20 11:45:31 2026: Image # 25, module MeasureObjectIntensityDistribution # 11: CPU_time = 6.39 secs, Wall_time = 6.38 secs
Thu Aug 20 11:45:38 2026: Image # 25, module MeasureObjectIntensityDistribution # 12: CPU_time = 5.52 secs, Wall_time = 5.52 secs
Thu Aug 20 11:45:43 2026: Image # 25, module MeasureTexture # 13: CPU_time = 2.13 secs, Wall_time = 2.13 secs
Thu Aug 20 11:45:45 2026: Image # 25, module MeasureColocalization # 14: CPU_time = 394.49 secs, Wall_time = 103.36 secs
Thu Aug 20 11:47:29 2026: Image # 25, module ExportToSpreadsheet # 15: CPU_time = 0.00 secs, Wall_time = 0.00 secs
Thu Aug 20 11:47:29 2026: Image # 26, module Images # 1: CPU_time = 0.00 secs, Wall_time = 0.00 secs
Thu Aug 20 11:47:29 2026: Image # 26, module Metadata # 2: CPU_time = 0.00 secs, Wall_time = 0.00 secs
Thu Aug 20 11:47:29 2026: Image # 26, module NamesAndTypes # 3: CPU_time = 3.97 secs, Wall_time = 3.83 secs
Thu Aug 20 11:47:33 2026: Image # 26, module Groups # 4: CPU_time = 0.00 secs, Wall_time = 0.00 secs
Thu Aug 20 11:47:33 2026: Image # 26, module MaskImage # 5: CPU_time = 0.07 secs, Wall_time = 0.08 secs
Thu Aug 20 11:47:33 2026: Image # 26, module MaskImage # 6: CPU_time = 0.07 secs, Wall_time = 0.07 secs
Thu Aug 20 11:47:33 2026: Image # 26, module MaskImage # 7: CPU_time = 0.15 secs, Wall_time = 0.08 secs
Thu Aug 20 11:47:33 2026: Image # 26, module MaskObjects # 8: CPU_time = 0.69 secs, Wall_time = 0.47 secs
Thu Aug 20 11:47:33 2026: Image # 26, module MeasureObjectIntensity # 9: CPU_time = 6.23 secs, Wall_time = 6.22 secs
Thu Aug 20 11:47:40 2026: Image # 26, module MeasureGranularity # 10: CPU_time = 28.19 secs, Wall_time = 28.16 secs
Thu Aug 20 11:48:08 2026: Image # 26, module MeasureObjectIntensityDistribution # 11: CPU_time = 6.72 secs, Wall_time = 6.72 secs
Thu Aug 20 11:48:14 2026: Image # 26, module MeasureObjectIntensityDistribution # 12: CPU_time = 5.71 secs, Wall_time = 5.70 secs
Thu Aug 20 11:48:20 2026: Image # 26, module MeasureTexture # 13: CPU_time = 2.22 secs, Wall_time = 2.22 secs
Thu Aug 20 11:48:22 2026: Image # 26, module MeasureColocalization # 14: CPU_time = 391.79 secs, Wall_time = 104.00 secs
Thu Aug 20 11:50:06 2026: Image # 26, module ExportToSpreadsheet # 15: CPU_time = 0.00 secs, Wall_time = 0.00 secs
Thu Aug 20 11:50:06 2026: Image # 27, module Images # 1: CPU_time = 0.00 secs, Wall_time = 0.00 secs
Thu Aug 20 11:50:06 2026: Image # 27, module Metadata # 2: CPU_time = 0.00 secs, Wall_time = 0.00 secs
Thu Aug 20 11:50:06 2026: Image # 27, module NamesAndTypes # 3: CPU_time = 3.97 secs, Wall_time = 3.38 secs
Thu Aug 20 11:50:10 2026: Image # 27, module Groups # 4: CPU_time = 0.00 secs, Wall_time = 0.00 secs
Thu Aug 20 11:50:10 2026: Image # 27, module MaskImage # 5: CPU_time = 0.07 secs, Wall_time = 0.08 secs
Thu Aug 20 11:50:10 2026: Image # 27, module MaskImage # 6: CPU_time = 0.08 secs, Wall_time = 0.08 secs
Thu Aug 20 11:50:10 2026: Image # 27, module MaskImage # 7: CPU_time = 0.17 secs, Wall_time = 0.09 secs
Thu Aug 20 11:50:10 2026: Image # 27, module MaskObjects # 8: CPU_time = 0.67 secs, Wall_time = 0.46 secs
Thu Aug 20 11:50:10 2026: Image # 27, module MeasureObjectIntensity # 9: CPU_time = 5.42 secs, Wall_time = 5.42 secs
Thu Aug 20 11:50:16 2026: Image # 27, module MeasureGranularity # 10: CPU_time = 27.74 secs, Wall_time = 27.70 secs
Thu Aug 20 11:50:44 2026: Image # 27, module MeasureObjectIntensityDistribution # 11: CPU_time = 6.11 secs, Wall_time = 6.10 secs
Thu Aug 20 11:50:50 2026: Image # 27, module MeasureObjectIntensityDistribution # 12: CPU_time = 5.19 secs, Wall_time = 5.19 secs
Thu Aug 20 11:50:55 2026: Image # 27, module MeasureTexture # 13: CPU_time = 2.78 secs, Wall_time = 2.19 secs
Thu Aug 20 11:50:57 2026: Image # 27, module MeasureColocalization # 14: CPU_time = 354.67 secs, Wall_time = 99.29 secs
Thu Aug 20 11:52:36 2026: Image # 27, module ExportToSpreadsheet # 15: CPU_time = 0.00 secs, Wall_time = 0.00 secs
Thu Aug 20 11:52:36 2026: Image # 28, module Images # 1: CPU_time = 0.00 secs, Wall_time = 0.00 secs
Thu Aug 20 11:52:36 2026: Image # 28, module Metadata # 2: CPU_time = 0.00 secs, Wall_time = 0.00 secs
Thu Aug 20 11:52:36 2026: Image # 28, module NamesAndTypes # 3: CPU_time = 3.95 secs, Wall_time = 3.69 secs
Thu Aug 20 11:52:40 2026: Image # 28, module Groups # 4: CPU_time = 0.00 secs, Wall_time = 0.00 secs
Thu Aug 20 11:52:40 2026: Image # 28, module MaskImage # 5: CPU_time = 0.08 secs, Wall_time = 0.08 secs
Thu Aug 20 11:52:40 2026: Image # 28, module MaskImage # 6: CPU_time = 0.08 secs, Wall_time = 0.08 secs
Thu Aug 20 11:52:40 2026: Image # 28, module MaskImage # 7: CPU_time = 0.19 secs, Wall_time = 0.11 secs
Thu Aug 20 11:52:40 2026: Image # 28, module MaskObjects # 8: CPU_time = 0.65 secs, Wall_time = 0.45 secs
Thu Aug 20 11:52:41 2026: Image # 28, module MeasureObjectIntensity # 9: CPU_time = 6.92 secs, Wall_time = 6.91 secs
Thu Aug 20 11:52:48 2026: Image # 28, module MeasureGranularity # 10: CPU_time = 29.82 secs, Wall_time = 29.78 secs
Thu Aug 20 11:53:17 2026: Image # 28, module MeasureObjectIntensityDistribution # 11: CPU_time = 7.46 secs, Wall_time = 7.45 secs
Thu Aug 20 11:53:25 2026: Image # 28, module MeasureObjectIntensityDistribution # 12: CPU_time = 6.25 secs, Wall_time = 6.25 secs
Thu Aug 20 11:53:31 2026: Image # 28, module MeasureTexture # 13: CPU_time = 3.04 secs, Wall_time = 2.46 secs
Thu Aug 20 11:53:34 2026: Image # 28, module MeasureColocalization # 14: CPU_time = 453.45 secs, Wall_time = 122.26 secs
Thu Aug 20 11:55:36 2026: Image # 28, module ExportToSpreadsheet # 15: CPU_time = 0.00 secs, Wall_time = 0.02 secs
Thu Aug 20 11:55:36 2026: Image # 29, module Images # 1: CPU_time = 0.00 secs, Wall_time = 0.00 secs
Thu Aug 20 11:55:36 2026: Image # 29, module Metadata # 2: CPU_time = 0.00 secs, Wall_time = 0.00 secs
Thu Aug 20 11:55:36 2026: Image # 29, module NamesAndTypes # 3: CPU_time = 4.03 secs, Wall_time = 4.07 secs
Thu Aug 20 11:55:40 2026: Image # 29, module Groups # 4: CPU_time = 0.00 secs, Wall_time = 0.00 secs
Thu Aug 20 11:55:40 2026: Image # 29, module MaskImage # 5: CPU_time = 0.08 secs, Wall_time = 0.08 secs
Thu Aug 20 11:55:40 2026: Image # 29, module MaskImage # 6: CPU_time = 0.08 secs, Wall_time = 0.08 secs
Thu Aug 20 11:55:40 2026: Image # 29, module MaskImage # 7: CPU_time = 0.16 secs, Wall_time = 0.08 secs
Thu Aug 20 11:55:40 2026: Image # 29, module MaskObjects # 8: CPU_time = 0.66 secs, Wall_time = 0.45 secs
Thu Aug 20 11:55:41 2026: Image # 29, module MeasureObjectIntensity # 9: CPU_time = 6.77 secs, Wall_time = 6.76 secs
Thu Aug 20 11:55:47 2026: Image # 29, module MeasureGranularity # 10: CPU_time = 29.27 secs, Wall_time = 29.23 secs
Thu Aug 20 11:56:17 2026: Image # 29, module MeasureObjectIntensityDistribution # 11: CPU_time = 7.26 secs, Wall_time = 7.25 secs
Thu Aug 20 11:56:24 2026: Image # 29, module MeasureObjectIntensityDistribution # 12: CPU_time = 6.14 secs, Wall_time = 6.14 secs
Thu Aug 20 11:56:30 2026: Image # 29, module MeasureTexture # 13: CPU_time = 2.26 secs, Wall_time = 2.25 secs
Thu Aug 20 11:56:32 2026: Image # 29, module MeasureColocalization # 14: CPU_time = 386.33 secs, Wall_time = 103.29 secs
Thu Aug 20 11:58:16 2026: Image # 29, module ExportToSpreadsheet # 15: CPU_time = 0.00 secs, Wall_time = 0.00 secs
Thu Aug 20 11:58:16 2026: Image # 30, module Images # 1: CPU_time = 0.00 secs, Wall_time = 0.00 secs
Thu Aug 20 11:58:16 2026: Image # 30, module Metadata # 2: CPU_time = 0.00 secs, Wall_time = 0.00 secs
Thu Aug 20 11:58:16 2026: Image # 30, module NamesAndTypes # 3: CPU_time = 3.98 secs, Wall_time = 3.56 secs
Thu Aug 20 11:58:19 2026: Image # 30, module Groups # 4: CPU_time = 0.00 secs, Wall_time = 0.00 secs
Thu Aug 20 11:58:19 2026: Image # 30, module MaskImage # 5: CPU_time = 0.09 secs, Wall_time = 0.08 secs
Thu Aug 20 11:58:19 2026: Image # 30, module MaskImage # 6: CPU_time = 0.08 secs, Wall_time = 0.09 secs
Thu Aug 20 11:58:19 2026: Image # 30, module MaskImage # 7: CPU_time = 0.16 secs, Wall_time = 0.09 secs
Thu Aug 20 11:58:20 2026: Image # 30, module MaskObjects # 8: CPU_time = 0.69 secs, Wall_time = 0.49 secs
Thu Aug 20 11:58:20 2026: Image # 30, module MeasureObjectIntensity # 9: CPU_time = 9.09 secs, Wall_time = 9.09 secs
Thu Aug 20 11:58:29 2026: Image # 30, module MeasureGranularity # 10: CPU_time = 33.71 secs, Wall_time = 33.68 secs
Thu Aug 20 11:59:03 2026: Image # 30, module MeasureObjectIntensityDistribution # 11: CPU_time = 10.08 secs, Wall_time = 10.06 secs
Thu Aug 20 11:59:13 2026: Image # 30, module MeasureObjectIntensityDistribution # 12: CPU_time = 6.96 secs, Wall_time = 6.96 secs
Thu Aug 20 11:59:20 2026: Image # 30, module MeasureTexture # 13: CPU_time = 3.37 secs, Wall_time = 3.37 secs
Thu Aug 20 11:59:23 2026: Image # 30, module MeasureColocalization # 14: CPU_time = 768.91 secs, Wall_time = 211.43 secs
Thu Aug 20 12:02:55 2026: Image # 30, module ExportToSpreadsheet # 15: CPU_time = 0.00 secs, Wall_time = 0.00 secs
Thu Aug 20 12:02:55 2026: Image # 31, module Images # 1: CPU_time = 0.00 secs, Wall_time = 0.00 secs
Thu Aug 20 12:02:55 2026: Image # 31, module Metadata # 2: CPU_time = 0.00 secs, Wall_time = 0.00 secs
Thu Aug 20 12:02:55 2026: Image # 31, module NamesAndTypes # 3: CPU_time = 4.15 secs, Wall_time = 3.62 secs
Thu Aug 20 12:02:58 2026: Image # 31, module Groups # 4: CPU_time = 0.00 secs, Wall_time = 0.00 secs
Thu Aug 20 12:02:58 2026: Image # 31, module MaskImage # 5: CPU_time = 0.08 secs, Wall_time = 0.08 secs
Thu Aug 20 12:02:58 2026: Image # 31, module MaskImage # 6: CPU_time = 0.08 secs, Wall_time = 0.08 secs
Thu Aug 20 12:02:58 2026: Image # 31, module MaskImage # 7: CPU_time = 0.21 secs, Wall_time = 0.10 secs
Thu Aug 20 12:02:59 2026: Image # 31, module MaskObjects # 8: CPU_time = 0.72 secs, Wall_time = 0.49 secs
Thu Aug 20 12:02:59 2026: Image # 31, module MeasureObjectIntensity # 9: CPU_time = 8.70 secs, Wall_time = 8.69 secs
Thu Aug 20 12:03:08 2026: Image # 31, module MeasureGranularity # 10: CPU_time = 33.67 secs, Wall_time = 33.64 secs
Thu Aug 20 12:03:41 2026: Image # 31, module MeasureObjectIntensityDistribution # 11: CPU_time = 10.20 secs, Wall_time = 10.19 secs
Thu Aug 20 12:03:52 2026: Image # 31, module MeasureObjectIntensityDistribution # 12: CPU_time = 7.17 secs, Wall_time = 7.16 secs
Thu Aug 20 12:03:59 2026: Image # 31, module MeasureTexture # 13: CPU_time = 3.35 secs, Wall_time = 3.35 secs
Thu Aug 20 12:04:02 2026: Image # 31, module MeasureColocalization # 14: CPU_time = 1041.96 secs, Wall_time = 293.82 secs
Thu Aug 20 12:08:56 2026: Image # 31, module ExportToSpreadsheet # 15: CPU_time = 0.00 secs, Wall_time = 0.00 secs
Thu Aug 20 12:08:56 2026: Image # 32, module Images # 1: CPU_time = 0.00 secs, Wall_time = 0.00 secs
Thu Aug 20 12:08:56 2026: Image # 32, module Metadata # 2: CPU_time = 0.00 secs, Wall_time = 0.00 secs
Thu Aug 20 12:08:56 2026: Image # 32, module NamesAndTypes # 3: CPU_time = 3.82 secs, Wall_time = 3.24 secs
Thu Aug 20 12:08:59 2026: Image # 32, module Groups # 4: CPU_time = 0.00 secs, Wall_time = 0.00 secs
Thu Aug 20 12:08:59 2026: Image # 32, module MaskImage # 5: CPU_time = 0.07 secs, Wall_time = 0.07 secs
Thu Aug 20 12:08:59 2026: Image # 32, module MaskImage # 6: CPU_time = 0.08 secs, Wall_time = 0.08 secs
Thu Aug 20 12:08:59 2026: Image # 32, module MaskImage # 7: CPU_time = 0.17 secs, Wall_time = 0.08 secs
Thu Aug 20 12:08:59 2026: Image # 32, module MaskObjects # 8: CPU_time = 0.70 secs, Wall_time = 0.49 secs
Thu Aug 20 12:09:00 2026: Image # 32, module MeasureObjectIntensity # 9: CPU_time = 9.15 secs, Wall_time = 9.14 secs
Thu Aug 20 12:09:09 2026: Image # 32, module MeasureGranularity # 10: CPU_time = 34.48 secs, Wall_time = 34.45 secs
Thu Aug 20 12:09:43 2026: Image # 32, module MeasureObjectIntensityDistribution # 11: CPU_time = 11.01 secs, Wall_time = 10.99 secs
Thu Aug 20 12:09:54 2026: Image # 32, module MeasureObjectIntensityDistribution # 12: CPU_time = 8.25 secs, Wall_time = 8.24 secs
Thu Aug 20 12:10:03 2026: Image # 32, module MeasureTexture # 13: CPU_time = 3.25 secs, Wall_time = 3.25 secs
Thu Aug 20 12:10:06 2026: Image # 32, module MeasureColocalization # 14: CPU_time = 739.24 secs, Wall_time = 211.64 secs
Thu Aug 20 12:13:38 2026: Image # 32, module ExportToSpreadsheet # 15: CPU_time = 0.00 secs, Wall_time = 0.00 secs
Thu Aug 20 12:13:38 2026: Image # 33, module Images # 1: CPU_time = 0.00 secs, Wall_time = 0.00 secs
Thu Aug 20 12:13:38 2026: Image # 33, module Metadata # 2: CPU_time = 0.00 secs, Wall_time = 0.00 secs
Thu Aug 20 12:13:38 2026: Image # 33, module NamesAndTypes # 3: CPU_time = 3.82 secs, Wall_time = 4.19 secs
Thu Aug 20 12:13:42 2026: Image # 33, module Groups # 4: CPU_time = 0.00 secs, Wall_time = 0.00 secs
Thu Aug 20 12:13:42 2026: Image # 33, module MaskImage # 5: CPU_time = 0.07 secs, Wall_time = 0.08 secs
Thu Aug 20 12:13:42 2026: Image # 33, module MaskImage # 6: CPU_time = 0.10 secs, Wall_time = 0.10 secs
Thu Aug 20 12:13:42 2026: Image # 33, module MaskImage # 7: CPU_time = 0.18 secs, Wall_time = 0.10 secs
Thu Aug 20 12:13:42 2026: Image # 33, module MaskObjects # 8: CPU_time = 0.79 secs, Wall_time = 0.54 secs
Thu Aug 20 12:13:43 2026: Image # 33, module MeasureObjectIntensity # 9: CPU_time = 8.94 secs, Wall_time = 8.94 secs
Thu Aug 20 12:13:52 2026: Image # 33, module MeasureGranularity # 10: CPU_time = 34.73 secs, Wall_time = 34.69 secs
Thu Aug 20 12:14:26 2026: Image # 33, module MeasureObjectIntensityDistribution # 11: CPU_time = 10.34 secs, Wall_time = 10.34 secs
Thu Aug 20 12:14:37 2026: Image # 33, module MeasureObjectIntensityDistribution # 12: CPU_time = 7.72 secs, Wall_time = 7.71 secs
Thu Aug 20 12:14:44 2026: Image # 33, module MeasureTexture # 13: CPU_time = 3.17 secs, Wall_time = 3.17 secs
Thu Aug 20 12:14:48 2026: Image # 33, module MeasureColocalization # 14: CPU_time = 494.91 secs, Wall_time = 141.90 secs
Thu Aug 20 12:17:09 2026: Image # 33, module ExportToSpreadsheet # 15: CPU_time = 0.00 secs, Wall_time = 0.00 secs
Thu Aug 20 12:17:09 2026: Image # 34, module Images # 1: CPU_time = 0.00 secs, Wall_time = 0.00 secs
Thu Aug 20 12:17:09 2026: Image # 34, module Metadata # 2: CPU_time = 0.00 secs, Wall_time = 0.00 secs
Thu Aug 20 12:17:09 2026: Image # 34, module NamesAndTypes # 3: CPU_time = 3.87 secs, Wall_time = 4.31 secs
Thu Aug 20 12:17:14 2026: Image # 34, module Groups # 4: CPU_time = 0.00 secs, Wall_time = 0.00 secs
Thu Aug 20 12:17:14 2026: Image # 34, module MaskImage # 5: CPU_time = 0.08 secs, Wall_time = 0.08 secs
Thu Aug 20 12:17:14 2026: Image # 34, module MaskImage # 6: CPU_time = 0.11 secs, Wall_time = 0.10 secs
Thu Aug 20 12:17:14 2026: Image # 34, module MaskImage # 7: CPU_time = 0.17 secs, Wall_time = 0.09 secs
Thu Aug 20 12:17:14 2026: Image # 34, module MaskObjects # 8: CPU_time = 0.75 secs, Wall_time = 0.56 secs
Thu Aug 20 12:17:15 2026: Image # 34, module MeasureObjectIntensity # 9: CPU_time = 10.20 secs, Wall_time = 10.18 secs
Thu Aug 20 12:17:25 2026: Image # 34, module MeasureGranularity # 10: CPU_time = 38.29 secs, Wall_time = 38.25 secs
Thu Aug 20 12:18:03 2026: Image # 34, module MeasureObjectIntensityDistribution # 11: CPU_time = 12.44 secs, Wall_time = 12.43 secs
Thu Aug 20 12:18:15 2026: Image # 34, module MeasureObjectIntensityDistribution # 12: CPU_time = 9.06 secs, Wall_time = 9.05 secs
Thu Aug 20 12:18:25 2026: Image # 34, module MeasureTexture # 13: CPU_time = 3.84 secs, Wall_time = 3.84 secs
Thu Aug 20 12:18:28 2026: Image # 34, module MeasureColocalization # 14: CPU_time = 842.89 secs, Wall_time = 229.82 secs
Thu Aug 20 12:22:18 2026: Image # 34, module ExportToSpreadsheet # 15: CPU_time = 0.00 secs, Wall_time = 0.00 secs
Thu Aug 20 12:22:18 2026: Image # 35, module Images # 1: CPU_time = 0.00 secs, Wall_time = 0.00 secs
Thu Aug 20 12:22:18 2026: Image # 35, module Metadata # 2: CPU_time = 0.00 secs, Wall_time = 0.00 secs
Thu Aug 20 12:22:18 2026: Image # 35, module NamesAndTypes # 3: CPU_time = 3.90 secs, Wall_time = 4.11 secs
Thu Aug 20 12:22:22 2026: Image # 35, module Groups # 4: CPU_time = 0.00 secs, Wall_time = 0.00 secs
Thu Aug 20 12:22:22 2026: Image # 35, module MaskImage # 5: CPU_time = 0.09 secs, Wall_time = 0.10 secs
Thu Aug 20 12:22:22 2026: Image # 35, module MaskImage # 6: CPU_time = 0.08 secs, Wall_time = 0.08 secs
Thu Aug 20 12:22:22 2026: Image # 35, module MaskImage # 7: CPU_time = 0.17 secs, Wall_time = 0.09 secs
Thu Aug 20 12:22:23 2026: Image # 35, module MaskObjects # 8: CPU_time = 0.71 secs, Wall_time = 0.51 secs
Thu Aug 20 12:22:23 2026: Image # 35, module MeasureObjectIntensity # 9: CPU_time = 8.90 secs, Wall_time = 8.89 secs
Thu Aug 20 12:22:32 2026: Image # 35, module MeasureGranularity # 10: CPU_time = 33.40 secs, Wall_time = 33.35 secs
Thu Aug 20 12:23:05 2026: Image # 35, module MeasureObjectIntensityDistribution # 11: CPU_time = 10.14 secs, Wall_time = 10.13 secs
Thu Aug 20 12:23:15 2026: Image # 35, module MeasureObjectIntensityDistribution # 12: CPU_time = 7.11 secs, Wall_time = 7.09 secs
Thu Aug 20 12:23:23 2026: Image # 35, module MeasureTexture # 13: CPU_time = 3.36 secs, Wall_time = 3.36 secs
Thu Aug 20 12:23:26 2026: Image # 35, module MeasureColocalization # 14: CPU_time = 579.87 secs, Wall_time = 153.72 secs
Thu Aug 20 12:26:00 2026: Image # 35, module ExportToSpreadsheet # 15: CPU_time = 0.00 secs, Wall_time = 0.00 secs
Thu Aug 20 12:26:00 2026: Image # 36, module Images # 1: CPU_time = 0.00 secs, Wall_time = 0.00 secs
Thu Aug 20 12:26:00 2026: Image # 36, module Metadata # 2: CPU_time = 0.00 secs, Wall_time = 0.00 secs
Thu Aug 20 12:26:00 2026: Image # 36, module NamesAndTypes # 3: CPU_time = 3.86 secs, Wall_time = 4.05 secs
Thu Aug 20 12:26:04 2026: Image # 36, module Groups # 4: CPU_time = 0.00 secs, Wall_time = 0.00 secs
Thu Aug 20 12:26:04 2026: Image # 36, module MaskImage # 5: CPU_time = 0.09 secs, Wall_time = 0.08 secs
Thu Aug 20 12:26:04 2026: Image # 36, module MaskImage # 6: CPU_time = 0.08 secs, Wall_time = 0.07 secs
Thu Aug 20 12:26:04 2026: Image # 36, module MaskImage # 7: CPU_time = 0.18 secs, Wall_time = 0.09 secs
Thu Aug 20 12:26:04 2026: Image # 36, module MaskObjects # 8: CPU_time = 0.65 secs, Wall_time = 0.45 secs
Thu Aug 20 12:26:04 2026: Image # 36, module MeasureObjectIntensity # 9: CPU_time = 5.31 secs, Wall_time = 5.31 secs
Thu Aug 20 12:26:10 2026: Image # 36, module MeasureGranularity # 10: CPU_time = 27.15 secs, Wall_time = 27.12 secs
Thu Aug 20 12:26:37 2026: Image # 36, module MeasureObjectIntensityDistribution # 11: CPU_time = 5.45 secs, Wall_time = 5.45 secs
Thu Aug 20 12:26:42 2026: Image # 36, module MeasureObjectIntensityDistribution # 12: CPU_time = 4.50 secs, Wall_time = 4.50 secs
Thu Aug 20 12:26:47 2026: Image # 36, module MeasureTexture # 13: CPU_time = 2.04 secs, Wall_time = 2.04 secs
Thu Aug 20 12:26:49 2026: Image # 36, module MeasureColocalization # 14: CPU_time = 202.66 secs, Wall_time = 55.95 secs
Thu Aug 20 12:27:45 2026: Image # 36, module ExportToSpreadsheet # 15: CPU_time = 0.00 secs, Wall_time = 0.00 secs
Thu Aug 20 12:27:45 2026: Image # 37, module Images # 1: CPU_time = 0.00 secs, Wall_time = 0.00 secs
Thu Aug 20 12:27:45 2026: Image # 37, module Metadata # 2: CPU_time = 0.00 secs, Wall_time = 0.00 secs
Thu Aug 20 12:27:45 2026: Image # 37, module NamesAndTypes # 3: CPU_time = 3.86 secs, Wall_time = 4.07 secs
Thu Aug 20 12:27:49 2026: Image # 37, module Groups # 4: CPU_time = 0.00 secs, Wall_time = 0.00 secs
Thu Aug 20 12:27:49 2026: Image # 37, module MaskImage # 5: CPU_time = 0.08 secs, Wall_time = 0.08 secs
Thu Aug 20 12:27:49 2026: Image # 37, module MaskImage # 6: CPU_time = 0.08 secs, Wall_time = 0.09 secs
Thu Aug 20 12:27:49 2026: Image # 37, module MaskImage # 7: CPU_time = 0.17 secs, Wall_time = 0.09 secs
Thu Aug 20 12:27:49 2026: Image # 37, module MaskObjects # 8: CPU_time = 0.66 secs, Wall_time = 0.47 secs
Thu Aug 20 12:27:50 2026: Image # 37, module MeasureObjectIntensity # 9: CPU_time = 5.58 secs, Wall_time = 5.58 secs
Thu Aug 20 12:27:55 2026: Image # 37, module MeasureGranularity # 10: CPU_time = 27.32 secs, Wall_time = 27.29 secs
Thu Aug 20 12:28:23 2026: Image # 37, module MeasureObjectIntensityDistribution # 11: CPU_time = 5.74 secs, Wall_time = 5.74 secs
Thu Aug 20 12:28:28 2026: Image # 37, module MeasureObjectIntensityDistribution # 12: CPU_time = 4.74 secs, Wall_time = 4.74 secs
Thu Aug 20 12:28:33 2026: Image # 37, module MeasureTexture # 13: CPU_time = 2.79 secs, Wall_time = 2.21 secs
Thu Aug 20 12:28:35 2026: Image # 37, module MeasureColocalization # 14: CPU_time = 325.64 secs, Wall_time = 86.30 secs
Thu Aug 20 12:30:02 2026: Image # 37, module ExportToSpreadsheet # 15: CPU_time = 0.00 secs, Wall_time = 0.00 secs
Thu Aug 20 12:30:02 2026: Image # 38, module Images # 1: CPU_time = 0.00 secs, Wall_time = 0.00 secs
Thu Aug 20 12:30:02 2026: Image # 38, module Metadata # 2: CPU_time = 0.00 secs, Wall_time = 0.00 secs
Thu Aug 20 12:30:02 2026: Image # 38, module NamesAndTypes # 3: CPU_time = 3.90 secs, Wall_time = 3.52 secs
Thu Aug 20 12:30:05 2026: Image # 38, module Groups # 4: CPU_time = 0.00 secs, Wall_time = 0.00 secs
Thu Aug 20 12:30:05 2026: Image # 38, module MaskImage # 5: CPU_time = 0.07 secs, Wall_time = 0.08 secs
Thu Aug 20 12:30:05 2026: Image # 38, module MaskImage # 6: CPU_time = 0.08 secs, Wall_time = 0.08 secs
Thu Aug 20 12:30:05 2026: Image # 38, module MaskImage # 7: CPU_time = 0.17 secs, Wall_time = 0.09 secs
Thu Aug 20 12:30:05 2026: Image # 38, module MaskObjects # 8: CPU_time = 0.67 secs, Wall_time = 0.45 secs
Thu Aug 20 12:30:06 2026: Image # 38, module MeasureObjectIntensity # 9: CPU_time = 4.56 secs, Wall_time = 4.56 secs
Thu Aug 20 12:30:10 2026: Image # 38, module MeasureGranularity # 10: CPU_time = 26.38 secs, Wall_time = 26.35 secs
Thu Aug 20 12:30:37 2026: Image # 38, module MeasureObjectIntensityDistribution # 11: CPU_time = 4.84 secs, Wall_time = 4.84 secs
Thu Aug 20 12:30:42 2026: Image # 38, module MeasureObjectIntensityDistribution # 12: CPU_time = 3.98 secs, Wall_time = 3.98 secs
Thu Aug 20 12:30:46 2026: Image # 38, module MeasureTexture # 13: CPU_time = 2.01 secs, Wall_time = 2.02 secs
Thu Aug 20 12:30:48 2026: Image # 38, module MeasureColocalization # 14: CPU_time = 330.58 secs, Wall_time = 85.82 secs
Thu Aug 20 12:32:13 2026: Image # 38, module ExportToSpreadsheet # 15: CPU_time = 0.00 secs, Wall_time = 0.00 secs
Thu Aug 20 12:32:13 2026: Image # 39, module Images # 1: CPU_time = 0.00 secs, Wall_time = 0.00 secs
Thu Aug 20 12:32:13 2026: Image # 39, module Metadata # 2: CPU_time = 0.00 secs, Wall_time = 0.00 secs
Thu Aug 20 12:32:13 2026: Image # 39, module NamesAndTypes # 3: CPU_time = 3.85 secs, Wall_time = 4.55 secs
Thu Aug 20 12:32:18 2026: Image # 39, module Groups # 4: CPU_time = 0.00 secs, Wall_time = 0.00 secs
Thu Aug 20 12:32:18 2026: Image # 39, module MaskImage # 5: CPU_time = 0.09 secs, Wall_time = 0.08 secs
Thu Aug 20 12:32:18 2026: Image # 39, module MaskImage # 6: CPU_time = 0.09 secs, Wall_time = 0.10 secs
Thu Aug 20 12:32:18 2026: Image # 39, module MaskImage # 7: CPU_time = 0.17 secs, Wall_time = 0.09 secs
Thu Aug 20 12:32:18 2026: Image # 39, module MaskObjects # 8: CPU_time = 0.68 secs, Wall_time = 0.46 secs
Thu Aug 20 12:32:19 2026: Image # 39, module MeasureObjectIntensity # 9: CPU_time = 4.67 secs, Wall_time = 4.66 secs
Thu Aug 20 12:32:23 2026: Image # 39, module MeasureGranularity # 10: CPU_time = 26.41 secs, Wall_time = 26.38 secs
Thu Aug 20 12:32:50 2026: Image # 39, module MeasureObjectIntensityDistribution # 11: CPU_time = 5.26 secs, Wall_time = 5.26 secs
Thu Aug 20 12:32:55 2026: Image # 39, module MeasureObjectIntensityDistribution # 12: CPU_time = 4.52 secs, Wall_time = 4.51 secs
Thu Aug 20 12:33:00 2026: Image # 39, module MeasureTexture # 13: CPU_time = 2.01 secs, Wall_time = 2.01 secs
Thu Aug 20 12:33:02 2026: Image # 39, module MeasureColocalization # 14: CPU_time = 277.45 secs, Wall_time = 72.55 secs
Thu Aug 20 12:34:14 2026: Image # 39, module ExportToSpreadsheet # 15: CPU_time = 0.00 secs, Wall_time = 0.00 secs
Thu Aug 20 12:34:14 2026: Image # 40, module Images # 1: CPU_time = 0.00 secs, Wall_time = 0.00 secs
Thu Aug 20 12:34:14 2026: Image # 40, module Metadata # 2: CPU_time = 0.00 secs, Wall_time = 0.00 secs
Thu Aug 20 12:34:14 2026: Image # 40, module NamesAndTypes # 3: CPU_time = 3.97 secs, Wall_time = 4.00 secs
Thu Aug 20 12:34:18 2026: Image # 40, module Groups # 4: CPU_time = 0.00 secs, Wall_time = 0.00 secs
Thu Aug 20 12:34:18 2026: Image # 40, module MaskImage # 5: CPU_time = 0.08 secs, Wall_time = 0.08 secs
Thu Aug 20 12:34:18 2026: Image # 40, module MaskImage # 6: CPU_time = 0.10 secs, Wall_time = 0.09 secs
Thu Aug 20 12:34:18 2026: Image # 40, module MaskImage # 7: CPU_time = 0.17 secs, Wall_time = 0.09 secs
Thu Aug 20 12:34:18 2026: Image # 40, module MaskObjects # 8: CPU_time = 0.66 secs, Wall_time = 0.46 secs
Thu Aug 20 12:34:19 2026: Image # 40, module MeasureObjectIntensity # 9: CPU_time = 4.70 secs, Wall_time = 4.69 secs
Thu Aug 20 12:34:24 2026: Image # 40, module MeasureGranularity # 10: CPU_time = 26.31 secs, Wall_time = 26.29 secs
Thu Aug 20 12:34:50 2026: Image # 40, module MeasureObjectIntensityDistribution # 11: CPU_time = 4.97 secs, Wall_time = 4.97 secs
Thu Aug 20 12:34:55 2026: Image # 40, module MeasureObjectIntensityDistribution # 12: CPU_time = 4.12 secs, Wall_time = 4.11 secs
Thu Aug 20 12:34:59 2026: Image # 40, module MeasureTexture # 13: CPU_time = 2.04 secs, Wall_time = 2.04 secs
Thu Aug 20 12:35:01 2026: Image # 40, module MeasureColocalization # 14: CPU_time = 261.69 secs, Wall_time = 69.13 secs
Thu Aug 20 12:36:10 2026: Image # 40, module ExportToSpreadsheet # 15: CPU_time = 0.00 secs, Wall_time = 0.00 secs
Thu Aug 20 12:36:10 2026: Image # 41, module Images # 1: CPU_time = 0.00 secs, Wall_time = 0.00 secs
Thu Aug 20 12:36:10 2026: Image # 41, module Metadata # 2: CPU_time = 0.00 secs, Wall_time = 0.00 secs
Thu Aug 20 12:36:10 2026: Image # 41, module NamesAndTypes # 3: CPU_time = 4.03 secs, Wall_time = 3.45 secs
Thu Aug 20 12:36:14 2026: Image # 41, module Groups # 4: CPU_time = 0.00 secs, Wall_time = 0.00 secs
Thu Aug 20 12:36:14 2026: Image # 41, module MaskImage # 5: CPU_time = 0.11 secs, Wall_time = 0.10 secs
Thu Aug 20 12:36:14 2026: Image # 41, module MaskImage # 6: CPU_time = 0.07 secs, Wall_time = 0.08 secs
Thu Aug 20 12:36:14 2026: Image # 41, module MaskImage # 7: CPU_time = 0.17 secs, Wall_time = 0.09 secs
Thu Aug 20 12:36:14 2026: Image # 41, module MaskObjects # 8: CPU_time = 0.66 secs, Wall_time = 0.45 secs
Thu Aug 20 12:36:14 2026: Image # 41, module MeasureObjectIntensity # 9: CPU_time = 5.61 secs, Wall_time = 5.59 secs
Thu Aug 20 12:36:20 2026: Image # 41, module MeasureGranularity # 10: CPU_time = 27.56 secs, Wall_time = 27.53 secs
Thu Aug 20 12:36:47 2026: Image # 41, module MeasureObjectIntensityDistribution # 11: CPU_time = 6.18 secs, Wall_time = 6.17 secs
Thu Aug 20 12:36:54 2026: Image # 41, module MeasureObjectIntensityDistribution # 12: CPU_time = 5.15 secs, Wall_time = 5.14 secs
Thu Aug 20 12:36:59 2026: Image # 41, module MeasureTexture # 13: CPU_time = 2.86 secs, Wall_time = 2.27 secs
Thu Aug 20 12:37:01 2026: Image # 41, module MeasureColocalization # 14: CPU_time = 460.90 secs, Wall_time = 120.94 secs
Thu Aug 20 12:39:02 2026: Image # 41, module ExportToSpreadsheet # 15: CPU_time = 0.00 secs, Wall_time = 0.00 secs
Thu Aug 20 12:39:02 2026: Image # 42, module Images # 1: CPU_time = 0.00 secs, Wall_time = 0.00 secs
Thu Aug 20 12:39:02 2026: Image # 42, module Metadata # 2: CPU_time = 0.00 secs, Wall_time = 0.00 secs
Thu Aug 20 12:39:02 2026: Image # 42, module NamesAndTypes # 3: CPU_time = 3.80 secs, Wall_time = 3.81 secs
Thu Aug 20 12:39:06 2026: Image # 42, module Groups # 4: CPU_time = 0.00 secs, Wall_time = 0.00 secs
Thu Aug 20 12:39:06 2026: Image # 42, module MaskImage # 5: CPU_time = 0.07 secs, Wall_time = 0.08 secs
Thu Aug 20 12:39:06 2026: Image # 42, module MaskImage # 6: CPU_time = 0.10 secs, Wall_time = 0.09 secs
Thu Aug 20 12:39:06 2026: Image # 42, module MaskImage # 7: CPU_time = 0.17 secs, Wall_time = 0.09 secs
Thu Aug 20 12:39:06 2026: Image # 42, module MaskObjects # 8: CPU_time = 0.71 secs, Wall_time = 0.50 secs
Thu Aug 20 12:39:07 2026: Image # 42, module MeasureObjectIntensity # 9: CPU_time = 8.45 secs, Wall_time = 8.44 secs
Thu Aug 20 12:39:15 2026: Image # 42, module MeasureGranularity # 10: CPU_time = 32.32 secs, Wall_time = 32.29 secs
Thu Aug 20 12:39:47 2026: Image # 42, module MeasureObjectIntensityDistribution # 11: CPU_time = 9.95 secs, Wall_time = 9.93 secs
Thu Aug 20 12:39:57 2026: Image # 42, module MeasureObjectIntensityDistribution # 12: CPU_time = 6.74 secs, Wall_time = 6.73 secs
Thu Aug 20 12:40:04 2026: Image # 42, module MeasureTexture # 13: CPU_time = 4.15 secs, Wall_time = 3.58 secs
Thu Aug 20 12:40:08 2026: Image # 42, module MeasureColocalization # 14: CPU_time = 936.63 secs, Wall_time = 245.91 secs
Thu Aug 20 12:44:13 2026: Image # 42, module ExportToSpreadsheet # 15: CPU_time = 0.00 secs, Wall_time = 0.00 secs
Thu Aug 20 12:44:13 2026: Image # 43, module Images # 1: CPU_time = 0.00 secs, Wall_time = 0.00 secs
Thu Aug 20 12:44:13 2026: Image # 43, module Metadata # 2: CPU_time = 0.00 secs, Wall_time = 0.00 secs
Thu Aug 20 12:44:13 2026: Image # 43, module NamesAndTypes # 3: CPU_time = 3.89 secs, Wall_time = 3.42 secs
Thu Aug 20 12:44:17 2026: Image # 43, module Groups # 4: CPU_time = 0.00 secs, Wall_time = 0.00 secs
Thu Aug 20 12:44:17 2026: Image # 43, module MaskImage # 5: CPU_time = 0.08 secs, Wall_time = 0.07 secs
Thu Aug 20 12:44:17 2026: Image # 43, module MaskImage # 6: CPU_time = 0.10 secs, Wall_time = 0.10 secs
Thu Aug 20 12:44:17 2026: Image # 43, module MaskImage # 7: CPU_time = 0.17 secs, Wall_time = 0.09 secs
Thu Aug 20 12:44:17 2026: Image # 43, module MaskObjects # 8: CPU_time = 0.69 secs, Wall_time = 0.49 secs
Thu Aug 20 12:44:18 2026: Image # 43, module MeasureObjectIntensity # 9: CPU_time = 8.22 secs, Wall_time = 8.22 secs
Thu Aug 20 12:44:26 2026: Image # 43, module MeasureGranularity # 10: CPU_time = 32.37 secs, Wall_time = 32.33 secs
Thu Aug 20 12:44:58 2026: Image # 43, module MeasureObjectIntensityDistribution # 11: CPU_time = 9.64 secs, Wall_time = 9.63 secs
Thu Aug 20 12:45:08 2026: Image # 43, module MeasureObjectIntensityDistribution # 12: CPU_time = 6.65 secs, Wall_time = 6.64 secs
Thu Aug 20 12:45:14 2026: Image # 43, module MeasureTexture # 13: CPU_time = 5.16 secs, Wall_time = 3.63 secs
Thu Aug 20 12:45:18 2026: Image # 43, module MeasureColocalization # 14: CPU_time = 791.20 secs, Wall_time = 209.39 secs
Thu Aug 20 12:48:48 2026: Image # 43, module ExportToSpreadsheet # 15: CPU_time = 0.00 secs, Wall_time = 0.00 secs
Thu Aug 20 12:48:48 2026: Image # 44, module Images # 1: CPU_time = 0.00 secs, Wall_time = 0.00 secs
Thu Aug 20 12:48:48 2026: Image # 44, module Metadata # 2: CPU_time = 0.00 secs, Wall_time = 0.00 secs
Thu Aug 20 12:48:48 2026: Image # 44, module NamesAndTypes # 3: CPU_time = 3.84 secs, Wall_time = 3.94 secs
Thu Aug 20 12:48:51 2026: Image # 44, module Groups # 4: CPU_time = 0.00 secs, Wall_time = 0.00 secs
Thu Aug 20 12:48:51 2026: Image # 44, module MaskImage # 5: CPU_time = 0.07 secs, Wall_time = 0.08 secs
Thu Aug 20 12:48:52 2026: Image # 44, module MaskImage # 6: CPU_time = 0.10 secs, Wall_time = 0.10 secs
Thu Aug 20 12:48:52 2026: Image # 44, module MaskImage # 7: CPU_time = 0.17 secs, Wall_time = 0.09 secs
Thu Aug 20 12:48:52 2026: Image # 44, module MaskObjects # 8: CPU_time = 0.69 secs, Wall_time = 0.48 secs
Thu Aug 20 12:48:52 2026: Image # 44, module MeasureObjectIntensity # 9: CPU_time = 8.13 secs, Wall_time = 8.12 secs
Thu Aug 20 12:49:00 2026: Image # 44, module MeasureGranularity # 10: CPU_time = 32.50 secs, Wall_time = 32.46 secs
Thu Aug 20 12:49:33 2026: Image # 44, module MeasureObjectIntensityDistribution # 11: CPU_time = 9.68 secs, Wall_time = 9.67 secs
Thu Aug 20 12:49:43 2026: Image # 44, module MeasureObjectIntensityDistribution # 12: CPU_time = 6.77 secs, Wall_time = 6.76 secs
Thu Aug 20 12:49:49 2026: Image # 44, module MeasureTexture # 13: CPU_time = 3.34 secs, Wall_time = 3.33 secs
Thu Aug 20 12:49:53 2026: Image # 44, module MeasureColocalization # 14: CPU_time = 761.79 secs, Wall_time = 200.76 secs
Thu Aug 20 12:53:13 2026: Image # 44, module ExportToSpreadsheet # 15: CPU_time = 0.00 secs, Wall_time = 0.00 secs
Thu Aug 20 12:53:13 2026: Image # 45, module Images # 1: CPU_time = 0.00 secs, Wall_time = 0.00 secs
Thu Aug 20 12:53:13 2026: Image # 45, module Metadata # 2: CPU_time = 0.00 secs, Wall_time = 0.00 secs
Thu Aug 20 12:53:13 2026: Image # 45, module NamesAndTypes # 3: CPU_time = 3.87 secs, Wall_time = 3.88 secs
Thu Aug 20 12:53:17 2026: Image # 45, module Groups # 4: CPU_time = 0.00 secs, Wall_time = 0.00 secs
Thu Aug 20 12:53:17 2026: Image # 45, module MaskImage # 5: CPU_time = 0.08 secs, Wall_time = 0.07 secs
Thu Aug 20 12:53:17 2026: Image # 45, module MaskImage # 6: CPU_time = 0.10 secs, Wall_time = 0.10 secs
Thu Aug 20 12:53:17 2026: Image # 45, module MaskImage # 7: CPU_time = 0.18 secs, Wall_time = 0.09 secs
Thu Aug 20 12:53:18 2026: Image # 45, module MaskObjects # 8: CPU_time = 0.74 secs, Wall_time = 0.49 secs
Thu Aug 20 12:53:18 2026: Image # 45, module MeasureObjectIntensity # 9: CPU_time = 8.68 secs, Wall_time = 8.67 secs
Thu Aug 20 12:53:27 2026: Image # 45, module MeasureGranularity # 10: CPU_time = 33.62 secs, Wall_time = 33.60 secs
Thu Aug 20 12:54:00 2026: Image # 45, module MeasureObjectIntensityDistribution # 11: CPU_time = 10.07 secs, Wall_time = 10.05 secs
Thu Aug 20 12:54:10 2026: Image # 45, module MeasureObjectIntensityDistribution # 12: CPU_time = 7.12 secs, Wall_time = 7.11 secs
Thu Aug 20 12:54:17 2026: Image # 45, module MeasureTexture # 13: CPU_time = 3.39 secs, Wall_time = 3.39 secs
Thu Aug 20 12:54:21 2026: Image # 45, module MeasureColocalization # 14: CPU_time = 817.27 secs, Wall_time = 222.38 secs
Thu Aug 20 12:58:03 2026: Image # 45, module ExportToSpreadsheet # 15: CPU_time = 0.01 secs, Wall_time = 0.02 secs
Thu Aug 20 12:58:03 2026: Image # 46, module Images # 1: CPU_time = 0.00 secs, Wall_time = 0.00 secs
Thu Aug 20 12:58:03 2026: Image # 46, module Metadata # 2: CPU_time = 0.00 secs, Wall_time = 0.00 secs
Thu Aug 20 12:58:03 2026: Image # 46, module NamesAndTypes # 3: CPU_time = 3.66 secs, Wall_time = 3.73 secs
Thu Aug 20 12:58:07 2026: Image # 46, module Groups # 4: CPU_time = 0.00 secs, Wall_time = 0.00 secs
Thu Aug 20 12:58:07 2026: Image # 46, module MaskImage # 5: CPU_time = 0.08 secs, Wall_time = 0.08 secs
Thu Aug 20 12:58:07 2026: Image # 46, module MaskImage # 6: CPU_time = 0.08 secs, Wall_time = 0.08 secs
Thu Aug 20 12:58:07 2026: Image # 46, module MaskImage # 7: CPU_time = 0.18 secs, Wall_time = 0.09 secs
Thu Aug 20 12:58:07 2026: Image # 46, module MaskObjects # 8: CPU_time = 0.69 secs, Wall_time = 0.47 secs
Thu Aug 20 12:58:08 2026: Image # 46, module MeasureObjectIntensity # 9: CPU_time = 6.21 secs, Wall_time = 6.21 secs
Thu Aug 20 12:58:14 2026: Image # 46, module MeasureGranularity # 10: CPU_time = 29.32 secs, Wall_time = 29.28 secs
Thu Aug 20 12:58:43 2026: Image # 46, module MeasureObjectIntensityDistribution # 11: CPU_time = 7.12 secs, Wall_time = 7.11 secs
Thu Aug 20 12:58:50 2026: Image # 46, module MeasureObjectIntensityDistribution # 12: CPU_time = 5.29 secs, Wall_time = 5.29 secs
Thu Aug 20 12:58:56 2026: Image # 46, module MeasureTexture # 13: CPU_time = 2.73 secs, Wall_time = 2.73 secs
Thu Aug 20 12:58:58 2026: Image # 46, module MeasureColocalization # 14: CPU_time = 638.55 secs, Wall_time = 166.77 secs
Thu Aug 20 13:01:45 2026: Image # 46, module ExportToSpreadsheet # 15: CPU_time = 0.00 secs, Wall_time = 0.00 secs
Thu Aug 20 13:01:45 2026: Image # 47, module Images # 1: CPU_time = 0.00 secs, Wall_time = 0.00 secs
Thu Aug 20 13:01:45 2026: Image # 47, module Metadata # 2: CPU_time = 0.00 secs, Wall_time = 0.00 secs
Thu Aug 20 13:01:45 2026: Image # 47, module NamesAndTypes # 3: CPU_time = 3.77 secs, Wall_time = 3.87 secs
Thu Aug 20 13:01:49 2026: Image # 47, module Groups # 4: CPU_time = 0.00 secs, Wall_time = 0.00 secs
Thu Aug 20 13:01:49 2026: Image # 47, module MaskImage # 5: CPU_time = 0.08 secs, Wall_time = 0.08 secs
Thu Aug 20 13:01:49 2026: Image # 47, module MaskImage # 6: CPU_time = 0.09 secs, Wall_time = 0.10 secs
Thu Aug 20 13:01:49 2026: Image # 47, module MaskImage # 7: CPU_time = 0.17 secs, Wall_time = 0.09 secs
Thu Aug 20 13:01:49 2026: Image # 47, module MaskObjects # 8: CPU_time = 0.71 secs, Wall_time = 0.48 secs
Thu Aug 20 13:01:50 2026: Image # 47, module MeasureObjectIntensity # 9: CPU_time = 7.63 secs, Wall_time = 7.63 secs
Thu Aug 20 13:01:57 2026: Image # 47, module MeasureGranularity # 10: CPU_time = 31.95 secs, Wall_time = 31.91 secs
Thu Aug 20 13:02:29 2026: Image # 47, module MeasureObjectIntensityDistribution # 11: CPU_time = 8.96 secs, Wall_time = 8.95 secs
Thu Aug 20 13:02:38 2026: Image # 47, module MeasureObjectIntensityDistribution # 12: CPU_time = 7.36 secs, Wall_time = 7.35 secs
Thu Aug 20 13:02:46 2026: Image # 47, module MeasureTexture # 13: CPU_time = 4.39 secs, Wall_time = 3.23 secs
Thu Aug 20 13:02:49 2026: Image # 47, module MeasureColocalization # 14: CPU_time = 952.20 secs, Wall_time = 252.25 secs
Thu Aug 20 13:07:01 2026: Image # 47, module ExportToSpreadsheet # 15: CPU_time = 0.00 secs, Wall_time = 0.00 secs
Thu Aug 20 13:07:01 2026: Image # 48, module Images # 1: CPU_time = 0.00 secs, Wall_time = 0.00 secs
Thu Aug 20 13:07:01 2026: Image # 48, module Metadata # 2: CPU_time = 0.00 secs, Wall_time = 0.00 secs
Thu Aug 20 13:07:01 2026: Image # 48, module NamesAndTypes # 3: CPU_time = 3.88 secs, Wall_time = 4.39 secs
Thu Aug 20 13:07:06 2026: Image # 48, module Groups # 4: CPU_time = 0.00 secs, Wall_time = 0.00 secs
Thu Aug 20 13:07:06 2026: Image # 48, module MaskImage # 5: CPU_time = 0.10 secs, Wall_time = 0.10 secs
Thu Aug 20 13:07:06 2026: Image # 48, module MaskImage # 6: CPU_time = 0.07 secs, Wall_time = 0.08 secs
Thu Aug 20 13:07:06 2026: Image # 48, module MaskImage # 7: CPU_time = 0.20 secs, Wall_time = 0.09 secs
Thu Aug 20 13:07:06 2026: Image # 48, module MaskObjects # 8: CPU_time = 0.64 secs, Wall_time = 0.45 secs
Thu Aug 20 13:07:06 2026: Image # 48, module MeasureObjectIntensity # 9: CPU_time = 4.96 secs, Wall_time = 4.95 secs
Thu Aug 20 13:07:11 2026: Image # 48, module MeasureGranularity # 10: CPU_time = 27.94 secs, Wall_time = 27.91 secs
Thu Aug 20 13:07:39 2026: Image # 48, module MeasureObjectIntensityDistribution # 11: CPU_time = 5.14 secs, Wall_time = 5.14 secs
Thu Aug 20 13:07:44 2026: Image # 48, module MeasureObjectIntensityDistribution # 12: CPU_time = 4.76 secs, Wall_time = 4.76 secs
Thu Aug 20 13:07:49 2026: Image # 48, module MeasureTexture # 13: CPU_time = 2.75 secs, Wall_time = 2.17 secs
Thu Aug 20 13:07:51 2026: Image # 48, module MeasureColocalization # 14: CPU_time = 403.54 secs, Wall_time = 105.36 secs
Thu Aug 20 13:09:37 2026: Image # 48, module ExportToSpreadsheet # 15: CPU_time = 0.00 secs, Wall_time = 0.00 secs
Thu Aug 20 13:09:37 2026: Image # 49, module Images # 1: CPU_time = 0.00 secs, Wall_time = 0.00 secs
Thu Aug 20 13:09:37 2026: Image # 49, module Metadata # 2: CPU_time = 0.00 secs, Wall_time = 0.00 secs
Thu Aug 20 13:09:37 2026: Image # 49, module NamesAndTypes # 3: CPU_time = 3.84 secs, Wall_time = 3.69 secs
Thu Aug 20 13:09:40 2026: Image # 49, module Groups # 4: CPU_time = 0.00 secs, Wall_time = 0.00 secs
Thu Aug 20 13:09:40 2026: Image # 49, module MaskImage # 5: CPU_time = 0.09 secs, Wall_time = 0.08 secs
Thu Aug 20 13:09:40 2026: Image # 49, module MaskImage # 6: CPU_time = 0.08 secs, Wall_time = 0.08 secs
Thu Aug 20 13:09:40 2026: Image # 49, module MaskImage # 7: CPU_time = 0.16 secs, Wall_time = 0.08 secs
Thu Aug 20 13:09:41 2026: Image # 49, module MaskObjects # 8: CPU_time = 0.69 secs, Wall_time = 0.47 secs
Thu Aug 20 13:09:41 2026: Image # 49, module MeasureObjectIntensity # 9: CPU_time = 4.17 secs, Wall_time = 4.17 secs
Thu Aug 20 13:09:45 2026: Image # 49, module MeasureGranularity # 10: CPU_time = 28.37 secs, Wall_time = 28.34 secs
Thu Aug 20 13:10:14 2026: Image # 49, module MeasureObjectIntensityDistribution # 11: CPU_time = 4.79 secs, Wall_time = 4.79 secs
Thu Aug 20 13:10:18 2026: Image # 49, module MeasureObjectIntensityDistribution # 12: CPU_time = 4.13 secs, Wall_time = 4.13 secs
Thu Aug 20 13:10:22 2026: Image # 49, module MeasureTexture # 13: CPU_time = 1.87 secs, Wall_time = 1.87 secs
Thu Aug 20 13:10:24 2026: Image # 49, module MeasureColocalization # 14: CPU_time = 214.43 secs, Wall_time = 55.87 secs
Thu Aug 20 13:11:20 2026: Image # 49, module ExportToSpreadsheet # 15: CPU_time = 0.00 secs, Wall_time = 0.00 secs
Thu Aug 20 13:11:20 2026: Image # 50, module Images # 1: CPU_time = 0.00 secs, Wall_time = 0.00 secs
Thu Aug 20 13:11:20 2026: Image # 50, module Metadata # 2: CPU_time = 0.00 secs, Wall_time = 0.00 secs
Thu Aug 20 13:11:20 2026: Image # 50, module NamesAndTypes # 3: CPU_time = 4.01 secs, Wall_time = 3.58 secs
Thu Aug 20 13:11:24 2026: Image # 50, module Groups # 4: CPU_time = 0.00 secs, Wall_time = 0.00 secs
Thu Aug 20 13:11:24 2026: Image # 50, module MaskImage # 5: CPU_time = 0.08 secs, Wall_time = 0.08 secs
Thu Aug 20 13:11:24 2026: Image # 50, module MaskImage # 6: CPU_time = 0.07 secs, Wall_time = 0.08 secs
Thu Aug 20 13:11:24 2026: Image # 50, module MaskImage # 7: CPU_time = 0.14 secs, Wall_time = 0.08 secs
Thu Aug 20 13:11:24 2026: Image # 50, module MaskObjects # 8: CPU_time = 0.72 secs, Wall_time = 0.49 secs
Thu Aug 20 13:11:25 2026: Image # 50, module MeasureObjectIntensity # 9: CPU_time = 4.98 secs, Wall_time = 4.96 secs
Thu Aug 20 13:11:30 2026: Image # 50, module MeasureGranularity # 10: CPU_time = 29.58 secs, Wall_time = 29.56 secs
Thu Aug 20 13:11:59 2026: Image # 50, module MeasureObjectIntensityDistribution # 11: CPU_time = 5.59 secs, Wall_time = 5.59 secs
Thu Aug 20 13:12:05 2026: Image # 50, module MeasureObjectIntensityDistribution # 12: CPU_time = 4.70 secs, Wall_time = 4.70 secs
Thu Aug 20 13:12:09 2026: Image # 50, module MeasureTexture # 13: CPU_time = 2.10 secs, Wall_time = 2.09 secs
Thu Aug 20 13:12:11 2026: Image # 50, module MeasureColocalization # 14: CPU_time = 402.50 secs, Wall_time = 104.39 secs
Thu Aug 20 13:13:56 2026: Image # 50, module ExportToSpreadsheet # 15: CPU_time = 0.00 secs, Wall_time = 0.00 secs
Thu Aug 20 13:13:56 2026: Image # 51, module Images # 1: CPU_time = 0.00 secs, Wall_time = 0.00 secs
Thu Aug 20 13:13:56 2026: Image # 51, module Metadata # 2: CPU_time = 0.00 secs, Wall_time = 0.00 secs
Thu Aug 20 13:13:56 2026: Image # 51, module NamesAndTypes # 3: CPU_time = 4.00 secs, Wall_time = 3.98 secs
Thu Aug 20 13:14:00 2026: Image # 51, module Groups # 4: CPU_time = 0.00 secs, Wall_time = 0.00 secs
Thu Aug 20 13:14:00 2026: Image # 51, module MaskImage # 5: CPU_time = 0.07 secs, Wall_time = 0.08 secs
Thu Aug 20 13:14:00 2026: Image # 51, module MaskImage # 6: CPU_time = 0.09 secs, Wall_time = 0.09 secs
Thu Aug 20 13:14:00 2026: Image # 51, module MaskImage # 7: CPU_time = 0.15 secs, Wall_time = 0.08 secs
Thu Aug 20 13:14:00 2026: Image # 51, module MaskObjects # 8: CPU_time = 0.71 secs, Wall_time = 0.49 secs
Thu Aug 20 13:14:01 2026: Image # 51, module MeasureObjectIntensity # 9: CPU_time = 4.65 secs, Wall_time = 4.65 secs
Thu Aug 20 13:14:05 2026: Image # 51, module MeasureGranularity # 10: CPU_time = 29.28 secs, Wall_time = 29.25 secs
Thu Aug 20 13:14:35 2026: Image # 51, module MeasureObjectIntensityDistribution # 11: CPU_time = 5.52 secs, Wall_time = 5.52 secs
Thu Aug 20 13:14:40 2026: Image # 51, module MeasureObjectIntensityDistribution # 12: CPU_time = 4.53 secs, Wall_time = 4.51 secs
Thu Aug 20 13:14:45 2026: Image # 51, module MeasureTexture # 13: CPU_time = 2.12 secs, Wall_time = 2.12 secs
Thu Aug 20 13:14:47 2026: Image # 51, module MeasureColocalization # 14: CPU_time = 362.59 secs, Wall_time = 93.54 secs
Thu Aug 20 13:16:20 2026: Image # 51, module ExportToSpreadsheet # 15: CPU_time = 0.00 secs, Wall_time = 0.00 secs
Thu Aug 20 13:16:20 2026: Image # 52, module Images # 1: CPU_time = 0.00 secs, Wall_time = 0.00 secs
Thu Aug 20 13:16:20 2026: Image # 52, module Metadata # 2: CPU_time = 0.00 secs, Wall_time = 0.00 secs
Thu Aug 20 13:16:20 2026: Image # 52, module NamesAndTypes # 3: CPU_time = 4.18 secs, Wall_time = 4.03 secs
Thu Aug 20 13:16:24 2026: Image # 52, module Groups # 4: CPU_time = 0.00 secs, Wall_time = 0.00 secs
Thu Aug 20 13:16:24 2026: Image # 52, module MaskImage # 5: CPU_time = 0.07 secs, Wall_time = 0.08 secs
Thu Aug 20 13:16:24 2026: Image # 52, module MaskImage # 6: CPU_time = 0.09 secs, Wall_time = 0.09 secs
Thu Aug 20 13:16:24 2026: Image # 52, module MaskImage # 7: CPU_time = 0.16 secs, Wall_time = 0.09 secs
Thu Aug 20 13:16:25 2026: Image # 52, module MaskObjects # 8: CPU_time = 0.71 secs, Wall_time = 0.49 secs
Thu Aug 20 13:16:25 2026: Image # 52, module MeasureObjectIntensity # 9: CPU_time = 3.55 secs, Wall_time = 3.54 secs
Thu Aug 20 13:16:29 2026: Image # 52, module MeasureGranularity # 10: CPU_time = 27.57 secs, Wall_time = 27.53 secs
Thu Aug 20 13:16:56 2026: Image # 52, module MeasureObjectIntensityDistribution # 11: CPU_time = 4.26 secs, Wall_time = 4.26 secs
Thu Aug 20 13:17:00 2026: Image # 52, module MeasureObjectIntensityDistribution # 12: CPU_time = 3.78 secs, Wall_time = 3.78 secs
Thu Aug 20 13:17:04 2026: Image # 52, module MeasureTexture # 13: CPU_time = 2.70 secs, Wall_time = 1.90 secs
Thu Aug 20 13:17:06 2026: Image # 52, module MeasureColocalization # 14: CPU_time = 242.66 secs, Wall_time = 62.17 secs
Thu Aug 20 13:18:08 2026: Image # 52, module ExportToSpreadsheet # 15: CPU_time = 0.00 secs, Wall_time = 0.00 secs
Thu Aug 20 13:18:08 2026: Image # 53, module Images # 1: CPU_time = 0.00 secs, Wall_time = 0.00 secs
Thu Aug 20 13:18:08 2026: Image # 53, module Metadata # 2: CPU_time = 0.00 secs, Wall_time = 0.00 secs
Thu Aug 20 13:18:08 2026: Image # 53, module NamesAndTypes # 3: CPU_time = 3.85 secs, Wall_time = 4.07 secs
Thu Aug 20 13:18:12 2026: Image # 53, module Groups # 4: CPU_time = 0.00 secs, Wall_time = 0.00 secs
Thu Aug 20 13:18:12 2026: Image # 53, module MaskImage # 5: CPU_time = 0.10 secs, Wall_time = 0.10 secs
Thu Aug 20 13:18:12 2026: Image # 53, module MaskImage # 6: CPU_time = 0.08 secs, Wall_time = 0.08 secs
Thu Aug 20 13:18:13 2026: Image # 53, module MaskImage # 7: CPU_time = 0.16 secs, Wall_time = 0.09 secs
Thu Aug 20 13:18:13 2026: Image # 53, module MaskObjects # 8: CPU_time = 0.77 secs, Wall_time = 0.55 secs
Thu Aug 20 13:18:13 2026: Image # 53, module MeasureObjectIntensity # 9: CPU_time = 7.46 secs, Wall_time = 7.45 secs
Thu Aug 20 13:18:21 2026: Image # 53, module MeasureGranularity # 10: CPU_time = 33.84 secs, Wall_time = 33.81 secs
Thu Aug 20 13:18:54 2026: Image # 53, module MeasureObjectIntensityDistribution # 11: CPU_time = 10.13 secs, Wall_time = 10.13 secs
Thu Aug 20 13:19:05 2026: Image # 53, module MeasureObjectIntensityDistribution # 12: CPU_time = 6.90 secs, Wall_time = 6.90 secs
Thu Aug 20 13:19:11 2026: Image # 53, module MeasureTexture # 13: CPU_time = 4.23 secs, Wall_time = 3.66 secs
Thu Aug 20 13:19:15 2026: Image # 53, module MeasureColocalization # 14: CPU_time = 1241.96 secs, Wall_time = 325.59 secs
Thu Aug 20 13:24:41 2026: Image # 53, module ExportToSpreadsheet # 15: CPU_time = 0.00 secs, Wall_time = 0.00 secs
Thu Aug 20 13:24:41 2026: Image # 54, module Images # 1: CPU_time = 0.00 secs, Wall_time = 0.00 secs
Thu Aug 20 13:24:41 2026: Image # 54, module Metadata # 2: CPU_time = 0.00 secs, Wall_time = 0.00 secs
Thu Aug 20 13:24:41 2026: Image # 54, module NamesAndTypes # 3: CPU_time = 3.85 secs, Wall_time = 4.04 secs
Thu Aug 20 13:24:45 2026: Image # 54, module Groups # 4: CPU_time = 0.00 secs, Wall_time = 0.00 secs
Thu Aug 20 13:24:45 2026: Image # 54, module MaskImage # 5: CPU_time = 0.08 secs, Wall_time = 0.08 secs
Thu Aug 20 13:24:45 2026: Image # 54, module MaskImage # 6: CPU_time = 0.09 secs, Wall_time = 0.09 secs
Thu Aug 20 13:24:45 2026: Image # 54, module MaskImage # 7: CPU_time = 0.15 secs, Wall_time = 0.08 secs
Thu Aug 20 13:24:45 2026: Image # 54, module MaskObjects # 8: CPU_time = 0.73 secs, Wall_time = 0.50 secs
Thu Aug 20 13:24:46 2026: Image # 54, module MeasureObjectIntensity # 9: CPU_time = 6.28 secs, Wall_time = 6.27 secs
Thu Aug 20 13:24:52 2026: Image # 54, module MeasureGranularity # 10: CPU_time = 29.67 secs, Wall_time = 29.63 secs
Thu Aug 20 13:25:21 2026: Image # 54, module MeasureObjectIntensityDistribution # 11: CPU_time = 7.80 secs, Wall_time = 7.80 secs
Thu Aug 20 13:25:29 2026: Image # 54, module MeasureObjectIntensityDistribution # 12: CPU_time = 5.03 secs, Wall_time = 5.01 secs
Thu Aug 20 13:25:34 2026: Image # 54, module MeasureTexture # 13: CPU_time = 3.10 secs, Wall_time = 3.10 secs
Thu Aug 20 13:25:37 2026: Image # 54, module MeasureColocalization # 14: CPU_time = 737.55 secs, Wall_time = 190.51 secs
Thu Aug 20 13:28:48 2026: Image # 54, module ExportToSpreadsheet # 15: CPU_time = 0.01 secs, Wall_time = 0.00 secs
Thu Aug 20 13:28:48 2026: Image # 55, module Images # 1: CPU_time = 0.00 secs, Wall_time = 0.00 secs
Thu Aug 20 13:28:48 2026: Image # 55, module Metadata # 2: CPU_time = 0.00 secs, Wall_time = 0.00 secs
Thu Aug 20 13:28:48 2026: Image # 55, module NamesAndTypes # 3: CPU_time = 3.71 secs, Wall_time = 3.59 secs
Thu Aug 20 13:28:51 2026: Image # 55, module Groups # 4: CPU_time = 0.00 secs, Wall_time = 0.00 secs
Thu Aug 20 13:28:51 2026: Image # 55, module MaskImage # 5: CPU_time = 0.08 secs, Wall_time = 0.08 secs
Thu Aug 20 13:28:52 2026: Image # 55, module MaskImage # 6: CPU_time = 0.09 secs, Wall_time = 0.09 secs
Thu Aug 20 13:28:52 2026: Image # 55, module MaskImage # 7: CPU_time = 0.16 secs, Wall_time = 0.08 secs
Thu Aug 20 13:28:52 2026: Image # 55, module MaskObjects # 8: CPU_time = 0.69 secs, Wall_time = 0.49 secs
Thu Aug 20 13:28:52 2026: Image # 55, module MeasureObjectIntensity # 9: CPU_time = 7.42 secs, Wall_time = 7.41 secs
Thu Aug 20 13:29:00 2026: Image # 55, module MeasureGranularity # 10: CPU_time = 31.64 secs, Wall_time = 31.61 secs
Thu Aug 20 13:29:31 2026: Image # 55, module MeasureObjectIntensityDistribution # 11: CPU_time = 9.06 secs, Wall_time = 9.06 secs
Thu Aug 20 13:29:40 2026: Image # 55, module MeasureObjectIntensityDistribution # 12: CPU_time = 5.56 secs, Wall_time = 5.55 secs
Thu Aug 20 13:29:46 2026: Image # 55, module MeasureTexture # 13: CPU_time = 5.04 secs, Wall_time = 3.88 secs
Thu Aug 20 13:29:50 2026: Image # 55, module MeasureColocalization # 14: CPU_time = 1044.91 secs, Wall_time = 272.94 secs
Thu Aug 20 13:34:23 2026: Image # 55, module ExportToSpreadsheet # 15: CPU_time = 0.00 secs, Wall_time = 0.00 secs
Thu Aug 20 13:34:23 2026: Image # 56, module Images # 1: CPU_time = 0.00 secs, Wall_time = 0.00 secs
Thu Aug 20 13:34:23 2026: Image # 56, module Metadata # 2: CPU_time = 0.00 secs, Wall_time = 0.00 secs
Thu Aug 20 13:34:23 2026: Image # 56, module NamesAndTypes # 3: CPU_time = 3.79 secs, Wall_time = 3.94 secs
Thu Aug 20 13:34:27 2026: Image # 56, module Groups # 4: CPU_time = 0.00 secs, Wall_time = 0.00 secs
Thu Aug 20 13:34:27 2026: Image # 56, module MaskImage # 5: CPU_time = 0.08 secs, Wall_time = 0.07 secs
Thu Aug 20 13:34:27 2026: Image # 56, module MaskImage # 6: CPU_time = 0.08 secs, Wall_time = 0.08 secs
Thu Aug 20 13:34:27 2026: Image # 56, module MaskImage # 7: CPU_time = 0.15 secs, Wall_time = 0.08 secs
Thu Aug 20 13:34:27 2026: Image # 56, module MaskObjects # 8: CPU_time = 0.72 secs, Wall_time = 0.49 secs
Thu Aug 20 13:34:27 2026: Image # 56, module MeasureObjectIntensity # 9: CPU_time = 6.96 secs, Wall_time = 6.95 secs
Thu Aug 20 13:34:34 2026: Image # 56, module MeasureGranularity # 10: CPU_time = 30.66 secs, Wall_time = 30.64 secs
Thu Aug 20 13:35:05 2026: Image # 56, module MeasureObjectIntensityDistribution # 11: CPU_time = 8.93 secs, Wall_time = 8.92 secs
Thu Aug 20 13:35:14 2026: Image # 56, module MeasureObjectIntensityDistribution # 12: CPU_time = 5.71 secs, Wall_time = 5.72 secs
Thu Aug 20 13:35:20 2026: Image # 56, module MeasureTexture # 13: CPU_time = 5.48 secs, Wall_time = 3.76 secs
Thu Aug 20 13:35:23 2026: Image # 56, module MeasureColocalization # 14: CPU_time = 948.99 secs, Wall_time = 246.50 secs
Thu Aug 20 13:39:30 2026: Image # 56, module ExportToSpreadsheet # 15: CPU_time = 0.00 secs, Wall_time = 0.00 secs
Thu Aug 20 13:39:30 2026: Image # 57, module Images # 1: CPU_time = 0.00 secs, Wall_time = 0.00 secs
Thu Aug 20 13:39:30 2026: Image # 57, module Metadata # 2: CPU_time = 0.00 secs, Wall_time = 0.00 secs
Thu Aug 20 13:39:30 2026: Image # 57, module NamesAndTypes # 3: CPU_time = 3.81 secs, Wall_time = 3.72 secs
Thu Aug 20 13:39:34 2026: Image # 57, module Groups # 4: CPU_time = 0.00 secs, Wall_time = 0.00 secs
Thu Aug 20 13:39:34 2026: Image # 57, module MaskImage # 5: CPU_time = 0.08 secs, Wall_time = 0.08 secs
Thu Aug 20 13:39:34 2026: Image # 57, module MaskImage # 6: CPU_time = 0.10 secs, Wall_time = 0.09 secs
Thu Aug 20 13:39:34 2026: Image # 57, module MaskImage # 7: CPU_time = 0.15 secs, Wall_time = 0.08 secs
Thu Aug 20 13:39:34 2026: Image # 57, module MaskObjects # 8: CPU_time = 0.71 secs, Wall_time = 0.49 secs
Thu Aug 20 13:39:34 2026: Image # 57, module MeasureObjectIntensity # 9: CPU_time = 7.16 secs, Wall_time = 7.15 secs
Thu Aug 20 13:39:42 2026: Image # 57, module MeasureGranularity # 10: CPU_time = 31.16 secs, Wall_time = 31.12 secs
Thu Aug 20 13:40:13 2026: Image # 57, module MeasureObjectIntensityDistribution # 11: CPU_time = 8.95 secs, Wall_time = 8.93 secs
Thu Aug 20 13:40:22 2026: Image # 57, module MeasureObjectIntensityDistribution # 12: CPU_time = 5.86 secs, Wall_time = 5.86 secs
Thu Aug 20 13:40:28 2026: Image # 57, module MeasureTexture # 13: CPU_time = 7.32 secs, Wall_time = 3.99 secs
Thu Aug 20 13:40:32 2026: Image # 57, module MeasureColocalization # 14: CPU_time = 739.28 secs, Wall_time = 192.64 secs
Thu Aug 20 13:43:44 2026: Image # 57, module ExportToSpreadsheet # 15: CPU_time = 0.00 secs, Wall_time = 0.00 secs
Thu Aug 20 13:43:44 2026: Image # 58, module Images # 1: CPU_time = 0.00 secs, Wall_time = 0.00 secs
Thu Aug 20 13:43:44 2026: Image # 58, module Metadata # 2: CPU_time = 0.00 secs, Wall_time = 0.00 secs
Thu Aug 20 13:43:44 2026: Image # 58, module NamesAndTypes # 3: CPU_time = 3.75 secs, Wall_time = 3.54 secs
Thu Aug 20 13:43:48 2026: Image # 58, module Groups # 4: CPU_time = 0.00 secs, Wall_time = 0.00 secs
Thu Aug 20 13:43:48 2026: Image # 58, module MaskImage # 5: CPU_time = 0.08 secs, Wall_time = 0.08 secs
Thu Aug 20 13:43:48 2026: Image # 58, module MaskImage # 6: CPU_time = 0.10 secs, Wall_time = 0.10 secs
Thu Aug 20 13:43:48 2026: Image # 58, module MaskImage # 7: CPU_time = 0.16 secs, Wall_time = 0.08 secs
Thu Aug 20 13:43:48 2026: Image # 58, module MaskObjects # 8: CPU_time = 0.71 secs, Wall_time = 0.48 secs
Thu Aug 20 13:43:48 2026: Image # 58, module MeasureObjectIntensity # 9: CPU_time = 6.04 secs, Wall_time = 6.04 secs
Thu Aug 20 13:43:54 2026: Image # 58, module MeasureGranularity # 10: CPU_time = 29.62 secs, Wall_time = 29.59 secs
Thu Aug 20 13:44:24 2026: Image # 58, module MeasureObjectIntensityDistribution # 11: CPU_time = 7.13 secs, Wall_time = 7.13 secs
Thu Aug 20 13:44:31 2026: Image # 58, module MeasureObjectIntensityDistribution # 12: CPU_time = 4.92 secs, Wall_time = 4.91 secs
Thu Aug 20 13:44:36 2026: Image # 58, module MeasureTexture # 13: CPU_time = 6.28 secs, Wall_time = 3.41 secs
Thu Aug 20 13:44:40 2026: Image # 58, module MeasureColocalization # 14: CPU_time = 646.80 secs, Wall_time = 170.27 secs
Thu Aug 20 13:47:30 2026: Image # 58, module ExportToSpreadsheet # 15: CPU_time = 0.00 secs, Wall_time = 0.00 secs
Thu Aug 20 13:47:30 2026: Image # 59, module Images # 1: CPU_time = 0.00 secs, Wall_time = 0.00 secs
Thu Aug 20 13:47:30 2026: Image # 59, module Metadata # 2: CPU_time = 0.00 secs, Wall_time = 0.00 secs
Thu Aug 20 13:47:30 2026: Image # 59, module NamesAndTypes # 3: CPU_time = 3.90 secs, Wall_time = 3.53 secs
Thu Aug 20 13:47:33 2026: Image # 59, module Groups # 4: CPU_time = 0.00 secs, Wall_time = 0.00 secs
Thu Aug 20 13:47:33 2026: Image # 59, module MaskImage # 5: CPU_time = 0.07 secs, Wall_time = 0.08 secs
Thu Aug 20 13:47:33 2026: Image # 59, module MaskImage # 6: CPU_time = 0.07 secs, Wall_time = 0.07 secs
Thu Aug 20 13:47:34 2026: Image # 59, module MaskImage # 7: CPU_time = 0.15 secs, Wall_time = 0.08 secs
Thu Aug 20 13:47:34 2026: Image # 59, module MaskObjects # 8: CPU_time = 0.65 secs, Wall_time = 0.45 secs
Thu Aug 20 13:47:34 2026: Image # 59, module MeasureObjectIntensity # 9: CPU_time = 5.74 secs, Wall_time = 5.74 secs
Thu Aug 20 13:47:40 2026: Image # 59, module MeasureGranularity # 10: CPU_time = 28.32 secs, Wall_time = 28.29 secs
Thu Aug 20 13:48:08 2026: Image # 59, module MeasureObjectIntensityDistribution # 11: CPU_time = 6.16 secs, Wall_time = 6.16 secs
Thu Aug 20 13:48:14 2026: Image # 59, module MeasureObjectIntensityDistribution # 12: CPU_time = 5.33 secs, Wall_time = 5.32 secs
Thu Aug 20 13:48:20 2026: Image # 59, module MeasureTexture # 13: CPU_time = 2.13 secs, Wall_time = 2.14 secs
Thu Aug 20 13:48:22 2026: Image # 59, module MeasureColocalization # 14: CPU_time = 241.23 secs, Wall_time = 65.78 secs
Thu Aug 20 13:49:28 2026: Image # 59, module ExportToSpreadsheet # 15: CPU_time = 0.00 secs, Wall_time = 0.00 secs
Thu Aug 20 13:49:28 2026: Image # 60, module Images # 1: CPU_time = 0.00 secs, Wall_time = 0.00 secs
Thu Aug 20 13:49:28 2026: Image # 60, module Metadata # 2: CPU_time = 0.00 secs, Wall_time = 0.00 secs
Thu Aug 20 13:49:28 2026: Image # 60, module NamesAndTypes # 3: CPU_time = 3.88 secs, Wall_time = 3.63 secs
Thu Aug 20 13:49:31 2026: Image # 60, module Groups # 4: CPU_time = 0.00 secs, Wall_time = 0.00 secs
Thu Aug 20 13:49:31 2026: Image # 60, module MaskImage # 5: CPU_time = 0.08 secs, Wall_time = 0.08 secs
Thu Aug 20 13:49:31 2026: Image # 60, module MaskImage # 6: CPU_time = 0.08 secs, Wall_time = 0.08 secs
Thu Aug 20 13:49:31 2026: Image # 60, module MaskImage # 7: CPU_time = 0.16 secs, Wall_time = 0.08 secs
Thu Aug 20 13:49:31 2026: Image # 60, module MaskObjects # 8: CPU_time = 0.64 secs, Wall_time = 0.45 secs
Thu Aug 20 13:49:32 2026: Image # 60, module MeasureObjectIntensity # 9: CPU_time = 5.83 secs, Wall_time = 5.82 secs
Thu Aug 20 13:49:38 2026: Image # 60, module MeasureGranularity # 10: CPU_time = 28.00 secs, Wall_time = 27.96 secs
Thu Aug 20 13:50:06 2026: Image # 60, module MeasureObjectIntensityDistribution # 11: CPU_time = 6.18 secs, Wall_time = 6.19 secs
Thu Aug 20 13:50:12 2026: Image # 60, module MeasureObjectIntensityDistribution # 12: CPU_time = 5.43 secs, Wall_time = 5.43 secs
Thu Aug 20 13:50:17 2026: Image # 60, module MeasureTexture # 13: CPU_time = 2.84 secs, Wall_time = 2.26 secs
Thu Aug 20 13:50:20 2026: Image # 60, module MeasureColocalization # 14: CPU_time = 267.30 secs, Wall_time = 74.52 secs
Thu Aug 20 13:51:34 2026: Image # 60, module ExportToSpreadsheet # 15: CPU_time = 0.00 secs, Wall_time = 0.00 secs
Thu Aug 20 13:51:34 2026: Image # 61, module Images # 1: CPU_time = 0.00 secs, Wall_time = 0.00 secs
Thu Aug 20 13:51:34 2026: Image # 61, module Metadata # 2: CPU_time = 0.00 secs, Wall_time = 0.00 secs
Thu Aug 20 13:51:34 2026: Image # 61, module NamesAndTypes # 3: CPU_time = 3.89 secs, Wall_time = 4.14 secs
Thu Aug 20 13:51:38 2026: Image # 61, module Groups # 4: CPU_time = 0.00 secs, Wall_time = 0.00 secs
Thu Aug 20 13:51:38 2026: Image # 61, module MaskImage # 5: CPU_time = 0.07 secs, Wall_time = 0.08 secs
Thu Aug 20 13:51:38 2026: Image # 61, module MaskImage # 6: CPU_time = 0.08 secs, Wall_time = 0.08 secs
Thu Aug 20 13:51:38 2026: Image # 61, module MaskImage # 7: CPU_time = 0.16 secs, Wall_time = 0.08 secs
Thu Aug 20 13:51:38 2026: Image # 61, module MaskObjects # 8: CPU_time = 0.68 secs, Wall_time = 0.45 secs
Thu Aug 20 13:51:39 2026: Image # 61, module MeasureObjectIntensity # 9: CPU_time = 5.94 secs, Wall_time = 5.94 secs
Thu Aug 20 13:51:45 2026: Image # 61, module MeasureGranularity # 10: CPU_time = 28.41 secs, Wall_time = 28.38 secs
Thu Aug 20 13:52:13 2026: Image # 61, module MeasureObjectIntensityDistribution # 11: CPU_time = 5.90 secs, Wall_time = 5.89 secs
Thu Aug 20 13:52:19 2026: Image # 61, module MeasureObjectIntensityDistribution # 12: CPU_time = 5.03 secs, Wall_time = 5.03 secs
Thu Aug 20 13:52:24 2026: Image # 61, module MeasureTexture # 13: CPU_time = 2.80 secs, Wall_time = 2.22 secs
Thu Aug 20 13:52:26 2026: Image # 61, module MeasureColocalization # 14: CPU_time = 319.91 secs, Wall_time = 86.96 secs
Thu Aug 20 13:53:53 2026: Image # 61, module ExportToSpreadsheet # 15: CPU_time = 0.00 secs, Wall_time = 0.00 secs
Thu Aug 20 13:53:53 2026: Image # 62, module Images # 1: CPU_time = 0.00 secs, Wall_time = 0.00 secs
Thu Aug 20 13:53:53 2026: Image # 62, module Metadata # 2: CPU_time = 0.00 secs, Wall_time = 0.00 secs
Thu Aug 20 13:53:53 2026: Image # 62, module NamesAndTypes # 3: CPU_time = 3.82 secs, Wall_time = 3.40 secs
Thu Aug 20 13:53:57 2026: Image # 62, module Groups # 4: CPU_time = 0.00 secs, Wall_time = 0.00 secs
Thu Aug 20 13:53:57 2026: Image # 62, module MaskImage # 5: CPU_time = 0.08 secs, Wall_time = 0.07 secs
Thu Aug 20 13:53:57 2026: Image # 62, module MaskImage # 6: CPU_time = 0.07 secs, Wall_time = 0.08 secs
Thu Aug 20 13:53:57 2026: Image # 62, module MaskImage # 7: CPU_time = 0.17 secs, Wall_time = 0.09 secs
Thu Aug 20 13:53:57 2026: Image # 62, module MaskObjects # 8: CPU_time = 0.70 secs, Wall_time = 0.50 secs
Thu Aug 20 13:53:58 2026: Image # 62, module MeasureObjectIntensity # 9: CPU_time = 10.65 secs, Wall_time = 10.63 secs
Thu Aug 20 13:54:08 2026: Image # 62, module MeasureGranularity # 10: CPU_time = 35.07 secs, Wall_time = 35.03 secs
Thu Aug 20 13:54:43 2026: Image # 62, module MeasureObjectIntensityDistribution # 11: CPU_time = 10.65 secs, Wall_time = 10.64 secs
Thu Aug 20 13:54:54 2026: Image # 62, module MeasureObjectIntensityDistribution # 12: CPU_time = 9.14 secs, Wall_time = 9.13 secs
Thu Aug 20 13:55:03 2026: Image # 62, module MeasureTexture # 13: CPU_time = 2.83 secs, Wall_time = 2.83 secs
Thu Aug 20 13:55:06 2026: Image # 62, module MeasureColocalization # 14: CPU_time = 462.01 secs, Wall_time = 139.57 secs
Thu Aug 20 13:57:25 2026: Image # 62, module ExportToSpreadsheet # 15: CPU_time = 0.00 secs, Wall_time = 0.00 secs
Thu Aug 20 13:57:25 2026: Image # 63, module Images # 1: CPU_time = 0.00 secs, Wall_time = 0.00 secs
Thu Aug 20 13:57:25 2026: Image # 63, module Metadata # 2: CPU_time = 0.00 secs, Wall_time = 0.00 secs
Thu Aug 20 13:57:25 2026: Image # 63, module NamesAndTypes # 3: CPU_time = 3.90 secs, Wall_time = 3.68 secs
Thu Aug 20 13:57:29 2026: Image # 63, module Groups # 4: CPU_time = 0.00 secs, Wall_time = 0.00 secs
Thu Aug 20 13:57:29 2026: Image # 63, module MaskImage # 5: CPU_time = 0.07 secs, Wall_time = 0.08 secs
Thu Aug 20 13:57:29 2026: Image # 63, module MaskImage # 6: CPU_time = 0.08 secs, Wall_time = 0.07 secs
Thu Aug 20 13:57:29 2026: Image # 63, module MaskImage # 7: CPU_time = 0.15 secs, Wall_time = 0.08 secs
Thu Aug 20 13:57:29 2026: Image # 63, module MaskObjects # 8: CPU_time = 0.71 secs, Wall_time = 0.49 secs
Thu Aug 20 13:57:30 2026: Image # 63, module MeasureObjectIntensity # 9: CPU_time = 11.15 secs, Wall_time = 11.12 secs
Thu Aug 20 13:57:41 2026: Image # 63, module MeasureGranularity # 10: CPU_time = 35.64 secs, Wall_time = 35.61 secs
Thu Aug 20 13:58:17 2026: Image # 63, module MeasureObjectIntensityDistribution # 11: CPU_time = 11.25 secs, Wall_time = 11.24 secs
Thu Aug 20 13:58:28 2026: Image # 63, module MeasureObjectIntensityDistribution # 12: CPU_time = 9.54 secs, Wall_time = 9.54 secs
Thu Aug 20 13:58:37 2026: Image # 63, module MeasureTexture # 13: CPU_time = 4.36 secs, Wall_time = 3.18 secs
Thu Aug 20 13:58:41 2026: Image # 63, module MeasureColocalization # 14: CPU_time = 655.47 secs, Wall_time = 210.99 secs
Thu Aug 20 14:02:12 2026: Image # 63, module ExportToSpreadsheet # 15: CPU_time = 0.00 secs, Wall_time = 0.02 secs
Thu Aug 20 14:02:12 2026: Image # 64, module Images # 1: CPU_time = 0.00 secs, Wall_time = 0.00 secs
Thu Aug 20 14:02:12 2026: Image # 64, module Metadata # 2: CPU_time = 0.00 secs, Wall_time = 0.00 secs
Thu Aug 20 14:02:12 2026: Image # 64, module NamesAndTypes # 3: CPU_time = 4.02 secs, Wall_time = 3.39 secs
Thu Aug 20 14:02:15 2026: Image # 64, module Groups # 4: CPU_time = 0.00 secs, Wall_time = 0.00 secs
Thu Aug 20 14:02:15 2026: Image # 64, module MaskImage # 5: CPU_time = 0.07 secs, Wall_time = 0.08 secs
Thu Aug 20 14:02:15 2026: Image # 64, module MaskImage # 6: CPU_time = 0.08 secs, Wall_time = 0.08 secs
Thu Aug 20 14:02:15 2026: Image # 64, module MaskImage # 7: CPU_time = 0.18 secs, Wall_time = 0.08 secs
Thu Aug 20 14:02:15 2026: Image # 64, module MaskObjects # 8: CPU_time = 0.68 secs, Wall_time = 0.45 secs
Thu Aug 20 14:02:16 2026: Image # 64, module MeasureObjectIntensity # 9: CPU_time = 7.22 secs, Wall_time = 7.22 secs
Thu Aug 20 14:02:23 2026: Image # 64, module MeasureGranularity # 10: CPU_time = 29.98 secs, Wall_time = 29.95 secs
Thu Aug 20 14:02:53 2026: Image # 64, module MeasureObjectIntensityDistribution # 11: CPU_time = 7.49 secs, Wall_time = 7.48 secs
Thu Aug 20 14:03:00 2026: Image # 64, module MeasureObjectIntensityDistribution # 12: CPU_time = 6.55 secs, Wall_time = 6.54 secs
Thu Aug 20 14:03:07 2026: Image # 64, module MeasureTexture # 13: CPU_time = 2.27 secs, Wall_time = 2.26 secs
Thu Aug 20 14:03:09 2026: Image # 64, module MeasureColocalization # 14: CPU_time = 288.11 secs, Wall_time = 80.01 secs
Thu Aug 20 14:04:29 2026: Image # 64, module ExportToSpreadsheet # 15: CPU_time = 0.00 secs, Wall_time = 0.00 secs
Thu Aug 20 14:04:29 2026: Image # 65, module Images # 1: CPU_time = 0.00 secs, Wall_time = 0.00 secs
Thu Aug 20 14:04:29 2026: Image # 65, module Metadata # 2: CPU_time = 0.00 secs, Wall_time = 0.00 secs
Thu Aug 20 14:04:29 2026: Image # 65, module NamesAndTypes # 3: CPU_time = 3.69 secs, Wall_time = 3.37 secs
Thu Aug 20 14:04:33 2026: Image # 65, module Groups # 4: CPU_time = 0.00 secs, Wall_time = 0.00 secs
Thu Aug 20 14:04:33 2026: Image # 65, module MaskImage # 5: CPU_time = 0.08 secs, Wall_time = 0.08 secs
Thu Aug 20 14:04:33 2026: Image # 65, module MaskImage # 6: CPU_time = 0.07 secs, Wall_time = 0.08 secs
Thu Aug 20 14:04:33 2026: Image # 65, module MaskImage # 7: CPU_time = 0.20 secs, Wall_time = 0.11 secs
Thu Aug 20 14:04:33 2026: Image # 65, module MaskObjects # 8: CPU_time = 0.73 secs, Wall_time = 0.49 secs
Thu Aug 20 14:04:33 2026: Image # 65, module MeasureObjectIntensity # 9: CPU_time = 6.40 secs, Wall_time = 6.40 secs
Thu Aug 20 14:04:40 2026: Image # 65, module MeasureGranularity # 10: CPU_time = 30.13 secs, Wall_time = 30.10 secs
Thu Aug 20 14:05:10 2026: Image # 65, module MeasureObjectIntensityDistribution # 11: CPU_time = 8.01 secs, Wall_time = 8.00 secs
Thu Aug 20 14:05:18 2026: Image # 65, module MeasureObjectIntensityDistribution # 12: CPU_time = 6.10 secs, Wall_time = 6.09 secs
Thu Aug 20 14:05:24 2026: Image # 65, module MeasureTexture # 13: CPU_time = 2.73 secs, Wall_time = 2.73 secs
Thu Aug 20 14:05:27 2026: Image # 65, module MeasureColocalization # 14: CPU_time = 346.84 secs, Wall_time = 89.30 secs
Thu Aug 20 14:06:56 2026: Image # 65, module ExportToSpreadsheet # 15: CPU_time = 0.00 secs, Wall_time = 0.00 secs
Thu Aug 20 14:06:56 2026: Image # 66, module Images # 1: CPU_time = 0.00 secs, Wall_time = 0.00 secs
Thu Aug 20 14:06:56 2026: Image # 66, module Metadata # 2: CPU_time = 0.00 secs, Wall_time = 0.00 secs
Thu Aug 20 14:06:56 2026: Image # 66, module NamesAndTypes # 3: CPU_time = 3.79 secs, Wall_time = 3.40 secs
Thu Aug 20 14:06:59 2026: Image # 66, module Groups # 4: CPU_time = 0.00 secs, Wall_time = 0.00 secs
Thu Aug 20 14:06:59 2026: Image # 66, module MaskImage # 5: CPU_time = 0.09 secs, Wall_time = 0.08 secs
Thu Aug 20 14:06:59 2026: Image # 66, module MaskImage # 6: CPU_time = 0.07 secs, Wall_time = 0.08 secs
Thu Aug 20 14:06:59 2026: Image # 66, module MaskImage # 7: CPU_time = 0.16 secs, Wall_time = 0.08 secs
Thu Aug 20 14:07:00 2026: Image # 66, module MaskObjects # 8: CPU_time = 0.74 secs, Wall_time = 0.54 secs
Thu Aug 20 14:07:00 2026: Image # 66, module MeasureObjectIntensity # 9: CPU_time = 12.16 secs, Wall_time = 12.15 secs
Thu Aug 20 14:07:12 2026: Image # 66, module MeasureGranularity # 10: CPU_time = 40.03 secs, Wall_time = 39.98 secs
Thu Aug 20 14:07:52 2026: Image # 66, module MeasureObjectIntensityDistribution # 11: CPU_time = 13.88 secs, Wall_time = 13.86 secs
Thu Aug 20 14:08:06 2026: Image # 66, module MeasureObjectIntensityDistribution # 12: CPU_time = 9.93 secs, Wall_time = 9.91 secs
Thu Aug 20 14:08:16 2026: Image # 66, module MeasureTexture # 13: CPU_time = 3.96 secs, Wall_time = 3.96 secs
Thu Aug 20 14:08:20 2026: Image # 66, module MeasureColocalization # 14: CPU_time = 764.93 secs, Wall_time = 248.94 secs
Thu Aug 20 14:12:29 2026: Image # 66, module ExportToSpreadsheet # 15: CPU_time = 0.00 secs, Wall_time = 0.00 secs
Thu Aug 20 14:12:29 2026: Image # 67, module Images # 1: CPU_time = 0.00 secs, Wall_time = 0.00 secs
Thu Aug 20 14:12:29 2026: Image # 67, module Metadata # 2: CPU_time = 0.00 secs, Wall_time = 0.00 secs
Thu Aug 20 14:12:29 2026: Image # 67, module NamesAndTypes # 3: CPU_time = 3.91 secs, Wall_time = 3.83 secs
Thu Aug 20 14:12:33 2026: Image # 67, module Groups # 4: CPU_time = 0.00 secs, Wall_time = 0.00 secs
Thu Aug 20 14:12:33 2026: Image # 67, module MaskImage # 5: CPU_time = 0.08 secs, Wall_time = 0.08 secs
Thu Aug 20 14:12:33 2026: Image # 67, module MaskImage # 6: CPU_time = 0.08 secs, Wall_time = 0.07 secs
Thu Aug 20 14:12:33 2026: Image # 67, module MaskImage # 7: CPU_time = 0.17 secs, Wall_time = 0.09 secs
Thu Aug 20 14:12:33 2026: Image # 67, module MaskObjects # 8: CPU_time = 0.76 secs, Wall_time = 0.56 secs
Thu Aug 20 14:12:34 2026: Image # 67, module MeasureObjectIntensity # 9: CPU_time = 10.77 secs, Wall_time = 10.75 secs
Thu Aug 20 14:12:44 2026: Image # 67, module MeasureGranularity # 10: CPU_time = 37.62 secs, Wall_time = 37.58 secs
Thu Aug 20 14:13:22 2026: Image # 67, module MeasureObjectIntensityDistribution # 11: CPU_time = 12.71 secs, Wall_time = 12.70 secs
Thu Aug 20 14:13:35 2026: Image # 67, module MeasureObjectIntensityDistribution # 12: CPU_time = 9.34 secs, Wall_time = 9.32 secs
Thu Aug 20 14:13:44 2026: Image # 67, module MeasureTexture # 13: CPU_time = 3.76 secs, Wall_time = 3.76 secs
Thu Aug 20 14:13:48 2026: Image # 67, module MeasureColocalization # 14: CPU_time = 882.15 secs, Wall_time = 269.34 secs
Thu Aug 20 14:18:17 2026: Image # 67, module ExportToSpreadsheet # 15: CPU_time = 0.00 secs, Wall_time = 0.00 secs
Thu Aug 20 14:18:17 2026: Image # 68, module Images # 1: CPU_time = 0.00 secs, Wall_time = 0.00 secs
Thu Aug 20 14:18:17 2026: Image # 68, module Metadata # 2: CPU_time = 0.00 secs, Wall_time = 0.00 secs
Thu Aug 20 14:18:17 2026: Image # 68, module NamesAndTypes # 3: CPU_time = 4.10 secs, Wall_time = 4.12 secs
Thu Aug 20 14:18:21 2026: Image # 68, module Groups # 4: CPU_time = 0.00 secs, Wall_time = 0.00 secs
Thu Aug 20 14:18:21 2026: Image # 68, module MaskImage # 5: CPU_time = 0.08 secs, Wall_time = 0.09 secs
Thu Aug 20 14:18:21 2026: Image # 68, module MaskImage # 6: CPU_time = 0.09 secs, Wall_time = 0.08 secs
Thu Aug 20 14:18:21 2026: Image # 68, module MaskImage # 7: CPU_time = 0.17 secs, Wall_time = 0.09 secs
Thu Aug 20 14:18:22 2026: Image # 68, module MaskObjects # 8: CPU_time = 0.78 secs, Wall_time = 0.56 secs
Thu Aug 20 14:18:22 2026: Image # 68, module MeasureObjectIntensity # 9: CPU_time = 9.90 secs, Wall_time = 9.90 secs
Thu Aug 20 14:18:32 2026: Image # 68, module MeasureGranularity # 10: CPU_time = 37.42 secs, Wall_time = 37.38 secs
Thu Aug 20 14:19:09 2026: Image # 68, module MeasureObjectIntensityDistribution # 11: CPU_time = 11.92 secs, Wall_time = 11.92 secs
Thu Aug 20 14:19:21 2026: Image # 68, module MeasureObjectIntensityDistribution # 12: CPU_time = 8.98 secs, Wall_time = 8.97 secs
Thu Aug 20 14:19:30 2026: Image # 68, module MeasureTexture # 13: CPU_time = 3.47 secs, Wall_time = 3.47 secs
Thu Aug 20 14:19:34 2026: Image # 68, module MeasureColocalization # 14: CPU_time = 503.88 secs, Wall_time = 150.68 secs
Thu Aug 20 14:22:04 2026: Image # 68, module ExportToSpreadsheet # 15: CPU_time = 0.00 secs, Wall_time = 0.00 secs
Thu Aug 20 14:22:04 2026: Image # 69, module Images # 1: CPU_time = 0.00 secs, Wall_time = 0.00 secs
Thu Aug 20 14:22:04 2026: Image # 69, module Metadata # 2: CPU_time = 0.00 secs, Wall_time = 0.00 secs
Thu Aug 20 14:22:04 2026: Image # 69, module NamesAndTypes # 3: CPU_time = 3.97 secs, Wall_time = 3.65 secs
Thu Aug 20 14:22:08 2026: Image # 69, module Groups # 4: CPU_time = 0.00 secs, Wall_time = 0.00 secs
Thu Aug 20 14:22:08 2026: Image # 69, module MaskImage # 5: CPU_time = 0.08 secs, Wall_time = 0.09 secs
Thu Aug 20 14:22:08 2026: Image # 69, module MaskImage # 6: CPU_time = 0.08 secs, Wall_time = 0.08 secs
Thu Aug 20 14:22:08 2026: Image # 69, module MaskImage # 7: CPU_time = 0.17 secs, Wall_time = 0.09 secs
Thu Aug 20 14:22:08 2026: Image # 69, module MaskObjects # 8: CPU_time = 0.76 secs, Wall_time = 0.56 secs
Thu Aug 20 14:22:09 2026: Image # 69, module MeasureObjectIntensity # 9: CPU_time = 10.80 secs, Wall_time = 10.78 secs
Thu Aug 20 14:22:20 2026: Image # 69, module MeasureGranularity # 10: CPU_time = 39.10 secs, Wall_time = 39.05 secs
Thu Aug 20 14:22:59 2026: Image # 69, module MeasureObjectIntensityDistribution # 11: CPU_time = 12.73 secs, Wall_time = 12.71 secs
Thu Aug 20 14:23:11 2026: Image # 69, module MeasureObjectIntensityDistribution # 12: CPU_time = 9.41 secs, Wall_time = 9.40 secs
Thu Aug 20 14:23:21 2026: Image # 69, module MeasureTexture # 13: CPU_time = 3.75 secs, Wall_time = 3.74 secs
Thu Aug 20 14:23:25 2026: Image # 69, module MeasureColocalization # 14: CPU_time = 621.42 secs, Wall_time = 194.49 secs
Thu Aug 20 14:26:39 2026: Image # 69, module ExportToSpreadsheet # 15: CPU_time = 0.00 secs, Wall_time = 0.00 secs
Thu Aug 20 14:26:39 2026: Image # 70, module Images # 1: CPU_time = 0.00 secs, Wall_time = 0.00 secs
Thu Aug 20 14:26:39 2026: Image # 70, module Metadata # 2: CPU_time = 0.00 secs, Wall_time = 0.00 secs
Thu Aug 20 14:26:39 2026: Image # 70, module NamesAndTypes # 3: CPU_time = 3.94 secs, Wall_time = 3.56 secs
Thu Aug 20 14:26:43 2026: Image # 70, module Groups # 4: CPU_time = 0.00 secs, Wall_time = 0.00 secs
Thu Aug 20 14:26:43 2026: Image # 70, module MaskImage # 5: CPU_time = 0.08 secs, Wall_time = 0.08 secs
Thu Aug 20 14:26:43 2026: Image # 70, module MaskImage # 6: CPU_time = 0.09 secs, Wall_time = 0.08 secs
Thu Aug 20 14:26:43 2026: Image # 70, module MaskImage # 7: CPU_time = 0.17 secs, Wall_time = 0.09 secs
Thu Aug 20 14:26:43 2026: Image # 70, module MaskObjects # 8: CPU_time = 0.80 secs, Wall_time = 0.56 secs
Thu Aug 20 14:26:44 2026: Image # 70, module MeasureObjectIntensity # 9: CPU_time = 11.26 secs, Wall_time = 11.25 secs
Thu Aug 20 14:26:55 2026: Image # 70, module MeasureGranularity # 10: CPU_time = 40.14 secs, Wall_time = 40.10 secs
Thu Aug 20 14:27:35 2026: Image # 70, module MeasureObjectIntensityDistribution # 11: CPU_time = 14.07 secs, Wall_time = 14.06 secs
Thu Aug 20 14:27:49 2026: Image # 70, module MeasureObjectIntensityDistribution # 12: CPU_time = 10.50 secs, Wall_time = 10.48 secs
Thu Aug 20 14:27:59 2026: Image # 70, module MeasureTexture # 13: CPU_time = 4.01 secs, Wall_time = 4.01 secs
Thu Aug 20 14:28:03 2026: Image # 70, module MeasureColocalization # 14: CPU_time = 605.93 secs, Wall_time = 166.99 secs
Thu Aug 20 14:30:50 2026: Image # 70, module ExportToSpreadsheet # 15: CPU_time = 0.00 secs, Wall_time = 0.00 secs
