Times reported are CPU and Wall-clock times for each module
Thu Aug 20 18:19:00 2026: Image # 1, module Images # 1: CPU_time = 0.00 secs, Wall_time = 0.00 secs
Thu Aug 20 18:19:00 2026: Image # 1, module Metadata # 2: CPU_time = 0.00 secs, Wall_time = 0.00 secs
Thu Aug 20 18:19:00 2026: Image # 1, module NamesAndTypes # 3: CPU_time = 5.00 secs, Wall_time = 3.63 secs
Thu Aug 20 18:19:04 2026: Image # 1, module Groups # 4: CPU_time = 0.00 secs, Wall_time = 0.00 secs
Thu Aug 20 18:19:04 2026: Image # 1, module MaskImage # 5: CPU_time = 0.09 secs, Wall_time = 0.09 secs
Thu Aug 20 18:19:04 2026: Image # 1, module MaskImage # 6: CPU_time = 0.09 secs, Wall_time = 0.09 secs
Thu Aug 20 18:19:04 2026: Image # 1, module MaskImage # 7: CPU_time = 0.22 secs, Wall_time = 0.12 secs
Thu Aug 20 18:19:04 2026: Image # 1, module MaskObjects # 8: CPU_time = 0.74 secs, Wall_time = 0.53 secs
Thu Aug 20 18:19:05 2026: Image # 1, module MeasureObjectIntensity # 9: CPU_time = 8.15 secs, Wall_time = 8.16 secs
Thu Aug 20 18:19:13 2026: Image # 1, module MeasureGranularity # 10: CPU_time = 32.47 secs, Wall_time = 32.48 secs
Thu Aug 20 18:19:45 2026: Image # 1, module MeasureObjectIntensityDistribution # 11: CPU_time = 9.49 secs, Wall_time = 9.48 secs
Thu Aug 20 18:19:55 2026: Image # 1, module MeasureObjectIntensityDistribution # 12: CPU_time = 8.59 secs, Wall_time = 8.59 secs
Thu Aug 20 18:20:03 2026: Image # 1, module RescaleIntensity # 13: CPU_time = 0.04 secs, Wall_time = 0.04 secs
Thu Aug 20 18:20:03 2026: Image # 1, module RescaleIntensity # 14: CPU_time = 0.05 secs, Wall_time = 0.04 secs
Thu Aug 20 18:20:03 2026: Image # 1, module MeasureTexture # 15: CPU_time = 5.12 secs, Wall_time = 5.12 secs
Thu Aug 20 18:20:09 2026: Image # 1, module MeasureColocalization # 16: CPU_time = 1167.40 secs, Wall_time = 299.90 secs
Thu Aug 20 18:25:08 2026: Image # 1, module ExportToSpreadsheet # 17: CPU_time = 0.00 secs, Wall_time = 0.00 secs
Thu Aug 20 18:25:08 2026: Image # 2, module Images # 1: CPU_time = 0.00 secs, Wall_time = 0.00 secs
Thu Aug 20 18:25:08 2026: Image # 2, module Metadata # 2: CPU_time = 0.00 secs, Wall_time = 0.00 secs
Thu Aug 20 18:25:08 2026: Image # 2, module NamesAndTypes # 3: CPU_time = 4.10 secs, Wall_time = 3.36 secs
Thu Aug 20 18:25:12 2026: Image # 2, module Groups # 4: CPU_time = 0.00 secs, Wall_time = 0.00 secs
Thu Aug 20 18:25:12 2026: Image # 2, module MaskImage # 5: CPU_time = 0.08 secs, Wall_time = 0.08 secs
Thu Aug 20 18:25:12 2026: Image # 2, module MaskImage # 6: CPU_time = 0.08 secs, Wall_time = 0.08 secs
Thu Aug 20 18:25:12 2026: Image # 2, module MaskImage # 7: CPU_time = 0.17 secs, Wall_time = 0.09 secs
Thu Aug 20 18:25:12 2026: Image # 2, module MaskObjects # 8: CPU_time = 0.72 secs, Wall_time = 0.52 secs
Thu Aug 20 18:25:13 2026: Image # 2, module MeasureObjectIntensity # 9: CPU_time = 11.17 secs, Wall_time = 11.16 secs
Thu Aug 20 18:25:24 2026: Image # 2, module MeasureGranularity # 10: CPU_time = 34.55 secs, Wall_time = 34.53 secs
Thu Aug 20 18:25:58 2026: Image # 2, module MeasureObjectIntensityDistribution # 11: CPU_time = 11.53 secs, Wall_time = 11.53 secs
Thu Aug 20 18:26:10 2026: Image # 2, module MeasureObjectIntensityDistribution # 12: CPU_time = 9.67 secs, Wall_time = 9.66 secs
Thu Aug 20 18:26:19 2026: Image # 2, module RescaleIntensity # 13: CPU_time = 0.03 secs, Wall_time = 0.03 secs
Thu Aug 20 18:26:20 2026: Image # 2, module RescaleIntensity # 14: CPU_time = 0.03 secs, Wall_time = 0.03 secs
Thu Aug 20 18:26:20 2026: Image # 2, module MeasureTexture # 15: CPU_time = 5.95 secs, Wall_time = 5.94 secs
Thu Aug 20 18:26:26 2026: Image # 2, module MeasureColocalization # 16: CPU_time = 597.78 secs, Wall_time = 182.45 secs
Thu Aug 20 18:29:28 2026: Image # 2, module ExportToSpreadsheet # 17: CPU_time = 0.00 secs, Wall_time = 0.00 secs
Thu Aug 20 18:29:28 2026: Image # 3, module Images # 1: CPU_time = 0.00 secs, Wall_time = 0.00 secs
Thu Aug 20 18:29:28 2026: Image # 3, module Metadata # 2: CPU_time = 0.00 secs, Wall_time = 0.00 secs
Thu Aug 20 18:29:28 2026: Image # 3, module NamesAndTypes # 3: CPU_time = 4.30 secs, Wall_time = 3.86 secs
Thu Aug 20 18:29:32 2026: Image # 3, module Groups # 4: CPU_time = 0.00 secs, Wall_time = 0.00 secs
Thu Aug 20 18:29:32 2026: Image # 3, module MaskImage # 5: CPU_time = 0.07 secs, Wall_time = 0.08 secs
Thu Aug 20 18:29:32 2026: Image # 3, module MaskImage # 6: CPU_time = 0.07 secs, Wall_time = 0.08 secs
Thu Aug 20 18:29:32 2026: Image # 3, module MaskImage # 7: CPU_time = 0.21 secs, Wall_time = 0.10 secs
Thu Aug 20 18:29:32 2026: Image # 3, module MaskObjects # 8: CPU_time = 0.75 secs, Wall_time = 0.52 secs
Thu Aug 20 18:29:33 2026: Image # 3, module MeasureObjectIntensity # 9: CPU_time = 12.13 secs, Wall_time = 12.12 secs
Thu Aug 20 18:29:45 2026: Image # 3, module MeasureGranularity # 10: CPU_time = 34.27 secs, Wall_time = 34.24 secs
Thu Aug 20 18:30:19 2026: Image # 3, module MeasureObjectIntensityDistribution # 11: CPU_time = 11.87 secs, Wall_time = 11.87 secs
Thu Aug 20 18:30:31 2026: Image # 3, module MeasureObjectIntensityDistribution # 12: CPU_time = 10.26 secs, Wall_time = 10.25 secs
Thu Aug 20 18:30:41 2026: Image # 3, module RescaleIntensity # 13: CPU_time = 0.03 secs, Wall_time = 0.03 secs
Thu Aug 20 18:30:41 2026: Image # 3, module RescaleIntensity # 14: CPU_time = 0.02 secs, Wall_time = 0.03 secs
Thu Aug 20 18:30:41 2026: Image # 3, module MeasureTexture # 15: CPU_time = 6.64 secs, Wall_time = 6.64 secs
Thu Aug 20 18:30:48 2026: Image # 3, module MeasureColocalization # 16: CPU_time = 487.08 secs, Wall_time = 157.06 secs
Thu Aug 20 18:33:25 2026: Image # 3, module ExportToSpreadsheet # 17: CPU_time = 0.00 secs, Wall_time = 0.00 secs
Thu Aug 20 18:33:25 2026: Image # 4, module Images # 1: CPU_time = 0.00 secs, Wall_time = 0.00 secs
Thu Aug 20 18:33:25 2026: Image # 4, module Metadata # 2: CPU_time = 0.00 secs, Wall_time = 0.00 secs
Thu Aug 20 18:33:25 2026: Image # 4, module NamesAndTypes # 3: CPU_time = 4.12 secs, Wall_time = 3.49 secs
Thu Aug 20 18:33:28 2026: Image # 4, module Groups # 4: CPU_time = 0.00 secs, Wall_time = 0.00 secs
Thu Aug 20 18:33:28 2026: Image # 4, module MaskImage # 5: CPU_time = 0.07 secs, Wall_time = 0.08 secs
Thu Aug 20 18:33:28 2026: Image # 4, module MaskImage # 6: CPU_time = 0.07 secs, Wall_time = 0.08 secs
Thu Aug 20 18:33:29 2026: Image # 4, module MaskImage # 7: CPU_time = 0.18 secs, Wall_time = 0.09 secs
Thu Aug 20 18:33:29 2026: Image # 4, module MaskObjects # 8: CPU_time = 0.74 secs, Wall_time = 0.50 secs
Thu Aug 20 18:33:29 2026: Image # 4, module MeasureObjectIntensity # 9: CPU_time = 7.30 secs, Wall_time = 7.30 secs
Thu Aug 20 18:33:36 2026: Image # 4, module MeasureGranularity # 10: CPU_time = 30.05 secs, Wall_time = 30.03 secs
Thu Aug 20 18:34:06 2026: Image # 4, module MeasureObjectIntensityDistribution # 11: CPU_time = 7.73 secs, Wall_time = 7.73 secs
Thu Aug 20 18:34:14 2026: Image # 4, module MeasureObjectIntensityDistribution # 12: CPU_time = 6.97 secs, Wall_time = 6.98 secs
Thu Aug 20 18:34:21 2026: Image # 4, module RescaleIntensity # 13: CPU_time = 0.03 secs, Wall_time = 0.03 secs
Thu Aug 20 18:34:21 2026: Image # 4, module RescaleIntensity # 14: CPU_time = 0.03 secs, Wall_time = 0.03 secs
Thu Aug 20 18:34:21 2026: Image # 4, module MeasureTexture # 15: CPU_time = 4.77 secs, Wall_time = 4.77 secs
Thu Aug 20 18:34:26 2026: Image # 4, module MeasureColocalization # 16: CPU_time = 383.53 secs, Wall_time = 102.59 secs
Thu Aug 20 18:36:09 2026: Image # 4, module ExportToSpreadsheet # 17: CPU_time = 0.00 secs, Wall_time = 0.00 secs
Thu Aug 20 18:36:09 2026: Image # 5, module Images # 1: CPU_time = 0.00 secs, Wall_time = 0.00 secs
Thu Aug 20 18:36:09 2026: Image # 5, module Metadata # 2: CPU_time = 0.00 secs, Wall_time = 0.00 secs
Thu Aug 20 18:36:09 2026: Image # 5, module NamesAndTypes # 3: CPU_time = 4.28 secs, Wall_time = 3.51 secs
Thu Aug 20 18:36:12 2026: Image # 5, module Groups # 4: CPU_time = 0.00 secs, Wall_time = 0.00 secs
Thu Aug 20 18:36:12 2026: Image # 5, module MaskImage # 5: CPU_time = 0.08 secs, Wall_time = 0.08 secs
Thu Aug 20 18:36:12 2026: Image # 5, module MaskImage # 6: CPU_time = 0.07 secs, Wall_time = 0.08 secs
Thu Aug 20 18:36:12 2026: Image # 5, module MaskImage # 7: CPU_time = 0.18 secs, Wall_time = 0.09 secs
Thu Aug 20 18:36:12 2026: Image # 5, module MaskObjects # 8: CPU_time = 0.71 secs, Wall_time = 0.48 secs
Thu Aug 20 18:36:13 2026: Image # 5, module MeasureObjectIntensity # 9: CPU_time = 8.90 secs, Wall_time = 8.90 secs
Thu Aug 20 18:36:22 2026: Image # 5, module MeasureGranularity # 10: CPU_time = 32.52 secs, Wall_time = 32.50 secs
Thu Aug 20 18:36:54 2026: Image # 5, module MeasureObjectIntensityDistribution # 11: CPU_time = 9.25 secs, Wall_time = 9.25 secs
Thu Aug 20 18:37:04 2026: Image # 5, module MeasureObjectIntensityDistribution # 12: CPU_time = 8.25 secs, Wall_time = 8.25 secs
Thu Aug 20 18:37:12 2026: Image # 5, module RescaleIntensity # 13: CPU_time = 0.03 secs, Wall_time = 0.03 secs
Thu Aug 20 18:37:12 2026: Image # 5, module RescaleIntensity # 14: CPU_time = 0.04 secs, Wall_time = 0.04 secs
Thu Aug 20 18:37:12 2026: Image # 5, module MeasureTexture # 15: CPU_time = 5.12 secs, Wall_time = 5.11 secs
Thu Aug 20 18:37:17 2026: Image # 5, module MeasureColocalization # 16: CPU_time = 635.06 secs, Wall_time = 170.16 secs
Thu Aug 20 18:40:07 2026: Image # 5, module ExportToSpreadsheet # 17: CPU_time = 0.00 secs, Wall_time = 0.00 secs
Thu Aug 20 18:40:07 2026: Image # 6, module Images # 1: CPU_time = 0.00 secs, Wall_time = 0.00 secs
Thu Aug 20 18:40:07 2026: Image # 6, module Metadata # 2: CPU_time = 0.00 secs, Wall_time = 0.00 secs
Thu Aug 20 18:40:07 2026: Image # 6, module NamesAndTypes # 3: CPU_time = 4.04 secs, Wall_time = 3.50 secs
Thu Aug 20 18:40:11 2026: Image # 6, module Groups # 4: CPU_time = 0.00 secs, Wall_time = 0.00 secs
Thu Aug 20 18:40:11 2026: Image # 6, module MaskImage # 5: CPU_time = 0.08 secs, Wall_time = 0.08 secs
Thu Aug 20 18:40:11 2026: Image # 6, module MaskImage # 6: CPU_time = 0.08 secs, Wall_time = 0.08 secs
Thu Aug 20 18:40:11 2026: Image # 6, module MaskImage # 7: CPU_time = 0.18 secs, Wall_time = 0.09 secs
Thu Aug 20 18:40:11 2026: Image # 6, module MaskObjects # 8: CPU_time = 0.68 secs, Wall_time = 0.49 secs
Thu Aug 20 18:40:11 2026: Image # 6, module MeasureObjectIntensity # 9: CPU_time = 5.82 secs, Wall_time = 5.82 secs
Thu Aug 20 18:40:17 2026: Image # 6, module MeasureGranularity # 10: CPU_time = 29.07 secs, Wall_time = 29.04 secs
Thu Aug 20 18:40:46 2026: Image # 6, module MeasureObjectIntensityDistribution # 11: CPU_time = 6.74 secs, Wall_time = 6.74 secs
Thu Aug 20 18:40:53 2026: Image # 6, module MeasureObjectIntensityDistribution # 12: CPU_time = 6.14 secs, Wall_time = 6.14 secs
Thu Aug 20 18:40:59 2026: Image # 6, module RescaleIntensity # 13: CPU_time = 0.03 secs, Wall_time = 0.03 secs
Thu Aug 20 18:40:59 2026: Image # 6, module RescaleIntensity # 14: CPU_time = 0.04 secs, Wall_time = 0.04 secs
Thu Aug 20 18:40:59 2026: Image # 6, module MeasureTexture # 15: CPU_time = 4.44 secs, Wall_time = 4.44 secs
Thu Aug 20 18:41:04 2026: Image # 6, module MeasureColocalization # 16: CPU_time = 238.61 secs, Wall_time = 63.65 secs
Thu Aug 20 18:42:07 2026: Image # 6, module ExportToSpreadsheet # 17: CPU_time = 0.00 secs, Wall_time = 0.00 secs
Thu Aug 20 18:42:07 2026: Image # 7, module Images # 1: CPU_time = 0.00 secs, Wall_time = 0.00 secs
Thu Aug 20 18:42:07 2026: Image # 7, module Metadata # 2: CPU_time = 0.00 secs, Wall_time = 0.00 secs
Thu Aug 20 18:42:07 2026: Image # 7, module NamesAndTypes # 3: CPU_time = 4.01 secs, Wall_time = 3.46 secs
Thu Aug 20 18:42:11 2026: Image # 7, module Groups # 4: CPU_time = 0.00 secs, Wall_time = 0.00 secs
Thu Aug 20 18:42:11 2026: Image # 7, module MaskImage # 5: CPU_time = 0.08 secs, Wall_time = 0.08 secs
Thu Aug 20 18:42:11 2026: Image # 7, module MaskImage # 6: CPU_time = 0.09 secs, Wall_time = 0.08 secs
Thu Aug 20 18:42:11 2026: Image # 7, module MaskImage # 7: CPU_time = 0.20 secs, Wall_time = 0.11 secs
Thu Aug 20 18:42:11 2026: Image # 7, module MaskObjects # 8: CPU_time = 0.82 secs, Wall_time = 0.56 secs
Thu Aug 20 18:42:12 2026: Image # 7, module MeasureObjectIntensity # 9: CPU_time = 9.36 secs, Wall_time = 9.36 secs
Thu Aug 20 18:42:21 2026: Image # 7, module MeasureGranularity # 10: CPU_time = 34.71 secs, Wall_time = 34.69 secs
Thu Aug 20 18:42:56 2026: Image # 7, module MeasureObjectIntensityDistribution # 11: CPU_time = 10.65 secs, Wall_time = 10.64 secs
Thu Aug 20 18:43:06 2026: Image # 7, module MeasureObjectIntensityDistribution # 12: CPU_time = 7.79 secs, Wall_time = 7.79 secs
Thu Aug 20 18:43:14 2026: Image # 7, module RescaleIntensity # 13: CPU_time = 0.04 secs, Wall_time = 0.03 secs
Thu Aug 20 18:43:14 2026: Image # 7, module RescaleIntensity # 14: CPU_time = 0.03 secs, Wall_time = 0.03 secs
Thu Aug 20 18:43:14 2026: Image # 7, module MeasureTexture # 15: CPU_time = 7.49 secs, Wall_time = 7.48 secs
Thu Aug 20 18:43:22 2026: Image # 7, module MeasureColocalization # 16: CPU_time = 805.96 secs, Wall_time = 230.49 secs
Thu Aug 20 18:47:12 2026: Image # 7, module ExportToSpreadsheet # 17: CPU_time = 0.00 secs, Wall_time = 0.00 secs
Thu Aug 20 18:47:12 2026: Image # 8, module Images # 1: CPU_time = 0.00 secs, Wall_time = 0.00 secs
Thu Aug 20 18:47:12 2026: Image # 8, module Metadata # 2: CPU_time = 0.00 secs, Wall_time = 0.00 secs
Thu Aug 20 18:47:12 2026: Image # 8, module NamesAndTypes # 3: CPU_time = 3.88 secs, Wall_time = 3.89 secs
Thu Aug 20 18:47:16 2026: Image # 8, module Groups # 4: CPU_time = 0.00 secs, Wall_time = 0.00 secs
Thu Aug 20 18:47:16 2026: Image # 8, module MaskImage # 5: CPU_time = 0.07 secs, Wall_time = 0.08 secs
Thu Aug 20 18:47:16 2026: Image # 8, module MaskImage # 6: CPU_time = 0.08 secs, Wall_time = 0.08 secs
Thu Aug 20 18:47:16 2026: Image # 8, module MaskImage # 7: CPU_time = 0.17 secs, Wall_time = 0.09 secs
Thu Aug 20 18:47:16 2026: Image # 8, module MaskObjects # 8: CPU_time = 0.77 secs, Wall_time = 0.54 secs
Thu Aug 20 18:47:17 2026: Image # 8, module MeasureObjectIntensity # 9: CPU_time = 10.95 secs, Wall_time = 10.94 secs
Thu Aug 20 18:47:28 2026: Image # 8, module MeasureGranularity # 10: CPU_time = 37.11 secs, Wall_time = 37.08 secs
Thu Aug 20 18:48:05 2026: Image # 8, module MeasureObjectIntensityDistribution # 11: CPU_time = 12.77 secs, Wall_time = 12.76 secs
Thu Aug 20 18:48:18 2026: Image # 8, module MeasureObjectIntensityDistribution # 12: CPU_time = 8.99 secs, Wall_time = 8.98 secs
Thu Aug 20 18:48:27 2026: Image # 8, module RescaleIntensity # 13: CPU_time = 0.03 secs, Wall_time = 0.03 secs
Thu Aug 20 18:48:27 2026: Image # 8, module RescaleIntensity # 14: CPU_time = 0.04 secs, Wall_time = 0.04 secs
Thu Aug 20 18:48:27 2026: Image # 8, module MeasureTexture # 15: CPU_time = 8.43 secs, Wall_time = 8.42 secs
Thu Aug 20 18:48:35 2026: Image # 8, module MeasureColocalization # 16: CPU_time = 830.53 secs, Wall_time = 256.39 secs
Thu Aug 20 18:52:52 2026: Image # 8, module ExportToSpreadsheet # 17: CPU_time = 0.00 secs, Wall_time = 0.00 secs
Thu Aug 20 18:52:52 2026: Image # 9, module Images # 1: CPU_time = 0.00 secs, Wall_time = 0.00 secs
Thu Aug 20 18:52:52 2026: Image # 9, module Metadata # 2: CPU_time = 0.00 secs, Wall_time = 0.00 secs
Thu Aug 20 18:52:52 2026: Image # 9, module NamesAndTypes # 3: CPU_time = 4.07 secs, Wall_time = 3.53 secs
Thu Aug 20 18:52:55 2026: Image # 9, module Groups # 4: CPU_time = 0.00 secs, Wall_time = 0.00 secs
Thu Aug 20 18:52:55 2026: Image # 9, module MaskImage # 5: CPU_time = 0.08 secs, Wall_time = 0.08 secs
Thu Aug 20 18:52:55 2026: Image # 9, module MaskImage # 6: CPU_time = 0.08 secs, Wall_time = 0.08 secs
Thu Aug 20 18:52:55 2026: Image # 9, module MaskImage # 7: CPU_time = 0.16 secs, Wall_time = 0.08 secs
Thu Aug 20 18:52:55 2026: Image # 9, module MaskObjects # 8: CPU_time = 0.77 secs, Wall_time = 0.57 secs
Thu Aug 20 18:52:56 2026: Image # 9, module MeasureObjectIntensity # 9: CPU_time = 9.86 secs, Wall_time = 9.86 secs
Thu Aug 20 18:53:06 2026: Image # 9, module MeasureGranularity # 10: CPU_time = 36.30 secs, Wall_time = 36.26 secs
Thu Aug 20 18:53:42 2026: Image # 9, module MeasureObjectIntensityDistribution # 11: CPU_time = 12.29 secs, Wall_time = 12.28 secs
Thu Aug 20 18:53:54 2026: Image # 9, module MeasureObjectIntensityDistribution # 12: CPU_time = 8.98 secs, Wall_time = 8.98 secs
Thu Aug 20 18:54:03 2026: Image # 9, module RescaleIntensity # 13: CPU_time = 0.04 secs, Wall_time = 0.04 secs
Thu Aug 20 18:54:03 2026: Image # 9, module RescaleIntensity # 14: CPU_time = 0.05 secs, Wall_time = 0.04 secs
Thu Aug 20 18:54:03 2026: Image # 9, module MeasureTexture # 15: CPU_time = 8.77 secs, Wall_time = 8.76 secs
Thu Aug 20 18:54:12 2026: Image # 9, module MeasureColocalization # 16: CPU_time = 790.64 secs, Wall_time = 237.14 secs
Thu Aug 20 18:58:09 2026: Image # 9, module ExportToSpreadsheet # 17: CPU_time = 0.00 secs, Wall_time = 0.00 secs
Thu Aug 20 18:58:09 2026: Image # 10, module Images # 1: CPU_time = 0.00 secs, Wall_time = 0.00 secs
Thu Aug 20 18:58:09 2026: Image # 10, module Metadata # 2: CPU_time = 0.00 secs, Wall_time = 0.00 secs
Thu Aug 20 18:58:09 2026: Image # 10, module NamesAndTypes # 3: CPU_time = 4.26 secs, Wall_time = 3.45 secs
Thu Aug 20 18:58:13 2026: Image # 10, module Groups # 4: CPU_time = 0.00 secs, Wall_time = 0.00 secs
Thu Aug 20 18:58:13 2026: Image # 10, module MaskImage # 5: CPU_time = 0.08 secs, Wall_time = 0.08 secs
Thu Aug 20 18:58:13 2026: Image # 10, module MaskImage # 6: CPU_time = 0.08 secs, Wall_time = 0.08 secs
Thu Aug 20 18:58:13 2026: Image # 10, module MaskImage # 7: CPU_time = 0.21 secs, Wall_time = 0.11 secs
Thu Aug 20 18:58:13 2026: Image # 10, module MaskObjects # 8: CPU_time = 0.73 secs, Wall_time = 0.52 secs
Thu Aug 20 18:58:14 2026: Image # 10, module MeasureObjectIntensity # 9: CPU_time = 11.35 secs, Wall_time = 11.34 secs
Thu Aug 20 18:58:25 2026: Image # 10, module MeasureGranularity # 10: CPU_time = 34.45 secs, Wall_time = 34.42 secs
Thu Aug 20 18:58:59 2026: Image # 10, module MeasureObjectIntensityDistribution # 11: CPU_time = 11.99 secs, Wall_time = 11.98 secs
Thu Aug 20 18:59:11 2026: Image # 10, module MeasureObjectIntensityDistribution # 12: CPU_time = 8.66 secs, Wall_time = 8.66 secs
Thu Aug 20 18:59:20 2026: Image # 10, module RescaleIntensity # 13: CPU_time = 0.03 secs, Wall_time = 0.03 secs
Thu Aug 20 18:59:20 2026: Image # 10, module RescaleIntensity # 14: CPU_time = 0.03 secs, Wall_time = 0.03 secs
Thu Aug 20 18:59:20 2026: Image # 10, module MeasureTexture # 15: CPU_time = 8.71 secs, Wall_time = 8.70 secs
Thu Aug 20 18:59:29 2026: Image # 10, module MeasureColocalization # 16: CPU_time = 763.41 secs, Wall_time = 242.72 secs
Thu Aug 20 19:03:32 2026: Image # 10, module ExportToSpreadsheet # 17: CPU_time = 0.00 secs, Wall_time = 0.02 secs
Thu Aug 20 19:03:32 2026: Image # 11, module Images # 1: CPU_time = 0.00 secs, Wall_time = 0.00 secs
Thu Aug 20 19:03:32 2026: Image # 11, module Metadata # 2: CPU_time = 0.00 secs, Wall_time = 0.00 secs
Thu Aug 20 19:03:32 2026: Image # 11, module NamesAndTypes # 3: CPU_time = 3.92 secs, Wall_time = 3.90 secs
Thu Aug 20 19:03:36 2026: Image # 11, module Groups # 4: CPU_time = 0.00 secs, Wall_time = 0.00 secs
Thu Aug 20 19:03:36 2026: Image # 11, module MaskImage # 5: CPU_time = 0.08 secs, Wall_time = 0.08 secs
Thu Aug 20 19:03:36 2026: Image # 11, module MaskImage # 6: CPU_time = 0.08 secs, Wall_time = 0.08 secs
Thu Aug 20 19:03:36 2026: Image # 11, module MaskImage # 7: CPU_time = 0.18 secs, Wall_time = 0.09 secs
Thu Aug 20 19:03:36 2026: Image # 11, module MaskObjects # 8: CPU_time = 0.73 secs, Wall_time = 0.51 secs
Thu Aug 20 19:03:36 2026: Image # 11, module MeasureObjectIntensity # 9: CPU_time = 10.02 secs, Wall_time = 10.02 secs
Thu Aug 20 19:03:46 2026: Image # 11, module MeasureGranularity # 10: CPU_time = 34.39 secs, Wall_time = 34.36 secs
Thu Aug 20 19:04:21 2026: Image # 11, module MeasureObjectIntensityDistribution # 11: CPU_time = 11.36 secs, Wall_time = 11.37 secs
Thu Aug 20 19:04:32 2026: Image # 11, module MeasureObjectIntensityDistribution # 12: CPU_time = 8.62 secs, Wall_time = 8.62 secs
Thu Aug 20 19:04:41 2026: Image # 11, module RescaleIntensity # 13: CPU_time = 0.03 secs, Wall_time = 0.03 secs
Thu Aug 20 19:04:41 2026: Image # 11, module RescaleIntensity # 14: CPU_time = 0.03 secs, Wall_time = 0.04 secs
Thu Aug 20 19:04:41 2026: Image # 11, module MeasureTexture # 15: CPU_time = 7.70 secs, Wall_time = 7.70 secs
Thu Aug 20 19:04:48 2026: Image # 11, module MeasureColocalization # 16: CPU_time = 846.91 secs, Wall_time = 243.37 secs
Thu Aug 20 19:08:52 2026: Image # 11, module ExportToSpreadsheet # 17: CPU_time = 0.00 secs, Wall_time = 0.00 secs
Thu Aug 20 19:08:52 2026: Image # 12, module Images # 1: CPU_time = 0.00 secs, Wall_time = 0.00 secs
Thu Aug 20 19:08:52 2026: Image # 12, module Metadata # 2: CPU_time = 0.00 secs, Wall_time = 0.00 secs
Thu Aug 20 19:08:52 2026: Image # 12, module NamesAndTypes # 3: CPU_time = 4.35 secs, Wall_time = 4.06 secs
Thu Aug 20 19:08:56 2026: Image # 12, module Groups # 4: CPU_time = 0.00 secs, Wall_time = 0.00 secs
Thu Aug 20 19:08:56 2026: Image # 12, module MaskImage # 5: CPU_time = 0.08 secs, Wall_time = 0.08 secs
Thu Aug 20 19:08:56 2026: Image # 12, module MaskImage # 6: CPU_time = 0.09 secs, Wall_time = 0.08 secs
Thu Aug 20 19:08:56 2026: Image # 12, module MaskImage # 7: CPU_time = 0.17 secs, Wall_time = 0.09 secs
Thu Aug 20 19:08:56 2026: Image # 12, module MaskObjects # 8: CPU_time = 0.77 secs, Wall_time = 0.54 secs
Thu Aug 20 19:08:57 2026: Image # 12, module MeasureObjectIntensity # 9: CPU_time = 8.60 secs, Wall_time = 8.58 secs
Thu Aug 20 19:09:05 2026: Image # 12, module MeasureGranularity # 10: CPU_time = 33.94 secs, Wall_time = 33.91 secs
Thu Aug 20 19:09:39 2026: Image # 12, module MeasureObjectIntensityDistribution # 11: CPU_time = 7.86 secs, Wall_time = 7.86 secs
Thu Aug 20 19:09:47 2026: Image # 12, module MeasureObjectIntensityDistribution # 12: CPU_time = 6.73 secs, Wall_time = 6.72 secs
Thu Aug 20 19:09:54 2026: Image # 12, module RescaleIntensity # 13: CPU_time = 0.03 secs, Wall_time = 0.03 secs
Thu Aug 20 19:09:54 2026: Image # 12, module RescaleIntensity # 14: CPU_time = 0.03 secs, Wall_time = 0.03 secs
Thu Aug 20 19:09:54 2026: Image # 12, module MeasureTexture # 15: CPU_time = 5.21 secs, Wall_time = 5.20 secs
Thu Aug 20 19:09:59 2026: Image # 12, module MeasureColocalization # 16: CPU_time = 609.82 secs, Wall_time = 166.64 secs
Thu Aug 20 19:12:46 2026: Image # 12, module ExportToSpreadsheet # 17: CPU_time = 0.01 secs, Wall_time = 0.00 secs
Thu Aug 20 19:12:46 2026: Image # 13, module Images # 1: CPU_time = 0.00 secs, Wall_time = 0.00 secs
Thu Aug 20 19:12:46 2026: Image # 13, module Metadata # 2: CPU_time = 0.00 secs, Wall_time = 0.00 secs
Thu Aug 20 19:12:46 2026: Image # 13, module NamesAndTypes # 3: CPU_time = 4.04 secs, Wall_time = 3.56 secs
Thu Aug 20 19:12:49 2026: Image # 13, module Groups # 4: CPU_time = 0.00 secs, Wall_time = 0.00 secs
Thu Aug 20 19:12:49 2026: Image # 13, module MaskImage # 5: CPU_time = 0.08 secs, Wall_time = 0.08 secs
Thu Aug 20 19:12:49 2026: Image # 13, module MaskImage # 6: CPU_time = 0.08 secs, Wall_time = 0.08 secs
Thu Aug 20 19:12:49 2026: Image # 13, module MaskImage # 7: CPU_time = 0.18 secs, Wall_time = 0.09 secs
Thu Aug 20 19:12:50 2026: Image # 13, module MaskObjects # 8: CPU_time = 0.66 secs, Wall_time = 0.47 secs
Thu Aug 20 19:12:50 2026: Image # 13, module MeasureObjectIntensity # 9: CPU_time = 5.94 secs, Wall_time = 5.94 secs
Thu Aug 20 19:12:56 2026: Image # 13, module MeasureGranularity # 10: CPU_time = 28.72 secs, Wall_time = 28.70 secs
Thu Aug 20 19:13:25 2026: Image # 13, module MeasureObjectIntensityDistribution # 11: CPU_time = 6.31 secs, Wall_time = 6.31 secs
Thu Aug 20 19:13:31 2026: Image # 13, module MeasureObjectIntensityDistribution # 12: CPU_time = 5.74 secs, Wall_time = 5.74 secs
Thu Aug 20 19:13:37 2026: Image # 13, module RescaleIntensity # 13: CPU_time = 0.03 secs, Wall_time = 0.03 secs
Thu Aug 20 19:13:37 2026: Image # 13, module RescaleIntensity # 14: CPU_time = 0.03 secs, Wall_time = 0.03 secs
Thu Aug 20 19:13:37 2026: Image # 13, module MeasureTexture # 15: CPU_time = 4.43 secs, Wall_time = 4.43 secs
Thu Aug 20 19:13:41 2026: Image # 13, module MeasureColocalization # 16: CPU_time = 307.11 secs, Wall_time = 82.30 secs
Thu Aug 20 19:15:04 2026: Image # 13, module ExportToSpreadsheet # 17: CPU_time = 0.00 secs, Wall_time = 0.00 secs
Thu Aug 20 19:15:04 2026: Image # 14, module Images # 1: CPU_time = 0.00 secs, Wall_time = 0.00 secs
Thu Aug 20 19:15:04 2026: Image # 14, module Metadata # 2: CPU_time = 0.00 secs, Wall_time = 0.00 secs
Thu Aug 20 19:15:04 2026: Image # 14, module NamesAndTypes # 3: CPU_time = 4.14 secs, Wall_time = 3.56 secs
Thu Aug 20 19:15:07 2026: Image # 14, module Groups # 4: CPU_time = 0.00 secs, Wall_time = 0.00 secs
Thu Aug 20 19:15:07 2026: Image # 14, module MaskImage # 5: CPU_time = 0.08 secs, Wall_time = 0.08 secs
Thu Aug 20 19:15:07 2026: Image # 14, module MaskImage # 6: CPU_time = 0.07 secs, Wall_time = 0.08 secs
Thu Aug 20 19:15:07 2026: Image # 14, module MaskImage # 7: CPU_time = 0.17 secs, Wall_time = 0.09 secs
Thu Aug 20 19:15:07 2026: Image # 14, module MaskObjects # 8: CPU_time = 0.68 secs, Wall_time = 0.47 secs
Thu Aug 20 19:15:08 2026: Image # 14, module MeasureObjectIntensity # 9: CPU_time = 6.31 secs, Wall_time = 6.31 secs
Thu Aug 20 19:15:14 2026: Image # 14, module MeasureGranularity # 10: CPU_time = 28.02 secs, Wall_time = 27.99 secs
Thu Aug 20 19:15:42 2026: Image # 14, module MeasureObjectIntensityDistribution # 11: CPU_time = 6.47 secs, Wall_time = 6.47 secs
Thu Aug 20 19:15:49 2026: Image # 14, module MeasureObjectIntensityDistribution # 12: CPU_time = 5.82 secs, Wall_time = 5.82 secs
Thu Aug 20 19:15:54 2026: Image # 14, module RescaleIntensity # 13: CPU_time = 0.03 secs, Wall_time = 0.03 secs
Thu Aug 20 19:15:55 2026: Image # 14, module RescaleIntensity # 14: CPU_time = 0.03 secs, Wall_time = 0.03 secs
Thu Aug 20 19:15:55 2026: Image # 14, module MeasureTexture # 15: CPU_time = 4.21 secs, Wall_time = 4.20 secs
Thu Aug 20 19:15:59 2026: Image # 14, module MeasureColocalization # 16: CPU_time = 410.69 secs, Wall_time = 110.28 secs
Thu Aug 20 19:17:49 2026: Image # 14, module ExportToSpreadsheet # 17: CPU_time = 0.00 secs, Wall_time = 0.02 secs
Thu Aug 20 19:17:49 2026: Image # 15, module Images # 1: CPU_time = 0.00 secs, Wall_time = 0.00 secs
Thu Aug 20 19:17:49 2026: Image # 15, module Metadata # 2: CPU_time = 0.00 secs, Wall_time = 0.00 secs
Thu Aug 20 19:17:49 2026: Image # 15, module NamesAndTypes # 3: CPU_time = 3.76 secs, Wall_time = 3.77 secs
Thu Aug 20 19:17:53 2026: Image # 15, module Groups # 4: CPU_time = 0.00 secs, Wall_time = 0.00 secs
Thu Aug 20 19:17:53 2026: Image # 15, module MaskImage # 5: CPU_time = 0.08 secs, Wall_time = 0.08 secs
Thu Aug 20 19:17:53 2026: Image # 15, module MaskImage # 6: CPU_time = 0.08 secs, Wall_time = 0.07 secs
Thu Aug 20 19:17:53 2026: Image # 15, module MaskImage # 7: CPU_time = 0.17 secs, Wall_time = 0.09 secs
Thu Aug 20 19:17:53 2026: Image # 15, module MaskObjects # 8: CPU_time = 0.64 secs, Wall_time = 0.44 secs
Thu Aug 20 19:17:54 2026: Image # 15, module MeasureObjectIntensity # 9: CPU_time = 5.12 secs, Wall_time = 5.11 secs
Thu Aug 20 19:17:59 2026: Image # 15, module MeasureGranularity # 10: CPU_time = 28.68 secs, Wall_time = 28.65 secs
Thu Aug 20 19:18:27 2026: Image # 15, module MeasureObjectIntensityDistribution # 11: CPU_time = 6.15 secs, Wall_time = 6.15 secs
Thu Aug 20 19:18:33 2026: Image # 15, module MeasureObjectIntensityDistribution # 12: CPU_time = 5.34 secs, Wall_time = 5.33 secs
Thu Aug 20 19:18:39 2026: Image # 15, module RescaleIntensity # 13: CPU_time = 0.03 secs, Wall_time = 0.03 secs
Thu Aug 20 19:18:39 2026: Image # 15, module RescaleIntensity # 14: CPU_time = 0.03 secs, Wall_time = 0.03 secs
Thu Aug 20 19:18:39 2026: Image # 15, module MeasureTexture # 15: CPU_time = 4.43 secs, Wall_time = 4.44 secs
Thu Aug 20 19:18:43 2026: Image # 15, module MeasureColocalization # 16: CPU_time = 229.72 secs, Wall_time = 62.49 secs
Thu Aug 20 19:19:46 2026: Image # 15, module ExportToSpreadsheet # 17: CPU_time = 0.00 secs, Wall_time = 0.00 secs
Thu Aug 20 19:19:46 2026: Image # 16, module Images # 1: CPU_time = 0.00 secs, Wall_time = 0.00 secs
Thu Aug 20 19:19:46 2026: Image # 16, module Metadata # 2: CPU_time = 0.00 secs, Wall_time = 0.00 secs
Thu Aug 20 19:19:46 2026: Image # 16, module NamesAndTypes # 3: CPU_time = 4.02 secs, Wall_time = 4.02 secs
Thu Aug 20 19:19:50 2026: Image # 16, module Groups # 4: CPU_time = 0.00 secs, Wall_time = 0.00 secs
Thu Aug 20 19:19:50 2026: Image # 16, module MaskImage # 5: CPU_time = 0.08 secs, Wall_time = 0.08 secs
Thu Aug 20 19:19:50 2026: Image # 16, module MaskImage # 6: CPU_time = 0.08 secs, Wall_time = 0.08 secs
Thu Aug 20 19:19:50 2026: Image # 16, module MaskImage # 7: CPU_time = 0.18 secs, Wall_time = 0.09 secs
Thu Aug 20 19:19:50 2026: Image # 16, module MaskObjects # 8: CPU_time = 0.71 secs, Wall_time = 0.50 secs
Thu Aug 20 19:19:51 2026: Image # 16, module MeasureObjectIntensity # 9: CPU_time = 6.33 secs, Wall_time = 6.32 secs
Thu Aug 20 19:19:57 2026: Image # 16, module MeasureGranularity # 10: CPU_time = 31.56 secs, Wall_time = 31.53 secs
Thu Aug 20 19:20:28 2026: Image # 16, module MeasureObjectIntensityDistribution # 11: CPU_time = 7.33 secs, Wall_time = 7.32 secs
Thu Aug 20 19:20:36 2026: Image # 16, module MeasureObjectIntensityDistribution # 12: CPU_time = 6.67 secs, Wall_time = 6.67 secs
Thu Aug 20 19:20:42 2026: Image # 16, module RescaleIntensity # 13: CPU_time = 0.03 secs, Wall_time = 0.03 secs
Thu Aug 20 19:20:43 2026: Image # 16, module RescaleIntensity # 14: CPU_time = 0.04 secs, Wall_time = 0.04 secs
Thu Aug 20 19:20:43 2026: Image # 16, module MeasureTexture # 15: CPU_time = 4.50 secs, Wall_time = 4.50 secs
Thu Aug 20 19:20:47 2026: Image # 16, module MeasureColocalization # 16: CPU_time = 516.01 secs, Wall_time = 135.76 secs
Thu Aug 20 19:23:03 2026: Image # 16, module ExportToSpreadsheet # 17: CPU_time = 0.00 secs, Wall_time = 0.00 secs
Thu Aug 20 19:23:03 2026: Image # 17, module Images # 1: CPU_time = 0.00 secs, Wall_time = 0.00 secs
Thu Aug 20 19:23:03 2026: Image # 17, module Metadata # 2: CPU_time = 0.00 secs, Wall_time = 0.00 secs
Thu Aug 20 19:23:03 2026: Image # 17, module NamesAndTypes # 3: CPU_time = 4.01 secs, Wall_time = 4.20 secs
Thu Aug 20 19:23:07 2026: Image # 17, module Groups # 4: CPU_time = 0.00 secs, Wall_time = 0.00 secs
Thu Aug 20 19:23:07 2026: Image # 17, module MaskImage # 5: CPU_time = 0.09 secs, Wall_time = 0.08 secs
Thu Aug 20 19:23:07 2026: Image # 17, module MaskImage # 6: CPU_time = 0.07 secs, Wall_time = 0.08 secs
Thu Aug 20 19:23:07 2026: Image # 17, module MaskImage # 7: CPU_time = 0.21 secs, Wall_time = 0.11 secs
Thu Aug 20 19:23:07 2026: Image # 17, module MaskObjects # 8: CPU_time = 0.72 secs, Wall_time = 0.51 secs
Thu Aug 20 19:23:08 2026: Image # 17, module MeasureObjectIntensity # 9: CPU_time = 5.49 secs, Wall_time = 5.49 secs
Thu Aug 20 19:23:13 2026: Image # 17, module MeasureGranularity # 10: CPU_time = 29.02 secs, Wall_time = 28.99 secs
Thu Aug 20 19:23:42 2026: Image # 17, module MeasureObjectIntensityDistribution # 11: CPU_time = 6.36 secs, Wall_time = 6.36 secs
Thu Aug 20 19:23:49 2026: Image # 17, module MeasureObjectIntensityDistribution # 12: CPU_time = 5.81 secs, Wall_time = 5.80 secs
Thu Aug 20 19:23:54 2026: Image # 17, module RescaleIntensity # 13: CPU_time = 0.03 secs, Wall_time = 0.04 secs
Thu Aug 20 19:23:55 2026: Image # 17, module RescaleIntensity # 14: CPU_time = 0.03 secs, Wall_time = 0.04 secs
Thu Aug 20 19:23:55 2026: Image # 17, module MeasureTexture # 15: CPU_time = 4.44 secs, Wall_time = 4.44 secs
Thu Aug 20 19:23:59 2026: Image # 17, module MeasureColocalization # 16: CPU_time = 266.82 secs, Wall_time = 71.46 secs
Thu Aug 20 19:25:10 2026: Image # 17, module ExportToSpreadsheet # 17: CPU_time = 0.00 secs, Wall_time = 0.00 secs
Thu Aug 20 19:25:10 2026: Image # 18, module Images # 1: CPU_time = 0.00 secs, Wall_time = 0.00 secs
Thu Aug 20 19:25:10 2026: Image # 18, module Metadata # 2: CPU_time = 0.00 secs, Wall_time = 0.00 secs
Thu Aug 20 19:25:10 2026: Image # 18, module NamesAndTypes # 3: CPU_time = 3.88 secs, Wall_time = 3.50 secs
Thu Aug 20 19:25:14 2026: Image # 18, module Groups # 4: CPU_time = 0.00 secs, Wall_time = 0.00 secs
Thu Aug 20 19:25:14 2026: Image # 18, module MaskImage # 5: CPU_time = 0.08 secs, Wall_time = 0.08 secs
Thu Aug 20 19:25:14 2026: Image # 18, module MaskImage # 6: CPU_time = 0.07 secs, Wall_time = 0.08 secs
Thu Aug 20 19:25:14 2026: Image # 18, module MaskImage # 7: CPU_time = 0.18 secs, Wall_time = 0.09 secs
Thu Aug 20 19:25:14 2026: Image # 18, module MaskObjects # 8: CPU_time = 0.75 secs, Wall_time = 0.54 secs
Thu Aug 20 19:25:15 2026: Image # 18, module MeasureObjectIntensity # 9: CPU_time = 10.61 secs, Wall_time = 10.59 secs
Thu Aug 20 19:25:25 2026: Image # 18, module MeasureGranularity # 10: CPU_time = 35.48 secs, Wall_time = 35.46 secs
Thu Aug 20 19:26:01 2026: Image # 18, module MeasureObjectIntensityDistribution # 11: CPU_time = 12.32 secs, Wall_time = 12.33 secs
Thu Aug 20 19:26:13 2026: Image # 18, module MeasureObjectIntensityDistribution # 12: CPU_time = 9.45 secs, Wall_time = 9.46 secs
Thu Aug 20 19:26:23 2026: Image # 18, module RescaleIntensity # 13: CPU_time = 0.05 secs, Wall_time = 0.04 secs
Thu Aug 20 19:26:23 2026: Image # 18, module RescaleIntensity # 14: CPU_time = 0.03 secs, Wall_time = 0.04 secs
Thu Aug 20 19:26:23 2026: Image # 18, module MeasureTexture # 15: CPU_time = 8.20 secs, Wall_time = 8.20 secs
Thu Aug 20 19:26:31 2026: Image # 18, module MeasureColocalization # 16: CPU_time = 696.08 secs, Wall_time = 205.07 secs
Thu Aug 20 19:29:56 2026: Image # 18, module ExportToSpreadsheet # 17: CPU_time = 0.00 secs, Wall_time = 0.00 secs
Thu Aug 20 19:29:56 2026: Image # 19, module Images # 1: CPU_time = 0.00 secs, Wall_time = 0.00 secs
Thu Aug 20 19:29:56 2026: Image # 19, module Metadata # 2: CPU_time = 0.00 secs, Wall_time = 0.00 secs
Thu Aug 20 19:29:56 2026: Image # 19, module NamesAndTypes # 3: CPU_time = 3.93 secs, Wall_time = 4.28 secs
Thu Aug 20 19:30:00 2026: Image # 19, module Groups # 4: CPU_time = 0.00 secs, Wall_time = 0.00 secs
Thu Aug 20 19:30:00 2026: Image # 19, module MaskImage # 5: CPU_time = 0.09 secs, Wall_time = 0.08 secs
Thu Aug 20 19:30:00 2026: Image # 19, module MaskImage # 6: CPU_time = 0.07 secs, Wall_time = 0.08 secs
Thu Aug 20 19:30:00 2026: Image # 19, module MaskImage # 7: CPU_time = 0.17 secs, Wall_time = 0.09 secs
Thu Aug 20 19:30:01 2026: Image # 19, module MaskObjects # 8: CPU_time = 0.72 secs, Wall_time = 0.51 secs
Thu Aug 20 19:30:01 2026: Image # 19, module MeasureObjectIntensity # 9: CPU_time = 11.43 secs, Wall_time = 11.43 secs
Thu Aug 20 19:30:13 2026: Image # 19, module MeasureGranularity # 10: CPU_time = 34.57 secs, Wall_time = 34.55 secs
Thu Aug 20 19:30:47 2026: Image # 19, module MeasureObjectIntensityDistribution # 11: CPU_time = 12.21 secs, Wall_time = 12.20 secs
Thu Aug 20 19:30:59 2026: Image # 19, module MeasureObjectIntensityDistribution # 12: CPU_time = 9.06 secs, Wall_time = 9.06 secs
Thu Aug 20 19:31:08 2026: Image # 19, module RescaleIntensity # 13: CPU_time = 0.03 secs, Wall_time = 0.03 secs
Thu Aug 20 19:31:08 2026: Image # 19, module RescaleIntensity # 14: CPU_time = 0.03 secs, Wall_time = 0.03 secs
Thu Aug 20 19:31:08 2026: Image # 19, module MeasureTexture # 15: CPU_time = 8.64 secs, Wall_time = 8.63 secs
Thu Aug 20 19:31:17 2026: Image # 19, module MeasureColocalization # 16: CPU_time = 640.48 secs, Wall_time = 207.76 secs
Thu Aug 20 19:34:45 2026: Image # 19, module ExportToSpreadsheet # 17: CPU_time = 0.00 secs, Wall_time = 0.00 secs
Thu Aug 20 19:34:45 2026: Image # 20, module Images # 1: CPU_time = 0.00 secs, Wall_time = 0.00 secs
Thu Aug 20 19:34:45 2026: Image # 20, module Metadata # 2: CPU_time = 0.00 secs, Wall_time = 0.00 secs
Thu Aug 20 19:34:45 2026: Image # 20, module NamesAndTypes # 3: CPU_time = 3.85 secs, Wall_time = 3.95 secs
Thu Aug 20 19:34:49 2026: Image # 20, module Groups # 4: CPU_time = 0.00 secs, Wall_time = 0.00 secs
Thu Aug 20 19:34:49 2026: Image # 20, module MaskImage # 5: CPU_time = 0.08 secs, Wall_time = 0.08 secs
Thu Aug 20 19:34:49 2026: Image # 20, module MaskImage # 6: CPU_time = 0.08 secs, Wall_time = 0.08 secs
Thu Aug 20 19:34:49 2026: Image # 20, module MaskImage # 7: CPU_time = 0.17 secs, Wall_time = 0.09 secs
Thu Aug 20 19:34:49 2026: Image # 20, module MaskObjects # 8: CPU_time = 0.74 secs, Wall_time = 0.51 secs
Thu Aug 20 19:34:50 2026: Image # 20, module MeasureObjectIntensity # 9: CPU_time = 10.50 secs, Wall_time = 10.49 secs
Thu Aug 20 19:35:00 2026: Image # 20, module MeasureGranularity # 10: CPU_time = 35.85 secs, Wall_time = 35.82 secs
Thu Aug 20 19:35:36 2026: Image # 20, module MeasureObjectIntensityDistribution # 11: CPU_time = 12.31 secs, Wall_time = 12.30 secs
Thu Aug 20 19:35:48 2026: Image # 20, module MeasureObjectIntensityDistribution # 12: CPU_time = 9.16 secs, Wall_time = 9.14 secs
Thu Aug 20 19:35:57 2026: Image # 20, module RescaleIntensity # 13: CPU_time = 0.03 secs, Wall_time = 0.03 secs
Thu Aug 20 19:35:57 2026: Image # 20, module RescaleIntensity # 14: CPU_time = 0.03 secs, Wall_time = 0.03 secs
Thu Aug 20 19:35:57 2026: Image # 20, module MeasureTexture # 15: CPU_time = 8.24 secs, Wall_time = 8.24 secs
Thu Aug 20 19:36:06 2026: Image # 20, module MeasureColocalization # 16: CPU_time = 799.38 secs, Wall_time = 242.53 secs
Thu Aug 20 19:40:08 2026: Image # 20, module ExportToSpreadsheet # 17: CPU_time = 0.00 secs, Wall_time = 0.00 secs
Thu Aug 20 19:40:08 2026: Image # 21, module Images # 1: CPU_time = 0.00 secs, Wall_time = 0.00 secs
Thu Aug 20 19:40:08 2026: Image # 21, module Metadata # 2: CPU_time = 0.00 secs, Wall_time = 0.00 secs
Thu Aug 20 19:40:08 2026: Image # 21, module NamesAndTypes # 3: CPU_time = 3.94 secs, Wall_time = 3.32 secs
Thu Aug 20 19:40:11 2026: Image # 21, module Groups # 4: CPU_time = 0.00 secs, Wall_time = 0.00 secs
Thu Aug 20 19:40:11 2026: Image # 21, module MaskImage # 5: CPU_time = 0.08 secs, Wall_time = 0.08 secs
Thu Aug 20 19:40:12 2026: Image # 21, module MaskImage # 6: CPU_time = 0.08 secs, Wall_time = 0.08 secs
Thu Aug 20 19:40:12 2026: Image # 21, module MaskImage # 7: CPU_time = 0.17 secs, Wall_time = 0.09 secs
Thu Aug 20 19:40:12 2026: Image # 21, module MaskObjects # 8: CPU_time = 0.72 secs, Wall_time = 0.53 secs
Thu Aug 20 19:40:12 2026: Image # 21, module MeasureObjectIntensity # 9: CPU_time = 10.77 secs, Wall_time = 10.75 secs
Thu Aug 20 19:40:23 2026: Image # 21, module MeasureGranularity # 10: CPU_time = 35.66 secs, Wall_time = 35.64 secs
Thu Aug 20 19:40:59 2026: Image # 21, module MeasureObjectIntensityDistribution # 11: CPU_time = 12.42 secs, Wall_time = 12.41 secs
Thu Aug 20 19:41:11 2026: Image # 21, module MeasureObjectIntensityDistribution # 12: CPU_time = 9.57 secs, Wall_time = 9.57 secs
Thu Aug 20 19:41:21 2026: Image # 21, module RescaleIntensity # 13: CPU_time = 0.04 secs, Wall_time = 0.04 secs
Thu Aug 20 19:41:21 2026: Image # 21, module RescaleIntensity # 14: CPU_time = 0.05 secs, Wall_time = 0.04 secs
Thu Aug 20 19:41:21 2026: Image # 21, module MeasureTexture # 15: CPU_time = 8.09 secs, Wall_time = 8.08 secs
Thu Aug 20 19:41:29 2026: Image # 21, module MeasureColocalization # 16: CPU_time = 665.71 secs, Wall_time = 205.55 secs
Thu Aug 20 19:44:54 2026: Image # 21, module ExportToSpreadsheet # 17: CPU_time = 0.00 secs, Wall_time = 0.00 secs
Thu Aug 20 19:44:54 2026: Image # 22, module Images # 1: CPU_time = 0.00 secs, Wall_time = 0.00 secs
Thu Aug 20 19:44:54 2026: Image # 22, module Metadata # 2: CPU_time = 0.00 secs, Wall_time = 0.00 secs
Thu Aug 20 19:44:54 2026: Image # 22, module NamesAndTypes # 3: CPU_time = 4.09 secs, Wall_time = 3.61 secs
Thu Aug 20 19:44:58 2026: Image # 22, module Groups # 4: CPU_time = 0.00 secs, Wall_time = 0.00 secs
Thu Aug 20 19:44:58 2026: Image # 22, module MaskImage # 5: CPU_time = 0.07 secs, Wall_time = 0.08 secs
Thu Aug 20 19:44:58 2026: Image # 22, module MaskImage # 6: CPU_time = 0.08 secs, Wall_time = 0.08 secs
Thu Aug 20 19:44:58 2026: Image # 22, module MaskImage # 7: CPU_time = 0.18 secs, Wall_time = 0.09 secs
Thu Aug 20 19:44:58 2026: Image # 22, module MaskObjects # 8: CPU_time = 0.78 secs, Wall_time = 0.57 secs
Thu Aug 20 19:44:59 2026: Image # 22, module MeasureObjectIntensity # 9: CPU_time = 9.91 secs, Wall_time = 9.91 secs
Thu Aug 20 19:45:09 2026: Image # 22, module MeasureGranularity # 10: CPU_time = 34.27 secs, Wall_time = 34.23 secs
Thu Aug 20 19:45:43 2026: Image # 22, module MeasureObjectIntensityDistribution # 11: CPU_time = 11.81 secs, Wall_time = 11.80 secs
Thu Aug 20 19:45:55 2026: Image # 22, module MeasureObjectIntensityDistribution # 12: CPU_time = 9.11 secs, Wall_time = 9.10 secs
Thu Aug 20 19:46:04 2026: Image # 22, module RescaleIntensity # 13: CPU_time = 0.05 secs, Wall_time = 0.04 secs
Thu Aug 20 19:46:04 2026: Image # 22, module RescaleIntensity # 14: CPU_time = 0.03 secs, Wall_time = 0.04 secs
Thu Aug 20 19:46:04 2026: Image # 22, module MeasureTexture # 15: CPU_time = 7.26 secs, Wall_time = 7.26 secs
Thu Aug 20 19:46:11 2026: Image # 22, module MeasureColocalization # 16: CPU_time = 814.99 secs, Wall_time = 245.82 secs
Thu Aug 20 19:50:17 2026: Image # 22, module ExportToSpreadsheet # 17: CPU_time = 0.00 secs, Wall_time = 0.00 secs
Thu Aug 20 19:50:17 2026: Image # 23, module Images # 1: CPU_time = 0.00 secs, Wall_time = 0.00 secs
Thu Aug 20 19:50:17 2026: Image # 23, module Metadata # 2: CPU_time = 0.00 secs, Wall_time = 0.00 secs
Thu Aug 20 19:50:17 2026: Image # 23, module NamesAndTypes # 3: CPU_time = 4.19 secs, Wall_time = 3.24 secs
Thu Aug 20 19:50:20 2026: Image # 23, module Groups # 4: CPU_time = 0.00 secs, Wall_time = 0.00 secs
Thu Aug 20 19:50:20 2026: Image # 23, module MaskImage # 5: CPU_time = 0.08 secs, Wall_time = 0.08 secs
Thu Aug 20 19:50:20 2026: Image # 23, module MaskImage # 6: CPU_time = 0.07 secs, Wall_time = 0.08 secs
Thu Aug 20 19:50:21 2026: Image # 23, module MaskImage # 7: CPU_time = 0.16 secs, Wall_time = 0.09 secs
Thu Aug 20 19:50:21 2026: Image # 23, module MaskObjects # 8: CPU_time = 0.74 secs, Wall_time = 0.51 secs
Thu Aug 20 19:50:21 2026: Image # 23, module MeasureObjectIntensity # 9: CPU_time = 10.39 secs, Wall_time = 10.38 secs
Thu Aug 20 19:50:32 2026: Image # 23, module MeasureGranularity # 10: CPU_time = 33.41 secs, Wall_time = 33.39 secs
Thu Aug 20 19:51:05 2026: Image # 23, module MeasureObjectIntensityDistribution # 11: CPU_time = 11.53 secs, Wall_time = 11.53 secs
Thu Aug 20 19:51:16 2026: Image # 23, module MeasureObjectIntensityDistribution # 12: CPU_time = 8.36 secs, Wall_time = 8.37 secs
Thu Aug 20 19:51:25 2026: Image # 23, module RescaleIntensity # 13: CPU_time = 0.03 secs, Wall_time = 0.04 secs
Thu Aug 20 19:51:25 2026: Image # 23, module RescaleIntensity # 14: CPU_time = 0.03 secs, Wall_time = 0.03 secs
Thu Aug 20 19:51:25 2026: Image # 23, module MeasureTexture # 15: CPU_time = 8.26 secs, Wall_time = 8.25 secs
Thu Aug 20 19:51:33 2026: Image # 23, module MeasureColocalization # 16: CPU_time = 689.92 secs, Wall_time = 210.89 secs
Thu Aug 20 19:55:04 2026: Image # 23, module ExportToSpreadsheet # 17: CPU_time = 0.00 secs, Wall_time = 0.00 secs
Thu Aug 20 19:55:04 2026: Image # 24, module Images # 1: CPU_time = 0.00 secs, Wall_time = 0.00 secs
Thu Aug 20 19:55:04 2026: Image # 24, module Metadata # 2: CPU_time = 0.00 secs, Wall_time = 0.00 secs
Thu Aug 20 19:55:04 2026: Image # 24, module NamesAndTypes # 3: CPU_time = 4.04 secs, Wall_time = 3.39 secs
Thu Aug 20 19:55:07 2026: Image # 24, module Groups # 4: CPU_time = 0.00 secs, Wall_time = 0.00 secs
Thu Aug 20 19:55:07 2026: Image # 24, module MaskImage # 5: CPU_time = 0.08 secs, Wall_time = 0.08 secs
Thu Aug 20 19:55:08 2026: Image # 24, module MaskImage # 6: CPU_time = 0.08 secs, Wall_time = 0.08 secs
Thu Aug 20 19:55:08 2026: Image # 24, module MaskImage # 7: CPU_time = 0.17 secs, Wall_time = 0.09 secs
Thu Aug 20 19:55:08 2026: Image # 24, module MaskObjects # 8: CPU_time = 0.68 secs, Wall_time = 0.46 secs
Thu Aug 20 19:55:08 2026: Image # 24, module MeasureObjectIntensity # 9: CPU_time = 5.98 secs, Wall_time = 5.98 secs
Thu Aug 20 19:55:14 2026: Image # 24, module MeasureGranularity # 10: CPU_time = 28.88 secs, Wall_time = 28.85 secs
Thu Aug 20 19:55:43 2026: Image # 24, module MeasureObjectIntensityDistribution # 11: CPU_time = 6.01 secs, Wall_time = 6.01 secs
Thu Aug 20 19:55:49 2026: Image # 24, module MeasureObjectIntensityDistribution # 12: CPU_time = 5.23 secs, Wall_time = 5.23 secs
Thu Aug 20 19:55:54 2026: Image # 24, module RescaleIntensity # 13: CPU_time = 0.04 secs, Wall_time = 0.03 secs
Thu Aug 20 19:55:54 2026: Image # 24, module RescaleIntensity # 14: CPU_time = 0.03 secs, Wall_time = 0.03 secs
Thu Aug 20 19:55:54 2026: Image # 24, module MeasureTexture # 15: CPU_time = 4.57 secs, Wall_time = 4.56 secs
Thu Aug 20 19:55:59 2026: Image # 24, module MeasureColocalization # 16: CPU_time = 443.89 secs, Wall_time = 115.79 secs
Thu Aug 20 19:57:55 2026: Image # 24, module ExportToSpreadsheet # 17: CPU_time = 0.00 secs, Wall_time = 0.00 secs
Thu Aug 20 19:57:55 2026: Image # 25, module Images # 1: CPU_time = 0.00 secs, Wall_time = 0.00 secs
Thu Aug 20 19:57:55 2026: Image # 25, module Metadata # 2: CPU_time = 0.00 secs, Wall_time = 0.00 secs
Thu Aug 20 19:57:55 2026: Image # 25, module NamesAndTypes # 3: CPU_time = 4.14 secs, Wall_time = 3.36 secs
Thu Aug 20 19:57:58 2026: Image # 25, module Groups # 4: CPU_time = 0.00 secs, Wall_time = 0.00 secs
Thu Aug 20 19:57:58 2026: Image # 25, module MaskImage # 5: CPU_time = 0.08 secs, Wall_time = 0.08 secs
Thu Aug 20 19:57:58 2026: Image # 25, module MaskImage # 6: CPU_time = 0.09 secs, Wall_time = 0.08 secs
Thu Aug 20 19:57:58 2026: Image # 25, module MaskImage # 7: CPU_time = 0.17 secs, Wall_time = 0.09 secs
Thu Aug 20 19:57:58 2026: Image # 25, module MaskObjects # 8: CPU_time = 0.68 secs, Wall_time = 0.47 secs
Thu Aug 20 19:57:59 2026: Image # 25, module MeasureObjectIntensity # 9: CPU_time = 6.02 secs, Wall_time = 6.01 secs
Thu Aug 20 19:58:05 2026: Image # 25, module MeasureGranularity # 10: CPU_time = 29.53 secs, Wall_time = 29.51 secs
Thu Aug 20 19:58:34 2026: Image # 25, module MeasureObjectIntensityDistribution # 11: CPU_time = 7.10 secs, Wall_time = 7.08 secs
Thu Aug 20 19:58:41 2026: Image # 25, module MeasureObjectIntensityDistribution # 12: CPU_time = 6.15 secs, Wall_time = 6.15 secs
Thu Aug 20 19:58:48 2026: Image # 25, module RescaleIntensity # 13: CPU_time = 0.04 secs, Wall_time = 0.04 secs
Thu Aug 20 19:58:48 2026: Image # 25, module RescaleIntensity # 14: CPU_time = 0.03 secs, Wall_time = 0.03 secs
Thu Aug 20 19:58:48 2026: Image # 25, module MeasureTexture # 15: CPU_time = 4.56 secs, Wall_time = 4.56 secs
Thu Aug 20 19:58:52 2026: Image # 25, module MeasureColocalization # 16: CPU_time = 379.91 secs, Wall_time = 98.97 secs
Thu Aug 20 20:00:31 2026: Image # 25, module ExportToSpreadsheet # 17: CPU_time = 0.00 secs, Wall_time = 0.00 secs
Thu Aug 20 20:00:31 2026: Image # 26, module Images # 1: CPU_time = 0.00 secs, Wall_time = 0.00 secs
Thu Aug 20 20:00:31 2026: Image # 26, module Metadata # 2: CPU_time = 0.00 secs, Wall_time = 0.00 secs
Thu Aug 20 20:00:31 2026: Image # 26, module NamesAndTypes # 3: CPU_time = 4.02 secs, Wall_time = 3.59 secs
Thu Aug 20 20:00:35 2026: Image # 26, module Groups # 4: CPU_time = 0.00 secs, Wall_time = 0.00 secs
Thu Aug 20 20:00:35 2026: Image # 26, module MaskImage # 5: CPU_time = 0.07 secs, Wall_time = 0.08 secs
Thu Aug 20 20:00:35 2026: Image # 26, module MaskImage # 6: CPU_time = 0.07 secs, Wall_time = 0.08 secs
Thu Aug 20 20:00:35 2026: Image # 26, module MaskImage # 7: CPU_time = 0.18 secs, Wall_time = 0.09 secs
Thu Aug 20 20:00:35 2026: Image # 26, module MaskObjects # 8: CPU_time = 0.69 secs, Wall_time = 0.46 secs
Thu Aug 20 20:00:35 2026: Image # 26, module MeasureObjectIntensity # 9: CPU_time = 6.10 secs, Wall_time = 6.09 secs
Thu Aug 20 20:00:42 2026: Image # 26, module MeasureGranularity # 10: CPU_time = 28.18 secs, Wall_time = 28.16 secs
Thu Aug 20 20:01:10 2026: Image # 26, module MeasureObjectIntensityDistribution # 11: CPU_time = 6.46 secs, Wall_time = 6.46 secs
Thu Aug 20 20:01:16 2026: Image # 26, module MeasureObjectIntensityDistribution # 12: CPU_time = 5.75 secs, Wall_time = 5.74 secs
Thu Aug 20 20:01:22 2026: Image # 26, module RescaleIntensity # 13: CPU_time = 0.03 secs, Wall_time = 0.03 secs
Thu Aug 20 20:01:22 2026: Image # 26, module RescaleIntensity # 14: CPU_time = 0.03 secs, Wall_time = 0.03 secs
Thu Aug 20 20:01:22 2026: Image # 26, module MeasureTexture # 15: CPU_time = 4.74 secs, Wall_time = 4.74 secs
Thu Aug 20 20:01:27 2026: Image # 26, module MeasureColocalization # 16: CPU_time = 379.68 secs, Wall_time = 99.91 secs
Thu Aug 20 20:03:07 2026: Image # 26, module ExportToSpreadsheet # 17: CPU_time = 0.00 secs, Wall_time = 0.00 secs
Thu Aug 20 20:03:07 2026: Image # 27, module Images # 1: CPU_time = 0.00 secs, Wall_time = 0.00 secs
Thu Aug 20 20:03:07 2026: Image # 27, module Metadata # 2: CPU_time = 0.00 secs, Wall_time = 0.00 secs
Thu Aug 20 20:03:07 2026: Image # 27, module NamesAndTypes # 3: CPU_time = 3.97 secs, Wall_time = 3.52 secs
Thu Aug 20 20:03:10 2026: Image # 27, module Groups # 4: CPU_time = 0.00 secs, Wall_time = 0.00 secs
Thu Aug 20 20:03:10 2026: Image # 27, module MaskImage # 5: CPU_time = 0.07 secs, Wall_time = 0.08 secs
Thu Aug 20 20:03:10 2026: Image # 27, module MaskImage # 6: CPU_time = 0.08 secs, Wall_time = 0.08 secs
Thu Aug 20 20:03:10 2026: Image # 27, module MaskImage # 7: CPU_time = 0.21 secs, Wall_time = 0.11 secs
Thu Aug 20 20:03:10 2026: Image # 27, module MaskObjects # 8: CPU_time = 0.66 secs, Wall_time = 0.46 secs
Thu Aug 20 20:03:11 2026: Image # 27, module MeasureObjectIntensity # 9: CPU_time = 5.28 secs, Wall_time = 5.27 secs
Thu Aug 20 20:03:16 2026: Image # 27, module MeasureGranularity # 10: CPU_time = 27.10 secs, Wall_time = 27.08 secs
Thu Aug 20 20:03:43 2026: Image # 27, module MeasureObjectIntensityDistribution # 11: CPU_time = 5.67 secs, Wall_time = 5.67 secs
Thu Aug 20 20:03:49 2026: Image # 27, module MeasureObjectIntensityDistribution # 12: CPU_time = 4.99 secs, Wall_time = 4.98 secs
Thu Aug 20 20:03:54 2026: Image # 27, module RescaleIntensity # 13: CPU_time = 0.03 secs, Wall_time = 0.03 secs
Thu Aug 20 20:03:54 2026: Image # 27, module RescaleIntensity # 14: CPU_time = 0.03 secs, Wall_time = 0.03 secs
Thu Aug 20 20:03:54 2026: Image # 27, module MeasureTexture # 15: CPU_time = 4.32 secs, Wall_time = 4.32 secs
Thu Aug 20 20:03:58 2026: Image # 27, module MeasureColocalization # 16: CPU_time = 330.83 secs, Wall_time = 90.84 secs
Thu Aug 20 20:05:29 2026: Image # 27, module ExportToSpreadsheet # 17: CPU_time = 0.00 secs, Wall_time = 0.02 secs
Thu Aug 20 20:05:29 2026: Image # 28, module Images # 1: CPU_time = 0.00 secs, Wall_time = 0.00 secs
Thu Aug 20 20:05:29 2026: Image # 28, module Metadata # 2: CPU_time = 0.00 secs, Wall_time = 0.00 secs
Thu Aug 20 20:05:29 2026: Image # 28, module NamesAndTypes # 3: CPU_time = 3.98 secs, Wall_time = 3.58 secs
Thu Aug 20 20:05:33 2026: Image # 28, module Groups # 4: CPU_time = 0.00 secs, Wall_time = 0.00 secs
Thu Aug 20 20:05:33 2026: Image # 28, module MaskImage # 5: CPU_time = 0.07 secs, Wall_time = 0.08 secs
Thu Aug 20 20:05:33 2026: Image # 28, module MaskImage # 6: CPU_time = 0.08 secs, Wall_time = 0.08 secs
Thu Aug 20 20:05:33 2026: Image # 28, module MaskImage # 7: CPU_time = 0.17 secs, Wall_time = 0.09 secs
Thu Aug 20 20:05:33 2026: Image # 28, module MaskObjects # 8: CPU_time = 0.67 secs, Wall_time = 0.47 secs
Thu Aug 20 20:05:34 2026: Image # 28, module MeasureObjectIntensity # 9: CPU_time = 6.70 secs, Wall_time = 6.70 secs
Thu Aug 20 20:05:40 2026: Image # 28, module MeasureGranularity # 10: CPU_time = 28.50 secs, Wall_time = 28.48 secs
Thu Aug 20 20:06:09 2026: Image # 28, module MeasureObjectIntensityDistribution # 11: CPU_time = 6.89 secs, Wall_time = 6.89 secs
Thu Aug 20 20:06:16 2026: Image # 28, module MeasureObjectIntensityDistribution # 12: CPU_time = 5.89 secs, Wall_time = 5.89 secs
Thu Aug 20 20:06:22 2026: Image # 28, module RescaleIntensity # 13: CPU_time = 0.03 secs, Wall_time = 0.03 secs
Thu Aug 20 20:06:22 2026: Image # 28, module RescaleIntensity # 14: CPU_time = 0.03 secs, Wall_time = 0.03 secs
Thu Aug 20 20:06:22 2026: Image # 28, module MeasureTexture # 15: CPU_time = 4.92 secs, Wall_time = 4.91 secs
Thu Aug 20 20:06:26 2026: Image # 28, module MeasureColocalization # 16: CPU_time = 433.76 secs, Wall_time = 115.52 secs
Thu Aug 20 20:08:22 2026: Image # 28, module ExportToSpreadsheet # 17: CPU_time = 0.00 secs, Wall_time = 0.00 secs
Thu Aug 20 20:08:22 2026: Image # 29, module Images # 1: CPU_time = 0.00 secs, Wall_time = 0.00 secs
Thu Aug 20 20:08:22 2026: Image # 29, module Metadata # 2: CPU_time = 0.00 secs, Wall_time = 0.00 secs
Thu Aug 20 20:08:22 2026: Image # 29, module NamesAndTypes # 3: CPU_time = 4.01 secs, Wall_time = 3.59 secs
Thu Aug 20 20:08:26 2026: Image # 29, module Groups # 4: CPU_time = 0.00 secs, Wall_time = 0.00 secs
Thu Aug 20 20:08:26 2026: Image # 29, module MaskImage # 5: CPU_time = 0.07 secs, Wall_time = 0.08 secs
Thu Aug 20 20:08:26 2026: Image # 29, module MaskImage # 6: CPU_time = 0.07 secs, Wall_time = 0.08 secs
Thu Aug 20 20:08:26 2026: Image # 29, module MaskImage # 7: CPU_time = 0.17 secs, Wall_time = 0.09 secs
Thu Aug 20 20:08:26 2026: Image # 29, module MaskObjects # 8: CPU_time = 0.67 secs, Wall_time = 0.47 secs
Thu Aug 20 20:08:26 2026: Image # 29, module MeasureObjectIntensity # 9: CPU_time = 6.53 secs, Wall_time = 6.52 secs
Thu Aug 20 20:08:33 2026: Image # 29, module MeasureGranularity # 10: CPU_time = 28.55 secs, Wall_time = 28.52 secs
Thu Aug 20 20:09:01 2026: Image # 29, module MeasureObjectIntensityDistribution # 11: CPU_time = 6.78 secs, Wall_time = 6.78 secs
Thu Aug 20 20:09:08 2026: Image # 29, module MeasureObjectIntensityDistribution # 12: CPU_time = 5.95 secs, Wall_time = 5.95 secs
Thu Aug 20 20:09:14 2026: Image # 29, module RescaleIntensity # 13: CPU_time = 0.03 secs, Wall_time = 0.03 secs
Thu Aug 20 20:09:14 2026: Image # 29, module RescaleIntensity # 14: CPU_time = 0.03 secs, Wall_time = 0.03 secs
Thu Aug 20 20:09:14 2026: Image # 29, module MeasureTexture # 15: CPU_time = 4.68 secs, Wall_time = 4.67 secs
Thu Aug 20 20:09:19 2026: Image # 29, module MeasureColocalization # 16: CPU_time = 379.62 secs, Wall_time = 100.95 secs
Thu Aug 20 20:11:00 2026: Image # 29, module ExportToSpreadsheet # 17: CPU_time = 0.00 secs, Wall_time = 0.00 secs
Thu Aug 20 20:11:00 2026: Image # 30, module Images # 1: CPU_time = 0.00 secs, Wall_time = 0.00 secs
Thu Aug 20 20:11:00 2026: Image # 30, module Metadata # 2: CPU_time = 0.00 secs, Wall_time = 0.00 secs
Thu Aug 20 20:11:00 2026: Image # 30, module NamesAndTypes # 3: CPU_time = 3.95 secs, Wall_time = 3.36 secs
Thu Aug 20 20:11:03 2026: Image # 30, module Groups # 4: CPU_time = 0.00 secs, Wall_time = 0.00 secs
Thu Aug 20 20:11:03 2026: Image # 30, module MaskImage # 5: CPU_time = 0.08 secs, Wall_time = 0.08 secs
Thu Aug 20 20:11:03 2026: Image # 30, module MaskImage # 6: CPU_time = 0.08 secs, Wall_time = 0.08 secs
Thu Aug 20 20:11:03 2026: Image # 30, module MaskImage # 7: CPU_time = 0.18 secs, Wall_time = 0.09 secs
Thu Aug 20 20:11:03 2026: Image # 30, module MaskObjects # 8: CPU_time = 0.71 secs, Wall_time = 0.50 secs
Thu Aug 20 20:11:04 2026: Image # 30, module MeasureObjectIntensity # 9: CPU_time = 9.07 secs, Wall_time = 9.07 secs
Thu Aug 20 20:11:13 2026: Image # 30, module MeasureGranularity # 10: CPU_time = 32.61 secs, Wall_time = 32.58 secs
Thu Aug 20 20:11:46 2026: Image # 30, module MeasureObjectIntensityDistribution # 11: CPU_time = 9.03 secs, Wall_time = 9.02 secs
Thu Aug 20 20:11:55 2026: Image # 30, module MeasureObjectIntensityDistribution # 12: CPU_time = 6.71 secs, Wall_time = 6.70 secs
Thu Aug 20 20:12:01 2026: Image # 30, module RescaleIntensity # 13: CPU_time = 0.03 secs, Wall_time = 0.03 secs
Thu Aug 20 20:12:01 2026: Image # 30, module RescaleIntensity # 14: CPU_time = 0.03 secs, Wall_time = 0.03 secs
Thu Aug 20 20:12:01 2026: Image # 30, module MeasureTexture # 15: CPU_time = 7.03 secs, Wall_time = 7.03 secs
Thu Aug 20 20:12:08 2026: Image # 30, module MeasureColocalization # 16: CPU_time = 709.94 secs, Wall_time = 186.41 secs
Thu Aug 20 20:15:15 2026: Image # 30, module ExportToSpreadsheet # 17: CPU_time = 0.00 secs, Wall_time = 0.00 secs
Thu Aug 20 20:15:15 2026: Image # 31, module Images # 1: CPU_time = 0.00 secs, Wall_time = 0.00 secs
Thu Aug 20 20:15:15 2026: Image # 31, module Metadata # 2: CPU_time = 0.00 secs, Wall_time = 0.00 secs
Thu Aug 20 20:15:15 2026: Image # 31, module NamesAndTypes # 3: CPU_time = 3.97 secs, Wall_time = 3.83 secs
Thu Aug 20 20:15:19 2026: Image # 31, module Groups # 4: CPU_time = 0.00 secs, Wall_time = 0.00 secs
Thu Aug 20 20:15:19 2026: Image # 31, module MaskImage # 5: CPU_time = 0.08 secs, Wall_time = 0.08 secs
Thu Aug 20 20:15:19 2026: Image # 31, module MaskImage # 6: CPU_time = 0.09 secs, Wall_time = 0.08 secs
Thu Aug 20 20:15:19 2026: Image # 31, module MaskImage # 7: CPU_time = 0.17 secs, Wall_time = 0.09 secs
Thu Aug 20 20:15:19 2026: Image # 31, module MaskObjects # 8: CPU_time = 0.69 secs, Wall_time = 0.50 secs
Thu Aug 20 20:15:20 2026: Image # 31, module MeasureObjectIntensity # 9: CPU_time = 8.44 secs, Wall_time = 8.44 secs
Thu Aug 20 20:15:28 2026: Image # 31, module MeasureGranularity # 10: CPU_time = 32.74 secs, Wall_time = 32.71 secs
Thu Aug 20 20:16:01 2026: Image # 31, module MeasureObjectIntensityDistribution # 11: CPU_time = 9.54 secs, Wall_time = 9.53 secs
Thu Aug 20 20:16:10 2026: Image # 31, module MeasureObjectIntensityDistribution # 12: CPU_time = 6.86 secs, Wall_time = 6.86 secs
Thu Aug 20 20:16:17 2026: Image # 31, module RescaleIntensity # 13: CPU_time = 0.03 secs, Wall_time = 0.03 secs
Thu Aug 20 20:16:17 2026: Image # 31, module RescaleIntensity # 14: CPU_time = 0.03 secs, Wall_time = 0.03 secs
Thu Aug 20 20:16:17 2026: Image # 31, module MeasureTexture # 15: CPU_time = 6.95 secs, Wall_time = 6.95 secs
Thu Aug 20 20:16:24 2026: Image # 31, module MeasureColocalization # 16: CPU_time = 860.07 secs, Wall_time = 225.39 secs
Thu Aug 20 20:20:09 2026: Image # 31, module ExportToSpreadsheet # 17: CPU_time = 0.00 secs, Wall_time = 0.02 secs
Thu Aug 20 20:20:10 2026: Image # 32, module Images # 1: CPU_time = 0.00 secs, Wall_time = 0.00 secs
Thu Aug 20 20:20:10 2026: Image # 32, module Metadata # 2: CPU_time = 0.00 secs, Wall_time = 0.00 secs
Thu Aug 20 20:20:10 2026: Image # 32, module NamesAndTypes # 3: CPU_time = 4.00 secs, Wall_time = 3.30 secs
Thu Aug 20 20:20:13 2026: Image # 32, module Groups # 4: CPU_time = 0.00 secs, Wall_time = 0.00 secs
Thu Aug 20 20:20:13 2026: Image # 32, module MaskImage # 5: CPU_time = 0.08 secs, Wall_time = 0.08 secs
Thu Aug 20 20:20:13 2026: Image # 32, module MaskImage # 6: CPU_time = 0.08 secs, Wall_time = 0.08 secs
Thu Aug 20 20:20:13 2026: Image # 32, module MaskImage # 7: CPU_time = 0.21 secs, Wall_time = 0.10 secs
Thu Aug 20 20:20:13 2026: Image # 32, module MaskObjects # 8: CPU_time = 0.71 secs, Wall_time = 0.50 secs
Thu Aug 20 20:20:14 2026: Image # 32, module MeasureObjectIntensity # 9: CPU_time = 9.01 secs, Wall_time = 9.01 secs
Thu Aug 20 20:20:23 2026: Image # 32, module MeasureGranularity # 10: CPU_time = 32.10 secs, Wall_time = 32.07 secs
Thu Aug 20 20:20:55 2026: Image # 32, module MeasureObjectIntensityDistribution # 11: CPU_time = 9.76 secs, Wall_time = 9.74 secs
Thu Aug 20 20:21:04 2026: Image # 32, module MeasureObjectIntensityDistribution # 12: CPU_time = 7.33 secs, Wall_time = 7.32 secs
Thu Aug 20 20:21:12 2026: Image # 32, module RescaleIntensity # 13: CPU_time = 0.03 secs, Wall_time = 0.03 secs
Thu Aug 20 20:21:12 2026: Image # 32, module RescaleIntensity # 14: CPU_time = 0.03 secs, Wall_time = 0.03 secs
Thu Aug 20 20:21:12 2026: Image # 32, module MeasureTexture # 15: CPU_time = 6.86 secs, Wall_time = 6.86 secs
Thu Aug 20 20:21:19 2026: Image # 32, module MeasureColocalization # 16: CPU_time = 689.77 secs, Wall_time = 186.25 secs
Thu Aug 20 20:24:25 2026: Image # 32, module ExportToSpreadsheet # 17: CPU_time = 0.00 secs, Wall_time = 0.05 secs
Thu Aug 20 20:24:25 2026: Image # 33, module Images # 1: CPU_time = 0.00 secs, Wall_time = 0.00 secs
Thu Aug 20 20:24:25 2026: Image # 33, module Metadata # 2: CPU_time = 0.00 secs, Wall_time = 0.00 secs
Thu Aug 20 20:24:25 2026: Image # 33, module NamesAndTypes # 3: CPU_time = 3.92 secs, Wall_time = 4.07 secs
Thu Aug 20 20:24:29 2026: Image # 33, module Groups # 4: CPU_time = 0.00 secs, Wall_time = 0.00 secs
Thu Aug 20 20:24:29 2026: Image # 33, module MaskImage # 5: CPU_time = 0.08 secs, Wall_time = 0.08 secs
Thu Aug 20 20:24:29 2026: Image # 33, module MaskImage # 6: CPU_time = 0.08 secs, Wall_time = 0.08 secs
Thu Aug 20 20:24:29 2026: Image # 33, module MaskImage # 7: CPU_time = 0.20 secs, Wall_time = 0.11 secs
Thu Aug 20 20:24:29 2026: Image # 33, module MaskObjects # 8: CPU_time = 0.75 secs, Wall_time = 0.51 secs
Thu Aug 20 20:24:30 2026: Image # 33, module MeasureObjectIntensity # 9: CPU_time = 8.68 secs, Wall_time = 8.68 secs
Thu Aug 20 20:24:39 2026: Image # 33, module MeasureGranularity # 10: CPU_time = 31.76 secs, Wall_time = 31.74 secs
Thu Aug 20 20:25:10 2026: Image # 33, module MeasureObjectIntensityDistribution # 11: CPU_time = 9.25 secs, Wall_time = 9.24 secs
Thu Aug 20 20:25:20 2026: Image # 33, module MeasureObjectIntensityDistribution # 12: CPU_time = 6.75 secs, Wall_time = 6.74 secs
Thu Aug 20 20:25:26 2026: Image # 33, module RescaleIntensity # 13: CPU_time = 0.03 secs, Wall_time = 0.03 secs
Thu Aug 20 20:25:26 2026: Image # 33, module RescaleIntensity # 14: CPU_time = 0.04 secs, Wall_time = 0.03 secs
Thu Aug 20 20:25:26 2026: Image # 33, module MeasureTexture # 15: CPU_time = 6.64 secs, Wall_time = 6.63 secs
Thu Aug 20 20:25:33 2026: Image # 33, module MeasureColocalization # 16: CPU_time = 461.85 secs, Wall_time = 127.45 secs
Thu Aug 20 20:27:40 2026: Image # 33, module ExportToSpreadsheet # 17: CPU_time = 0.00 secs, Wall_time = 0.00 secs
Thu Aug 20 20:27:40 2026: Image # 34, module Images # 1: CPU_time = 0.00 secs, Wall_time = 0.00 secs
Thu Aug 20 20:27:40 2026: Image # 34, module Metadata # 2: CPU_time = 0.00 secs, Wall_time = 0.00 secs
Thu Aug 20 20:27:40 2026: Image # 34, module NamesAndTypes # 3: CPU_time = 3.82 secs, Wall_time = 3.63 secs
Thu Aug 20 20:27:44 2026: Image # 34, module Groups # 4: CPU_time = 0.00 secs, Wall_time = 0.00 secs
Thu Aug 20 20:27:44 2026: Image # 34, module MaskImage # 5: CPU_time = 0.07 secs, Wall_time = 0.08 secs
Thu Aug 20 20:27:44 2026: Image # 34, module MaskImage # 6: CPU_time = 0.09 secs, Wall_time = 0.08 secs
Thu Aug 20 20:27:44 2026: Image # 34, module MaskImage # 7: CPU_time = 0.16 secs, Wall_time = 0.08 secs
Thu Aug 20 20:27:44 2026: Image # 34, module MaskObjects # 8: CPU_time = 0.76 secs, Wall_time = 0.53 secs
Thu Aug 20 20:27:45 2026: Image # 34, module MeasureObjectIntensity # 9: CPU_time = 9.57 secs, Wall_time = 9.55 secs
Thu Aug 20 20:27:54 2026: Image # 34, module MeasureGranularity # 10: CPU_time = 34.34 secs, Wall_time = 34.32 secs
Thu Aug 20 20:28:29 2026: Image # 34, module MeasureObjectIntensityDistribution # 11: CPU_time = 11.07 secs, Wall_time = 11.06 secs
Thu Aug 20 20:28:40 2026: Image # 34, module MeasureObjectIntensityDistribution # 12: CPU_time = 7.73 secs, Wall_time = 7.72 secs
Thu Aug 20 20:28:48 2026: Image # 34, module RescaleIntensity # 13: CPU_time = 0.03 secs, Wall_time = 0.03 secs
Thu Aug 20 20:28:48 2026: Image # 34, module RescaleIntensity # 14: CPU_time = 0.03 secs, Wall_time = 0.03 secs
Thu Aug 20 20:28:48 2026: Image # 34, module MeasureTexture # 15: CPU_time = 7.78 secs, Wall_time = 7.77 secs
Thu Aug 20 20:28:55 2026: Image # 34, module MeasureColocalization # 16: CPU_time = 947.40 secs, Wall_time = 278.99 secs
Thu Aug 20 20:33:34 2026: Image # 34, module ExportToSpreadsheet # 17: CPU_time = 0.00 secs, Wall_time = 0.00 secs
Thu Aug 20 20:33:34 2026: Image # 35, module Images # 1: CPU_time = 0.00 secs, Wall_time = 0.00 secs
Thu Aug 20 20:33:34 2026: Image # 35, module Metadata # 2: CPU_time = 0.00 secs, Wall_time = 0.00 secs
Thu Aug 20 20:33:34 2026: Image # 35, module NamesAndTypes # 3: CPU_time = 4.01 secs, Wall_time = 5.19 secs
Thu Aug 20 20:33:40 2026: Image # 35, module Groups # 4: CPU_time = 0.00 secs, Wall_time = 0.00 secs
Thu Aug 20 20:33:40 2026: Image # 35, module MaskImage # 5: CPU_time = 0.07 secs, Wall_time = 0.08 secs
Thu Aug 20 20:33:40 2026: Image # 35, module MaskImage # 6: CPU_time = 0.09 secs, Wall_time = 0.09 secs
Thu Aug 20 20:33:40 2026: Image # 35, module MaskImage # 7: CPU_time = 0.16 secs, Wall_time = 0.08 secs
Thu Aug 20 20:33:40 2026: Image # 35, module MaskObjects # 8: CPU_time = 0.71 secs, Wall_time = 0.50 secs
Thu Aug 20 20:33:40 2026: Image # 35, module MeasureObjectIntensity # 9: CPU_time = 8.68 secs, Wall_time = 8.68 secs
Thu Aug 20 20:33:49 2026: Image # 35, module MeasureGranularity # 10: CPU_time = 31.91 secs, Wall_time = 31.88 secs
Thu Aug 20 20:34:21 2026: Image # 35, module MeasureObjectIntensityDistribution # 11: CPU_time = 9.79 secs, Wall_time = 9.77 secs
Thu Aug 20 20:34:31 2026: Image # 35, module MeasureObjectIntensityDistribution # 12: CPU_time = 7.26 secs, Wall_time = 7.26 secs
Thu Aug 20 20:34:38 2026: Image # 35, module RescaleIntensity # 13: CPU_time = 0.03 secs, Wall_time = 0.03 secs
Thu Aug 20 20:34:38 2026: Image # 35, module RescaleIntensity # 14: CPU_time = 0.03 secs, Wall_time = 0.03 secs
Thu Aug 20 20:34:38 2026: Image # 35, module MeasureTexture # 15: CPU_time = 7.04 secs, Wall_time = 7.05 secs
Thu Aug 20 20:34:45 2026: Image # 35, module MeasureColocalization # 16: CPU_time = 700.77 secs, Wall_time = 191.58 secs
Thu Aug 20 20:37:57 2026: Image # 35, module ExportToSpreadsheet # 17: CPU_time = 0.00 secs, Wall_time = 0.00 secs
Thu Aug 20 20:37:57 2026: Image # 36, module Images # 1: CPU_time = 0.00 secs, Wall_time = 0.00 secs
Thu Aug 20 20:37:57 2026: Image # 36, module Metadata # 2: CPU_time = 0.00 secs, Wall_time = 0.00 secs
Thu Aug 20 20:37:57 2026: Image # 36, module NamesAndTypes # 3: CPU_time = 3.96 secs, Wall_time = 4.86 secs
Thu Aug 20 20:38:02 2026: Image # 36, module Groups # 4: CPU_time = 0.00 secs, Wall_time = 0.00 secs
Thu Aug 20 20:38:02 2026: Image # 36, module MaskImage # 5: CPU_time = 0.07 secs, Wall_time = 0.08 secs
Thu Aug 20 20:38:02 2026: Image # 36, module MaskImage # 6: CPU_time = 0.08 secs, Wall_time = 0.08 secs
Thu Aug 20 20:38:02 2026: Image # 36, module MaskImage # 7: CPU_time = 0.18 secs, Wall_time = 0.09 secs
Thu Aug 20 20:38:02 2026: Image # 36, module MaskObjects # 8: CPU_time = 0.69 secs, Wall_time = 0.46 secs
Thu Aug 20 20:38:02 2026: Image # 36, module MeasureObjectIntensity # 9: CPU_time = 5.29 secs, Wall_time = 5.30 secs
Thu Aug 20 20:38:08 2026: Image # 36, module MeasureGranularity # 10: CPU_time = 27.79 secs, Wall_time = 27.77 secs
Thu Aug 20 20:38:35 2026: Image # 36, module MeasureObjectIntensityDistribution # 11: CPU_time = 5.26 secs, Wall_time = 5.26 secs
Thu Aug 20 20:38:41 2026: Image # 36, module MeasureObjectIntensityDistribution # 12: CPU_time = 4.64 secs, Wall_time = 4.63 secs
Thu Aug 20 20:38:45 2026: Image # 36, module RescaleIntensity # 13: CPU_time = 0.04 secs, Wall_time = 0.03 secs
Thu Aug 20 20:38:45 2026: Image # 36, module RescaleIntensity # 14: CPU_time = 0.03 secs, Wall_time = 0.03 secs
Thu Aug 20 20:38:45 2026: Image # 36, module MeasureTexture # 15: CPU_time = 4.32 secs, Wall_time = 4.32 secs
Thu Aug 20 20:38:50 2026: Image # 36, module MeasureColocalization # 16: CPU_time = 194.48 secs, Wall_time = 53.00 secs
Thu Aug 20 20:39:43 2026: Image # 36, module ExportToSpreadsheet # 17: CPU_time = 0.00 secs, Wall_time = 0.00 secs
Thu Aug 20 20:39:43 2026: Image # 37, module Images # 1: CPU_time = 0.00 secs, Wall_time = 0.00 secs
Thu Aug 20 20:39:43 2026: Image # 37, module Metadata # 2: CPU_time = 0.00 secs, Wall_time = 0.00 secs
Thu Aug 20 20:39:43 2026: Image # 37, module NamesAndTypes # 3: CPU_time = 3.97 secs, Wall_time = 5.27 secs
Thu Aug 20 20:39:48 2026: Image # 37, module Groups # 4: CPU_time = 0.00 secs, Wall_time = 0.00 secs
Thu Aug 20 20:39:48 2026: Image # 37, module MaskImage # 5: CPU_time = 0.07 secs, Wall_time = 0.08 secs
Thu Aug 20 20:39:48 2026: Image # 37, module MaskImage # 6: CPU_time = 0.08 secs, Wall_time = 0.08 secs
Thu Aug 20 20:39:48 2026: Image # 37, module MaskImage # 7: CPU_time = 0.15 secs, Wall_time = 0.08 secs
Thu Aug 20 20:39:48 2026: Image # 37, module MaskObjects # 8: CPU_time = 0.69 secs, Wall_time = 0.46 secs
Thu Aug 20 20:39:49 2026: Image # 37, module MeasureObjectIntensity # 9: CPU_time = 5.56 secs, Wall_time = 5.55 secs
Thu Aug 20 20:39:54 2026: Image # 37, module MeasureGranularity # 10: CPU_time = 27.88 secs, Wall_time = 27.87 secs
Thu Aug 20 20:40:22 2026: Image # 37, module MeasureObjectIntensityDistribution # 11: CPU_time = 5.74 secs, Wall_time = 5.74 secs
Thu Aug 20 20:40:28 2026: Image # 37, module MeasureObjectIntensityDistribution # 12: CPU_time = 4.99 secs, Wall_time = 4.98 secs
Thu Aug 20 20:40:33 2026: Image # 37, module RescaleIntensity # 13: CPU_time = 0.03 secs, Wall_time = 0.03 secs
Thu Aug 20 20:40:33 2026: Image # 37, module RescaleIntensity # 14: CPU_time = 0.03 secs, Wall_time = 0.03 secs
Thu Aug 20 20:40:33 2026: Image # 37, module MeasureTexture # 15: CPU_time = 4.50 secs, Wall_time = 4.50 secs
Thu Aug 20 20:40:37 2026: Image # 37, module MeasureColocalization # 16: CPU_time = 308.77 secs, Wall_time = 81.14 secs
Thu Aug 20 20:41:58 2026: Image # 37, module ExportToSpreadsheet # 17: CPU_time = 0.00 secs, Wall_time = 0.00 secs
Thu Aug 20 20:41:58 2026: Image # 38, module Images # 1: CPU_time = 0.00 secs, Wall_time = 0.00 secs
Thu Aug 20 20:41:58 2026: Image # 38, module Metadata # 2: CPU_time = 0.00 secs, Wall_time = 0.00 secs
Thu Aug 20 20:41:58 2026: Image # 38, module NamesAndTypes # 3: CPU_time = 3.86 secs, Wall_time = 5.88 secs
Thu Aug 20 20:42:04 2026: Image # 38, module Groups # 4: CPU_time = 0.00 secs, Wall_time = 0.00 secs
Thu Aug 20 20:42:04 2026: Image # 38, module MaskImage # 5: CPU_time = 0.08 secs, Wall_time = 0.08 secs
Thu Aug 20 20:42:04 2026: Image # 38, module MaskImage # 6: CPU_time = 0.07 secs, Wall_time = 0.08 secs
Thu Aug 20 20:42:05 2026: Image # 38, module MaskImage # 7: CPU_time = 0.15 secs, Wall_time = 0.08 secs
Thu Aug 20 20:42:05 2026: Image # 38, module MaskObjects # 8: CPU_time = 0.66 secs, Wall_time = 0.46 secs
Thu Aug 20 20:42:05 2026: Image # 38, module MeasureObjectIntensity # 9: CPU_time = 4.45 secs, Wall_time = 4.45 secs
Thu Aug 20 20:42:10 2026: Image # 38, module MeasureGranularity # 10: CPU_time = 26.60 secs, Wall_time = 26.58 secs
Thu Aug 20 20:42:36 2026: Image # 38, module MeasureObjectIntensityDistribution # 11: CPU_time = 4.61 secs, Wall_time = 4.61 secs
Thu Aug 20 20:42:41 2026: Image # 38, module MeasureObjectIntensityDistribution # 12: CPU_time = 3.91 secs, Wall_time = 3.91 secs
Thu Aug 20 20:42:45 2026: Image # 38, module RescaleIntensity # 13: CPU_time = 0.03 secs, Wall_time = 0.03 secs
Thu Aug 20 20:42:45 2026: Image # 38, module RescaleIntensity # 14: CPU_time = 0.03 secs, Wall_time = 0.03 secs
Thu Aug 20 20:42:45 2026: Image # 38, module MeasureTexture # 15: CPU_time = 4.22 secs, Wall_time = 4.22 secs
Thu Aug 20 20:42:49 2026: Image # 38, module MeasureColocalization # 16: CPU_time = 316.93 secs, Wall_time = 82.07 secs
Thu Aug 20 20:44:11 2026: Image # 38, module ExportToSpreadsheet # 17: CPU_time = 0.00 secs, Wall_time = 0.00 secs
Thu Aug 20 20:44:11 2026: Image # 39, module Images # 1: CPU_time = 0.00 secs, Wall_time = 0.00 secs
Thu Aug 20 20:44:11 2026: Image # 39, module Metadata # 2: CPU_time = 0.00 secs, Wall_time = 0.00 secs
Thu Aug 20 20:44:11 2026: Image # 39, module NamesAndTypes # 3: CPU_time = 3.91 secs, Wall_time = 5.68 secs
Thu Aug 20 20:44:17 2026: Image # 39, module Groups # 4: CPU_time = 0.00 secs, Wall_time = 0.00 secs
Thu Aug 20 20:44:17 2026: Image # 39, module MaskImage # 5: CPU_time = 0.07 secs, Wall_time = 0.08 secs
Thu Aug 20 20:44:17 2026: Image # 39, module MaskImage # 6: CPU_time = 0.08 secs, Wall_time = 0.09 secs
Thu Aug 20 20:44:17 2026: Image # 39, module MaskImage # 7: CPU_time = 0.16 secs, Wall_time = 0.08 secs
Thu Aug 20 20:44:17 2026: Image # 39, module MaskObjects # 8: CPU_time = 0.67 secs, Wall_time = 0.46 secs
Thu Aug 20 20:44:17 2026: Image # 39, module MeasureObjectIntensity # 9: CPU_time = 4.65 secs, Wall_time = 4.65 secs
Thu Aug 20 20:44:22 2026: Image # 39, module MeasureGranularity # 10: CPU_time = 26.81 secs, Wall_time = 26.79 secs
Thu Aug 20 20:44:49 2026: Image # 39, module MeasureObjectIntensityDistribution # 11: CPU_time = 5.35 secs, Wall_time = 5.35 secs
Thu Aug 20 20:44:54 2026: Image # 39, module MeasureObjectIntensityDistribution # 12: CPU_time = 4.71 secs, Wall_time = 4.71 secs
Thu Aug 20 20:44:59 2026: Image # 39, module RescaleIntensity # 13: CPU_time = 0.03 secs, Wall_time = 0.03 secs
Thu Aug 20 20:44:59 2026: Image # 39, module RescaleIntensity # 14: CPU_time = 0.03 secs, Wall_time = 0.03 secs
Thu Aug 20 20:44:59 2026: Image # 39, module MeasureTexture # 15: CPU_time = 4.28 secs, Wall_time = 4.28 secs
Thu Aug 20 20:45:03 2026: Image # 39, module MeasureColocalization # 16: CPU_time = 265.29 secs, Wall_time = 69.10 secs
Thu Aug 20 20:46:12 2026: Image # 39, module ExportToSpreadsheet # 17: CPU_time = 0.00 secs, Wall_time = 0.00 secs
Thu Aug 20 20:46:12 2026: Image # 40, module Images # 1: CPU_time = 0.00 secs, Wall_time = 0.00 secs
Thu Aug 20 20:46:12 2026: Image # 40, module Metadata # 2: CPU_time = 0.00 secs, Wall_time = 0.00 secs
Thu Aug 20 20:46:12 2026: Image # 40, module NamesAndTypes # 3: CPU_time = 3.87 secs, Wall_time = 4.88 secs
Thu Aug 20 20:46:17 2026: Image # 40, module Groups # 4: CPU_time = 0.00 secs, Wall_time = 0.00 secs
Thu Aug 20 20:46:17 2026: Image # 40, module MaskImage # 5: CPU_time = 0.08 secs, Wall_time = 0.08 secs
Thu Aug 20 20:46:17 2026: Image # 40, module MaskImage # 6: CPU_time = 0.08 secs, Wall_time = 0.09 secs
Thu Aug 20 20:46:17 2026: Image # 40, module MaskImage # 7: CPU_time = 0.16 secs, Wall_time = 0.08 secs
Thu Aug 20 20:46:18 2026: Image # 40, module MaskObjects # 8: CPU_time = 0.66 secs, Wall_time = 0.46 secs
Thu Aug 20 20:46:18 2026: Image # 40, module MeasureObjectIntensity # 9: CPU_time = 4.60 secs, Wall_time = 4.60 secs
Thu Aug 20 20:46:23 2026: Image # 40, module MeasureGranularity # 10: CPU_time = 27.18 secs, Wall_time = 27.16 secs
Thu Aug 20 20:46:50 2026: Image # 40, module MeasureObjectIntensityDistribution # 11: CPU_time = 4.82 secs, Wall_time = 4.82 secs
Thu Aug 20 20:46:55 2026: Image # 40, module MeasureObjectIntensityDistribution # 12: CPU_time = 4.16 secs, Wall_time = 4.16 secs
Thu Aug 20 20:46:59 2026: Image # 40, module RescaleIntensity # 13: CPU_time = 0.03 secs, Wall_time = 0.03 secs
Thu Aug 20 20:46:59 2026: Image # 40, module RescaleIntensity # 14: CPU_time = 0.03 secs, Wall_time = 0.03 secs
Thu Aug 20 20:46:59 2026: Image # 40, module MeasureTexture # 15: CPU_time = 4.30 secs, Wall_time = 4.30 secs
Thu Aug 20 20:47:03 2026: Image # 40, module MeasureColocalization # 16: CPU_time = 250.16 secs, Wall_time = 65.66 secs
Thu Aug 20 20:48:09 2026: Image # 40, module ExportToSpreadsheet # 17: CPU_time = 0.00 secs, Wall_time = 0.00 secs
Thu Aug 20 20:48:09 2026: Image # 41, module Images # 1: CPU_time = 0.00 secs, Wall_time = 0.00 secs
Thu Aug 20 20:48:09 2026: Image # 41, module Metadata # 2: CPU_time = 0.00 secs, Wall_time = 0.00 secs
Thu Aug 20 20:48:09 2026: Image # 41, module NamesAndTypes # 3: CPU_time = 4.02 secs, Wall_time = 5.05 secs
Thu Aug 20 20:48:14 2026: Image # 41, module Groups # 4: CPU_time = 0.00 secs, Wall_time = 0.00 secs
Thu Aug 20 20:48:14 2026: Image # 41, module MaskImage # 5: CPU_time = 0.08 secs, Wall_time = 0.08 secs
Thu Aug 20 20:48:14 2026: Image # 41, module MaskImage # 6: CPU_time = 0.08 secs, Wall_time = 0.09 secs
Thu Aug 20 20:48:14 2026: Image # 41, module MaskImage # 7: CPU_time = 0.17 secs, Wall_time = 0.08 secs
Thu Aug 20 20:48:14 2026: Image # 41, module MaskObjects # 8: CPU_time = 0.68 secs, Wall_time = 0.47 secs
Thu Aug 20 20:48:15 2026: Image # 41, module MeasureObjectIntensity # 9: CPU_time = 5.51 secs, Wall_time = 5.50 secs
Thu Aug 20 20:48:20 2026: Image # 41, module MeasureGranularity # 10: CPU_time = 27.70 secs, Wall_time = 27.68 secs
Thu Aug 20 20:48:48 2026: Image # 41, module MeasureObjectIntensityDistribution # 11: CPU_time = 6.27 secs, Wall_time = 6.27 secs
Thu Aug 20 20:48:54 2026: Image # 41, module MeasureObjectIntensityDistribution # 12: CPU_time = 5.47 secs, Wall_time = 5.46 secs
Thu Aug 20 20:49:00 2026: Image # 41, module RescaleIntensity # 13: CPU_time = 0.03 secs, Wall_time = 0.03 secs
Thu Aug 20 20:49:00 2026: Image # 41, module RescaleIntensity # 14: CPU_time = 0.03 secs, Wall_time = 0.03 secs
Thu Aug 20 20:49:00 2026: Image # 41, module MeasureTexture # 15: CPU_time = 4.53 secs, Wall_time = 4.53 secs
Thu Aug 20 20:49:04 2026: Image # 41, module MeasureColocalization # 16: CPU_time = 472.43 secs, Wall_time = 123.35 secs
Thu Aug 20 20:51:07 2026: Image # 41, module ExportToSpreadsheet # 17: CPU_time = 0.00 secs, Wall_time = 0.00 secs
Thu Aug 20 20:51:07 2026: Image # 42, module Images # 1: CPU_time = 0.00 secs, Wall_time = 0.00 secs
Thu Aug 20 20:51:07 2026: Image # 42, module Metadata # 2: CPU_time = 0.00 secs, Wall_time = 0.00 secs
Thu Aug 20 20:51:07 2026: Image # 42, module NamesAndTypes # 3: CPU_time = 4.00 secs, Wall_time = 4.86 secs
Thu Aug 20 20:51:12 2026: Image # 42, module Groups # 4: CPU_time = 0.00 secs, Wall_time = 0.00 secs
Thu Aug 20 20:51:12 2026: Image # 42, module MaskImage # 5: CPU_time = 0.08 secs, Wall_time = 0.08 secs
Thu Aug 20 20:51:12 2026: Image # 42, module MaskImage # 6: CPU_time = 0.08 secs, Wall_time = 0.08 secs
Thu Aug 20 20:51:12 2026: Image # 42, module MaskImage # 7: CPU_time = 0.17 secs, Wall_time = 0.09 secs
Thu Aug 20 20:51:13 2026: Image # 42, module MaskObjects # 8: CPU_time = 0.77 secs, Wall_time = 0.53 secs
Thu Aug 20 20:51:13 2026: Image # 42, module MeasureObjectIntensity # 9: CPU_time = 8.61 secs, Wall_time = 8.60 secs
Thu Aug 20 20:51:22 2026: Image # 42, module MeasureGranularity # 10: CPU_time = 32.43 secs, Wall_time = 32.40 secs
Thu Aug 20 20:51:54 2026: Image # 42, module MeasureObjectIntensityDistribution # 11: CPU_time = 9.85 secs, Wall_time = 9.84 secs
Thu Aug 20 20:52:04 2026: Image # 42, module MeasureObjectIntensityDistribution # 12: CPU_time = 7.01 secs, Wall_time = 7.00 secs
Thu Aug 20 20:52:11 2026: Image # 42, module RescaleIntensity # 13: CPU_time = 0.04 secs, Wall_time = 0.03 secs
Thu Aug 20 20:52:11 2026: Image # 42, module RescaleIntensity # 14: CPU_time = 0.03 secs, Wall_time = 0.03 secs
Thu Aug 20 20:52:11 2026: Image # 42, module MeasureTexture # 15: CPU_time = 7.29 secs, Wall_time = 7.29 secs
Thu Aug 20 20:52:18 2026: Image # 42, module MeasureColocalization # 16: CPU_time = 944.63 secs, Wall_time = 247.55 secs
Thu Aug 20 20:56:26 2026: Image # 42, module ExportToSpreadsheet # 17: CPU_time = 0.00 secs, Wall_time = 0.00 secs
Thu Aug 20 20:56:26 2026: Image # 43, module Images # 1: CPU_time = 0.00 secs, Wall_time = 0.00 secs
Thu Aug 20 20:56:26 2026: Image # 43, module Metadata # 2: CPU_time = 0.00 secs, Wall_time = 0.00 secs
Thu Aug 20 20:56:26 2026: Image # 43, module NamesAndTypes # 3: CPU_time = 3.92 secs, Wall_time = 5.09 secs
Thu Aug 20 20:56:31 2026: Image # 43, module Groups # 4: CPU_time = 0.00 secs, Wall_time = 0.00 secs
Thu Aug 20 20:56:31 2026: Image # 43, module MaskImage # 5: CPU_time = 0.08 secs, Wall_time = 0.08 secs
Thu Aug 20 20:56:31 2026: Image # 43, module MaskImage # 6: CPU_time = 0.08 secs, Wall_time = 0.08 secs
Thu Aug 20 20:56:31 2026: Image # 43, module MaskImage # 7: CPU_time = 0.16 secs, Wall_time = 0.09 secs
Thu Aug 20 20:56:31 2026: Image # 43, module MaskObjects # 8: CPU_time = 0.73 secs, Wall_time = 0.51 secs
Thu Aug 20 20:56:32 2026: Image # 43, module MeasureObjectIntensity # 9: CPU_time = 8.27 secs, Wall_time = 8.26 secs
Thu Aug 20 20:56:40 2026: Image # 43, module MeasureGranularity # 10: CPU_time = 33.48 secs, Wall_time = 33.44 secs
Thu Aug 20 20:57:14 2026: Image # 43, module MeasureObjectIntensityDistribution # 11: CPU_time = 9.94 secs, Wall_time = 9.93 secs
Thu Aug 20 20:57:23 2026: Image # 43, module MeasureObjectIntensityDistribution # 12: CPU_time = 6.81 secs, Wall_time = 6.80 secs
Thu Aug 20 20:57:30 2026: Image # 43, module RescaleIntensity # 13: CPU_time = 0.03 secs, Wall_time = 0.03 secs
Thu Aug 20 20:57:30 2026: Image # 43, module RescaleIntensity # 14: CPU_time = 0.03 secs, Wall_time = 0.03 secs
Thu Aug 20 20:57:30 2026: Image # 43, module MeasureTexture # 15: CPU_time = 6.88 secs, Wall_time = 6.87 secs
Thu Aug 20 20:57:37 2026: Image # 43, module MeasureColocalization # 16: CPU_time = 793.13 secs, Wall_time = 208.52 secs
Thu Aug 20 21:01:06 2026: Image # 43, module ExportToSpreadsheet # 17: CPU_time = 0.00 secs, Wall_time = 0.00 secs
Thu Aug 20 21:01:06 2026: Image # 44, module Images # 1: CPU_time = 0.00 secs, Wall_time = 0.00 secs
Thu Aug 20 21:01:06 2026: Image # 44, module Metadata # 2: CPU_time = 0.00 secs, Wall_time = 0.00 secs
Thu Aug 20 21:01:06 2026: Image # 44, module NamesAndTypes # 3: CPU_time = 4.06 secs, Wall_time = 5.33 secs
Thu Aug 20 21:01:11 2026: Image # 44, module Groups # 4: CPU_time = 0.00 secs, Wall_time = 0.00 secs
Thu Aug 20 21:01:11 2026: Image # 44, module MaskImage # 5: CPU_time = 0.08 secs, Wall_time = 0.08 secs
Thu Aug 20 21:01:11 2026: Image # 44, module MaskImage # 6: CPU_time = 0.09 secs, Wall_time = 0.08 secs
Thu Aug 20 21:01:11 2026: Image # 44, module MaskImage # 7: CPU_time = 0.18 secs, Wall_time = 0.09 secs
Thu Aug 20 21:01:11 2026: Image # 44, module MaskObjects # 8: CPU_time = 0.77 secs, Wall_time = 0.52 secs
Thu Aug 20 21:01:12 2026: Image # 44, module MeasureObjectIntensity # 9: CPU_time = 8.35 secs, Wall_time = 8.34 secs
Thu Aug 20 21:01:20 2026: Image # 44, module MeasureGranularity # 10: CPU_time = 32.33 secs, Wall_time = 32.29 secs
Thu Aug 20 21:01:52 2026: Image # 44, module MeasureObjectIntensityDistribution # 11: CPU_time = 9.39 secs, Wall_time = 9.39 secs
Thu Aug 20 21:02:02 2026: Image # 44, module MeasureObjectIntensityDistribution # 12: CPU_time = 6.85 secs, Wall_time = 6.84 secs
Thu Aug 20 21:02:09 2026: Image # 44, module RescaleIntensity # 13: CPU_time = 0.04 secs, Wall_time = 0.03 secs
Thu Aug 20 21:02:09 2026: Image # 44, module RescaleIntensity # 14: CPU_time = 0.03 secs, Wall_time = 0.03 secs
Thu Aug 20 21:02:09 2026: Image # 44, module MeasureTexture # 15: CPU_time = 7.04 secs, Wall_time = 7.03 secs
Thu Aug 20 21:02:16 2026: Image # 44, module MeasureColocalization # 16: CPU_time = 778.71 secs, Wall_time = 205.04 secs
Thu Aug 20 21:05:41 2026: Image # 44, module ExportToSpreadsheet # 17: CPU_time = 0.00 secs, Wall_time = 0.02 secs
Thu Aug 20 21:05:41 2026: Image # 45, module Images # 1: CPU_time = 0.00 secs, Wall_time = 0.00 secs
Thu Aug 20 21:05:41 2026: Image # 45, module Metadata # 2: CPU_time = 0.00 secs, Wall_time = 0.00 secs
Thu Aug 20 21:05:41 2026: Image # 45, module NamesAndTypes # 3: CPU_time = 4.10 secs, Wall_time = 6.78 secs
Thu Aug 20 21:05:48 2026: Image # 45, module Groups # 4: CPU_time = 0.00 secs, Wall_time = 0.00 secs
Thu Aug 20 21:05:48 2026: Image # 45, module MaskImage # 5: CPU_time = 0.08 secs, Wall_time = 0.08 secs
Thu Aug 20 21:05:48 2026: Image # 45, module MaskImage # 6: CPU_time = 0.10 secs, Wall_time = 0.09 secs
Thu Aug 20 21:05:48 2026: Image # 45, module MaskImage # 7: CPU_time = 0.17 secs, Wall_time = 0.09 secs
Thu Aug 20 21:05:48 2026: Image # 45, module MaskObjects # 8: CPU_time = 0.71 secs, Wall_time = 0.52 secs
Thu Aug 20 21:05:48 2026: Image # 45, module MeasureObjectIntensity # 9: CPU_time = 9.23 secs, Wall_time = 9.22 secs
Thu Aug 20 21:05:58 2026: Image # 45, module MeasureGranularity # 10: CPU_time = 34.62 secs, Wall_time = 34.58 secs
Thu Aug 20 21:06:32 2026: Image # 45, module MeasureObjectIntensityDistribution # 11: CPU_time = 10.31 secs, Wall_time = 10.29 secs
Thu Aug 20 21:06:43 2026: Image # 45, module MeasureObjectIntensityDistribution # 12: CPU_time = 7.02 secs, Wall_time = 7.02 secs
Thu Aug 20 21:06:50 2026: Image # 45, module RescaleIntensity # 13: CPU_time = 0.03 secs, Wall_time = 0.03 secs
Thu Aug 20 21:06:50 2026: Image # 45, module RescaleIntensity # 14: CPU_time = 0.04 secs, Wall_time = 0.03 secs
Thu Aug 20 21:06:50 2026: Image # 45, module MeasureTexture # 15: CPU_time = 6.99 secs, Wall_time = 6.97 secs
Thu Aug 20 21:06:57 2026: Image # 45, module MeasureColocalization # 16: CPU_time = 855.18 secs, Wall_time = 230.34 secs
Thu Aug 20 21:10:47 2026: Image # 45, module ExportToSpreadsheet # 17: CPU_time = 0.00 secs, Wall_time = 0.00 secs
Thu Aug 20 21:10:47 2026: Image # 46, module Images # 1: CPU_time = 0.00 secs, Wall_time = 0.00 secs
Thu Aug 20 21:10:47 2026: Image # 46, module Metadata # 2: CPU_time = 0.00 secs, Wall_time = 0.00 secs
Thu Aug 20 21:10:47 2026: Image # 46, module NamesAndTypes # 3: CPU_time = 3.82 secs, Wall_time = 5.85 secs
Thu Aug 20 21:10:53 2026: Image # 46, module Groups # 4: CPU_time = 0.00 secs, Wall_time = 0.00 secs
Thu Aug 20 21:10:53 2026: Image # 46, module MaskImage # 5: CPU_time = 0.08 secs, Wall_time = 0.08 secs
Thu Aug 20 21:10:53 2026: Image # 46, module MaskImage # 6: CPU_time = 0.08 secs, Wall_time = 0.08 secs
Thu Aug 20 21:10:53 2026: Image # 46, module MaskImage # 7: CPU_time = 0.16 secs, Wall_time = 0.08 secs
Thu Aug 20 21:10:53 2026: Image # 46, module MaskObjects # 8: CPU_time = 0.70 secs, Wall_time = 0.49 secs
Thu Aug 20 21:10:54 2026: Image # 46, module MeasureObjectIntensity # 9: CPU_time = 6.17 secs, Wall_time = 6.16 secs
Thu Aug 20 21:11:00 2026: Image # 46, module MeasureGranularity # 10: CPU_time = 29.32 secs, Wall_time = 29.30 secs
Thu Aug 20 21:11:29 2026: Image # 46, module MeasureObjectIntensityDistribution # 11: CPU_time = 7.66 secs, Wall_time = 7.66 secs
Thu Aug 20 21:11:37 2026: Image # 46, module MeasureObjectIntensityDistribution # 12: CPU_time = 5.47 secs, Wall_time = 5.48 secs
Thu Aug 20 21:11:42 2026: Image # 46, module RescaleIntensity # 13: CPU_time = 0.04 secs, Wall_time = 0.03 secs
Thu Aug 20 21:11:42 2026: Image # 46, module RescaleIntensity # 14: CPU_time = 0.04 secs, Wall_time = 0.04 secs
Thu Aug 20 21:11:42 2026: Image # 46, module MeasureTexture # 15: CPU_time = 5.94 secs, Wall_time = 5.93 secs
Thu Aug 20 21:11:48 2026: Image # 46, module MeasureColocalization # 16: CPU_time = 640.69 secs, Wall_time = 166.77 secs
Thu Aug 20 21:14:35 2026: Image # 46, module ExportToSpreadsheet # 17: CPU_time = 0.00 secs, Wall_time = 0.01 secs
Thu Aug 20 21:14:35 2026: Image # 47, module Images # 1: CPU_time = 0.00 secs, Wall_time = 0.00 secs
Thu Aug 20 21:14:35 2026: Image # 47, module Metadata # 2: CPU_time = 0.00 secs, Wall_time = 0.00 secs
Thu Aug 20 21:14:35 2026: Image # 47, module NamesAndTypes # 3: CPU_time = 3.85 secs, Wall_time = 4.14 secs
Thu Aug 20 21:14:39 2026: Image # 47, module Groups # 4: CPU_time = 0.00 secs, Wall_time = 0.00 secs
Thu Aug 20 21:14:39 2026: Image # 47, module MaskImage # 5: CPU_time = 0.08 secs, Wall_time = 0.09 secs
Thu Aug 20 21:14:39 2026: Image # 47, module MaskImage # 6: CPU_time = 0.07 secs, Wall_time = 0.08 secs
Thu Aug 20 21:14:39 2026: Image # 47, module MaskImage # 7: CPU_time = 0.21 secs, Wall_time = 0.11 secs
Thu Aug 20 21:14:39 2026: Image # 47, module MaskObjects # 8: CPU_time = 0.76 secs, Wall_time = 0.51 secs
Thu Aug 20 21:14:40 2026: Image # 47, module MeasureObjectIntensity # 9: CPU_time = 7.77 secs, Wall_time = 7.77 secs
Thu Aug 20 21:14:48 2026: Image # 47, module MeasureGranularity # 10: CPU_time = 31.46 secs, Wall_time = 31.42 secs
Thu Aug 20 21:15:19 2026: Image # 47, module MeasureObjectIntensityDistribution # 11: CPU_time = 9.20 secs, Wall_time = 9.20 secs
Thu Aug 20 21:15:28 2026: Image # 47, module MeasureObjectIntensityDistribution # 12: CPU_time = 7.07 secs, Wall_time = 7.06 secs
Thu Aug 20 21:15:35 2026: Image # 47, module RescaleIntensity # 13: CPU_time = 0.03 secs, Wall_time = 0.03 secs
Thu Aug 20 21:15:35 2026: Image # 47, module RescaleIntensity # 14: CPU_time = 0.03 secs, Wall_time = 0.03 secs
Thu Aug 20 21:15:36 2026: Image # 47, module MeasureTexture # 15: CPU_time = 6.36 secs, Wall_time = 6.35 secs
Thu Aug 20 21:15:42 2026: Image # 47, module MeasureColocalization # 16: CPU_time = 981.65 secs, Wall_time = 258.36 secs
Thu Aug 20 21:20:00 2026: Image # 47, module ExportToSpreadsheet # 17: CPU_time = 0.00 secs, Wall_time = 0.01 secs
Thu Aug 20 21:20:00 2026: Image # 48, module Images # 1: CPU_time = 0.00 secs, Wall_time = 0.00 secs
Thu Aug 20 21:20:00 2026: Image # 48, module Metadata # 2: CPU_time = 0.00 secs, Wall_time = 0.00 secs
Thu Aug 20 21:20:00 2026: Image # 48, module NamesAndTypes # 3: CPU_time = 4.03 secs, Wall_time = 5.49 secs
Thu Aug 20 21:20:06 2026: Image # 48, module Groups # 4: CPU_time = 0.00 secs, Wall_time = 0.00 secs
Thu Aug 20 21:20:06 2026: Image # 48, module MaskImage # 5: CPU_time = 0.09 secs, Wall_time = 0.09 secs
Thu Aug 20 21:20:06 2026: Image # 48, module MaskImage # 6: CPU_time = 0.08 secs, Wall_time = 0.08 secs
Thu Aug 20 21:20:06 2026: Image # 48, module MaskImage # 7: CPU_time = 0.22 secs, Wall_time = 0.11 secs
Thu Aug 20 21:20:06 2026: Image # 48, module MaskObjects # 8: CPU_time = 0.68 secs, Wall_time = 0.46 secs
Thu Aug 20 21:20:07 2026: Image # 48, module MeasureObjectIntensity # 9: CPU_time = 5.11 secs, Wall_time = 5.11 secs
Thu Aug 20 21:20:12 2026: Image # 48, module MeasureGranularity # 10: CPU_time = 28.06 secs, Wall_time = 28.03 secs
Thu Aug 20 21:20:40 2026: Image # 48, module MeasureObjectIntensityDistribution # 11: CPU_time = 5.38 secs, Wall_time = 5.37 secs
Thu Aug 20 21:20:45 2026: Image # 48, module MeasureObjectIntensityDistribution # 12: CPU_time = 4.63 secs, Wall_time = 4.62 secs
Thu Aug 20 21:20:50 2026: Image # 48, module RescaleIntensity # 13: CPU_time = 0.03 secs, Wall_time = 0.03 secs
Thu Aug 20 21:20:50 2026: Image # 48, module RescaleIntensity # 14: CPU_time = 0.03 secs, Wall_time = 0.03 secs
Thu Aug 20 21:20:50 2026: Image # 48, module MeasureTexture # 15: CPU_time = 4.46 secs, Wall_time = 4.45 secs
Thu Aug 20 21:20:54 2026: Image # 48, module MeasureColocalization # 16: CPU_time = 406.35 secs, Wall_time = 105.64 secs
Thu Aug 20 21:22:40 2026: Image # 48, module ExportToSpreadsheet # 17: CPU_time = 0.00 secs, Wall_time = 0.02 secs
Thu Aug 20 21:22:40 2026: Image # 49, module Images # 1: CPU_time = 0.00 secs, Wall_time = 0.00 secs
Thu Aug 20 21:22:40 2026: Image # 49, module Metadata # 2: CPU_time = 0.00 secs, Wall_time = 0.00 secs
Thu Aug 20 21:22:40 2026: Image # 49, module NamesAndTypes # 3: CPU_time = 4.54 secs, Wall_time = 6.27 secs
Thu Aug 20 21:22:46 2026: Image # 49, module Groups # 4: CPU_time = 0.00 secs, Wall_time = 0.00 secs
Thu Aug 20 21:22:46 2026: Image # 49, module MaskImage # 5: CPU_time = 0.08 secs, Wall_time = 0.08 secs
Thu Aug 20 21:22:46 2026: Image # 49, module MaskImage # 6: CPU_time = 0.08 secs, Wall_time = 0.09 secs
Thu Aug 20 21:22:46 2026: Image # 49, module MaskImage # 7: CPU_time = 0.21 secs, Wall_time = 0.11 secs
Thu Aug 20 21:22:46 2026: Image # 49, module MaskObjects # 8: CPU_time = 0.71 secs, Wall_time = 0.48 secs
Thu Aug 20 21:22:47 2026: Image # 49, module MeasureObjectIntensity # 9: CPU_time = 4.28 secs, Wall_time = 4.26 secs
Thu Aug 20 21:22:51 2026: Image # 49, module MeasureGranularity # 10: CPU_time = 26.56 secs, Wall_time = 26.53 secs
Thu Aug 20 21:23:18 2026: Image # 49, module MeasureObjectIntensityDistribution # 11: CPU_time = 4.25 secs, Wall_time = 4.25 secs
Thu Aug 20 21:23:22 2026: Image # 49, module MeasureObjectIntensityDistribution # 12: CPU_time = 3.69 secs, Wall_time = 3.69 secs
Thu Aug 20 21:23:26 2026: Image # 49, module RescaleIntensity # 13: CPU_time = 0.03 secs, Wall_time = 0.03 secs
Thu Aug 20 21:23:26 2026: Image # 49, module RescaleIntensity # 14: CPU_time = 0.03 secs, Wall_time = 0.03 secs
Thu Aug 20 21:23:26 2026: Image # 49, module MeasureTexture # 15: CPU_time = 3.95 secs, Wall_time = 3.94 secs
Thu Aug 20 21:23:30 2026: Image # 49, module MeasureColocalization # 16: CPU_time = 216.05 secs, Wall_time = 56.24 secs
Thu Aug 20 21:24:26 2026: Image # 49, module ExportToSpreadsheet # 17: CPU_time = 0.01 secs, Wall_time = 0.01 secs
Thu Aug 20 21:24:26 2026: Image # 50, module Images # 1: CPU_time = 0.00 secs, Wall_time = 0.00 secs
Thu Aug 20 21:24:26 2026: Image # 50, module Metadata # 2: CPU_time = 0.00 secs, Wall_time = 0.00 secs
Thu Aug 20 21:24:26 2026: Image # 50, module NamesAndTypes # 3: CPU_time = 3.91 secs, Wall_time = 6.22 secs
Thu Aug 20 21:24:32 2026: Image # 50, module Groups # 4: CPU_time = 0.00 secs, Wall_time = 0.00 secs
Thu Aug 20 21:24:32 2026: Image # 50, module MaskImage # 5: CPU_time = 0.08 secs, Wall_time = 0.08 secs
Thu Aug 20 21:24:32 2026: Image # 50, module MaskImage # 6: CPU_time = 0.09 secs, Wall_time = 0.09 secs
Thu Aug 20 21:24:32 2026: Image # 50, module MaskImage # 7: CPU_time = 0.16 secs, Wall_time = 0.08 secs
Thu Aug 20 21:24:32 2026: Image # 50, module MaskObjects # 8: CPU_time = 0.68 secs, Wall_time = 0.46 secs
Thu Aug 20 21:24:33 2026: Image # 50, module MeasureObjectIntensity # 9: CPU_time = 4.86 secs, Wall_time = 4.86 secs
Thu Aug 20 21:24:38 2026: Image # 50, module MeasureGranularity # 10: CPU_time = 28.43 secs, Wall_time = 28.40 secs
Thu Aug 20 21:25:06 2026: Image # 50, module MeasureObjectIntensityDistribution # 11: CPU_time = 5.23 secs, Wall_time = 5.22 secs
Thu Aug 20 21:25:11 2026: Image # 50, module MeasureObjectIntensityDistribution # 12: CPU_time = 4.40 secs, Wall_time = 4.39 secs
Thu Aug 20 21:25:16 2026: Image # 50, module RescaleIntensity # 13: CPU_time = 0.03 secs, Wall_time = 0.03 secs
Thu Aug 20 21:25:16 2026: Image # 50, module RescaleIntensity # 14: CPU_time = 0.03 secs, Wall_time = 0.03 secs
Thu Aug 20 21:25:16 2026: Image # 50, module MeasureTexture # 15: CPU_time = 4.36 secs, Wall_time = 4.35 secs
Thu Aug 20 21:25:20 2026: Image # 50, module MeasureColocalization # 16: CPU_time = 398.51 secs, Wall_time = 103.14 secs
Thu Aug 20 21:27:03 2026: Image # 50, module ExportToSpreadsheet # 17: CPU_time = 0.00 secs, Wall_time = 0.00 secs
Thu Aug 20 21:27:03 2026: Image # 51, module Images # 1: CPU_time = 0.00 secs, Wall_time = 0.00 secs
Thu Aug 20 21:27:03 2026: Image # 51, module Metadata # 2: CPU_time = 0.00 secs, Wall_time = 0.00 secs
Thu Aug 20 21:27:03 2026: Image # 51, module NamesAndTypes # 3: CPU_time = 3.91 secs, Wall_time = 4.81 secs
Thu Aug 20 21:27:08 2026: Image # 51, module Groups # 4: CPU_time = 0.00 secs, Wall_time = 0.00 secs
Thu Aug 20 21:27:08 2026: Image # 51, module MaskImage # 5: CPU_time = 0.08 secs, Wall_time = 0.08 secs
Thu Aug 20 21:27:08 2026: Image # 51, module MaskImage # 6: CPU_time = 0.08 secs, Wall_time = 0.09 secs
Thu Aug 20 21:27:08 2026: Image # 51, module MaskImage # 7: CPU_time = 0.16 secs, Wall_time = 0.09 secs
Thu Aug 20 21:27:08 2026: Image # 51, module MaskObjects # 8: CPU_time = 0.68 secs, Wall_time = 0.47 secs
Thu Aug 20 21:27:09 2026: Image # 51, module MeasureObjectIntensity # 9: CPU_time = 4.52 secs, Wall_time = 4.52 secs
Thu Aug 20 21:27:13 2026: Image # 51, module MeasureGranularity # 10: CPU_time = 26.99 secs, Wall_time = 26.97 secs
Thu Aug 20 21:27:40 2026: Image # 51, module MeasureObjectIntensityDistribution # 11: CPU_time = 4.99 secs, Wall_time = 4.98 secs
Thu Aug 20 21:27:45 2026: Image # 51, module MeasureObjectIntensityDistribution # 12: CPU_time = 4.02 secs, Wall_time = 4.01 secs
Thu Aug 20 21:27:49 2026: Image # 51, module RescaleIntensity # 13: CPU_time = 0.03 secs, Wall_time = 0.03 secs
Thu Aug 20 21:27:49 2026: Image # 51, module RescaleIntensity # 14: CPU_time = 0.03 secs, Wall_time = 0.03 secs
Thu Aug 20 21:27:49 2026: Image # 51, module MeasureTexture # 15: CPU_time = 4.38 secs, Wall_time = 4.38 secs
Thu Aug 20 21:27:54 2026: Image # 51, module MeasureColocalization # 16: CPU_time = 368.32 secs, Wall_time = 94.65 secs
Thu Aug 20 21:29:29 2026: Image # 51, module ExportToSpreadsheet # 17: CPU_time = 0.00 secs, Wall_time = 0.01 secs
Thu Aug 20 21:29:29 2026: Image # 52, module Images # 1: CPU_time = 0.00 secs, Wall_time = 0.00 secs
Thu Aug 20 21:29:29 2026: Image # 52, module Metadata # 2: CPU_time = 0.00 secs, Wall_time = 0.00 secs
Thu Aug 20 21:29:29 2026: Image # 52, module NamesAndTypes # 3: CPU_time = 3.84 secs, Wall_time = 4.76 secs
Thu Aug 20 21:29:33 2026: Image # 52, module Groups # 4: CPU_time = 0.00 secs, Wall_time = 0.00 secs
Thu Aug 20 21:29:33 2026: Image # 52, module MaskImage # 5: CPU_time = 0.09 secs, Wall_time = 0.09 secs
Thu Aug 20 21:29:33 2026: Image # 52, module MaskImage # 6: CPU_time = 0.08 secs, Wall_time = 0.08 secs
Thu Aug 20 21:29:33 2026: Image # 52, module MaskImage # 7: CPU_time = 0.16 secs, Wall_time = 0.08 secs
Thu Aug 20 21:29:34 2026: Image # 52, module MaskObjects # 8: CPU_time = 0.66 secs, Wall_time = 0.46 secs
Thu Aug 20 21:29:34 2026: Image # 52, module MeasureObjectIntensity # 9: CPU_time = 3.40 secs, Wall_time = 3.39 secs
Thu Aug 20 21:29:37 2026: Image # 52, module MeasureGranularity # 10: CPU_time = 26.27 secs, Wall_time = 26.24 secs
Thu Aug 20 21:30:04 2026: Image # 52, module MeasureObjectIntensityDistribution # 11: CPU_time = 4.01 secs, Wall_time = 4.00 secs
Thu Aug 20 21:30:08 2026: Image # 52, module MeasureObjectIntensityDistribution # 12: CPU_time = 3.48 secs, Wall_time = 3.48 secs
Thu Aug 20 21:30:11 2026: Image # 52, module RescaleIntensity # 13: CPU_time = 0.03 secs, Wall_time = 0.03 secs
Thu Aug 20 21:30:11 2026: Image # 52, module RescaleIntensity # 14: CPU_time = 0.03 secs, Wall_time = 0.03 secs
Thu Aug 20 21:30:11 2026: Image # 52, module MeasureTexture # 15: CPU_time = 3.91 secs, Wall_time = 3.90 secs
Thu Aug 20 21:30:15 2026: Image # 52, module MeasureColocalization # 16: CPU_time = 233.67 secs, Wall_time = 59.88 secs
Thu Aug 20 21:31:15 2026: Image # 52, module ExportToSpreadsheet # 17: CPU_time = 0.00 secs, Wall_time = 0.00 secs
Thu Aug 20 21:31:15 2026: Image # 53, module Images # 1: CPU_time = 0.00 secs, Wall_time = 0.00 secs
Thu Aug 20 21:31:15 2026: Image # 53, module Metadata # 2: CPU_time = 0.00 secs, Wall_time = 0.00 secs
Thu Aug 20 21:31:15 2026: Image # 53, module NamesAndTypes # 3: CPU_time = 3.78 secs, Wall_time = 4.80 secs
Thu Aug 20 21:31:20 2026: Image # 53, module Groups # 4: CPU_time = 0.00 secs, Wall_time = 0.00 secs
Thu Aug 20 21:31:20 2026: Image # 53, module MaskImage # 5: CPU_time = 0.08 secs, Wall_time = 0.08 secs
Thu Aug 20 21:31:20 2026: Image # 53, module MaskImage # 6: CPU_time = 0.09 secs, Wall_time = 0.09 secs
Thu Aug 20 21:31:20 2026: Image # 53, module MaskImage # 7: CPU_time = 0.16 secs, Wall_time = 0.09 secs
Thu Aug 20 21:31:20 2026: Image # 53, module MaskObjects # 8: CPU_time = 0.72 secs, Wall_time = 0.50 secs
Thu Aug 20 21:31:21 2026: Image # 53, module MeasureObjectIntensity # 9: CPU_time = 7.35 secs, Wall_time = 7.33 secs
Thu Aug 20 21:31:28 2026: Image # 53, module MeasureGranularity # 10: CPU_time = 31.08 secs, Wall_time = 31.06 secs
Thu Aug 20 21:31:59 2026: Image # 53, module MeasureObjectIntensityDistribution # 11: CPU_time = 9.19 secs, Wall_time = 9.18 secs
Thu Aug 20 21:32:08 2026: Image # 53, module MeasureObjectIntensityDistribution # 12: CPU_time = 6.02 secs, Wall_time = 6.01 secs
Thu Aug 20 21:32:14 2026: Image # 53, module RescaleIntensity # 13: CPU_time = 0.03 secs, Wall_time = 0.03 secs
Thu Aug 20 21:32:14 2026: Image # 53, module RescaleIntensity # 14: CPU_time = 0.03 secs, Wall_time = 0.03 secs
Thu Aug 20 21:32:14 2026: Image # 53, module MeasureTexture # 15: CPU_time = 7.22 secs, Wall_time = 7.22 secs
Thu Aug 20 21:32:22 2026: Image # 53, module MeasureColocalization # 16: CPU_time = 962.33 secs, Wall_time = 248.30 secs
Thu Aug 20 21:36:30 2026: Image # 53, module ExportToSpreadsheet # 17: CPU_time = 0.00 secs, Wall_time = 0.03 secs
Thu Aug 20 21:36:30 2026: Image # 54, module Images # 1: CPU_time = 0.00 secs, Wall_time = 0.00 secs
Thu Aug 20 21:36:30 2026: Image # 54, module Metadata # 2: CPU_time = 0.00 secs, Wall_time = 0.00 secs
Thu Aug 20 21:36:30 2026: Image # 54, module NamesAndTypes # 3: CPU_time = 3.87 secs, Wall_time = 3.62 secs
Thu Aug 20 21:36:33 2026: Image # 54, module Groups # 4: CPU_time = 0.00 secs, Wall_time = 0.00 secs
Thu Aug 20 21:36:33 2026: Image # 54, module MaskImage # 5: CPU_time = 0.07 secs, Wall_time = 0.08 secs
Thu Aug 20 21:36:34 2026: Image # 54, module MaskImage # 6: CPU_time = 0.09 secs, Wall_time = 0.09 secs
Thu Aug 20 21:36:34 2026: Image # 54, module MaskImage # 7: CPU_time = 0.16 secs, Wall_time = 0.08 secs
Thu Aug 20 21:36:34 2026: Image # 54, module MaskObjects # 8: CPU_time = 0.70 secs, Wall_time = 0.49 secs
Thu Aug 20 21:36:34 2026: Image # 54, module MeasureObjectIntensity # 9: CPU_time = 6.40 secs, Wall_time = 6.40 secs
Thu Aug 20 21:36:41 2026: Image # 54, module MeasureGranularity # 10: CPU_time = 30.78 secs, Wall_time = 30.74 secs
Thu Aug 20 21:37:11 2026: Image # 54, module MeasureObjectIntensityDistribution # 11: CPU_time = 8.18 secs, Wall_time = 8.17 secs
Thu Aug 20 21:37:20 2026: Image # 54, module MeasureObjectIntensityDistribution # 12: CPU_time = 5.14 secs, Wall_time = 5.14 secs
Thu Aug 20 21:37:25 2026: Image # 54, module RescaleIntensity # 13: CPU_time = 0.03 secs, Wall_time = 0.03 secs
Thu Aug 20 21:37:25 2026: Image # 54, module RescaleIntensity # 14: CPU_time = 0.03 secs, Wall_time = 0.03 secs
Thu Aug 20 21:37:25 2026: Image # 54, module MeasureTexture # 15: CPU_time = 6.46 secs, Wall_time = 6.45 secs
Thu Aug 20 21:37:31 2026: Image # 54, module MeasureColocalization # 16: CPU_time = 742.05 secs, Wall_time = 191.57 secs
Thu Aug 20 21:40:43 2026: Image # 54, module ExportToSpreadsheet # 17: CPU_time = 0.00 secs, Wall_time = 0.00 secs
Thu Aug 20 21:40:43 2026: Image # 55, module Images # 1: CPU_time = 0.00 secs, Wall_time = 0.00 secs
Thu Aug 20 21:40:43 2026: Image # 55, module Metadata # 2: CPU_time = 0.00 secs, Wall_time = 0.00 secs
Thu Aug 20 21:40:43 2026: Image # 55, module NamesAndTypes # 3: CPU_time = 3.90 secs, Wall_time = 4.43 secs
Thu Aug 20 21:40:47 2026: Image # 55, module Groups # 4: CPU_time = 0.00 secs, Wall_time = 0.00 secs
Thu Aug 20 21:40:47 2026: Image # 55, module MaskImage # 5: CPU_time = 0.08 secs, Wall_time = 0.08 secs
Thu Aug 20 21:40:47 2026: Image # 55, module MaskImage # 6: CPU_time = 0.08 secs, Wall_time = 0.08 secs
Thu Aug 20 21:40:47 2026: Image # 55, module MaskImage # 7: CPU_time = 0.17 secs, Wall_time = 0.09 secs
Thu Aug 20 21:40:48 2026: Image # 55, module MaskObjects # 8: CPU_time = 0.73 secs, Wall_time = 0.52 secs
Thu Aug 20 21:40:48 2026: Image # 55, module MeasureObjectIntensity # 9: CPU_time = 7.79 secs, Wall_time = 7.77 secs
Thu Aug 20 21:40:56 2026: Image # 55, module MeasureGranularity # 10: CPU_time = 33.06 secs, Wall_time = 33.03 secs
Thu Aug 20 21:41:29 2026: Image # 55, module MeasureObjectIntensityDistribution # 11: CPU_time = 9.58 secs, Wall_time = 9.57 secs
Thu Aug 20 21:41:38 2026: Image # 55, module MeasureObjectIntensityDistribution # 12: CPU_time = 5.67 secs, Wall_time = 5.66 secs
Thu Aug 20 21:41:44 2026: Image # 55, module RescaleIntensity # 13: CPU_time = 0.03 secs, Wall_time = 0.03 secs
Thu Aug 20 21:41:44 2026: Image # 55, module RescaleIntensity # 14: CPU_time = 0.03 secs, Wall_time = 0.03 secs
Thu Aug 20 21:41:44 2026: Image # 55, module MeasureTexture # 15: CPU_time = 7.55 secs, Wall_time = 7.54 secs
Thu Aug 20 21:41:52 2026: Image # 55, module MeasureColocalization # 16: CPU_time = 1075.14 secs, Wall_time = 280.37 secs
Thu Aug 20 21:46:32 2026: Image # 55, module ExportToSpreadsheet # 17: CPU_time = 0.00 secs, Wall_time = 0.13 secs
Thu Aug 20 21:46:32 2026: Image # 56, module Images # 1: CPU_time = 0.00 secs, Wall_time = 0.00 secs
Thu Aug 20 21:46:32 2026: Image # 56, module Metadata # 2: CPU_time = 0.00 secs, Wall_time = 0.00 secs
Thu Aug 20 21:46:32 2026: Image # 56, module NamesAndTypes # 3: CPU_time = 3.91 secs, Wall_time = 3.78 secs
Thu Aug 20 21:46:36 2026: Image # 56, module Groups # 4: CPU_time = 0.00 secs, Wall_time = 0.00 secs
Thu Aug 20 21:46:36 2026: Image # 56, module MaskImage # 5: CPU_time = 0.08 secs, Wall_time = 0.08 secs
Thu Aug 20 21:46:36 2026: Image # 56, module MaskImage # 6: CPU_time = 0.08 secs, Wall_time = 0.08 secs
Thu Aug 20 21:46:36 2026: Image # 56, module MaskImage # 7: CPU_time = 0.17 secs, Wall_time = 0.09 secs
Thu Aug 20 21:46:36 2026: Image # 56, module MaskObjects # 8: CPU_time = 0.74 secs, Wall_time = 0.51 secs
Thu Aug 20 21:46:37 2026: Image # 56, module MeasureObjectIntensity # 9: CPU_time = 7.46 secs, Wall_time = 7.45 secs
Thu Aug 20 21:46:44 2026: Image # 56, module MeasureGranularity # 10: CPU_time = 32.20 secs, Wall_time = 32.16 secs
Thu Aug 20 21:47:16 2026: Image # 56, module MeasureObjectIntensityDistribution # 11: CPU_time = 8.96 secs, Wall_time = 8.96 secs
Thu Aug 20 21:47:25 2026: Image # 56, module MeasureObjectIntensityDistribution # 12: CPU_time = 5.97 secs, Wall_time = 5.95 secs
Thu Aug 20 21:47:31 2026: Image # 56, module RescaleIntensity # 13: CPU_time = 0.03 secs, Wall_time = 0.03 secs
Thu Aug 20 21:47:31 2026: Image # 56, module RescaleIntensity # 14: CPU_time = 0.04 secs, Wall_time = 0.03 secs
Thu Aug 20 21:47:31 2026: Image # 56, module MeasureTexture # 15: CPU_time = 6.99 secs, Wall_time = 6.99 secs
Thu Aug 20 21:47:38 2026: Image # 56, module MeasureColocalization # 16: CPU_time = 952.85 secs, Wall_time = 246.84 secs
Thu Aug 20 21:51:45 2026: Image # 56, module ExportToSpreadsheet # 17: CPU_time = 0.00 secs, Wall_time = 0.06 secs
Thu Aug 20 21:51:45 2026: Image # 57, module Images # 1: CPU_time = 0.00 secs, Wall_time = 0.00 secs
Thu Aug 20 21:51:45 2026: Image # 57, module Metadata # 2: CPU_time = 0.00 secs, Wall_time = 0.00 secs
Thu Aug 20 21:51:45 2026: Image # 57, module NamesAndTypes # 3: CPU_time = 3.96 secs, Wall_time = 5.16 secs
Thu Aug 20 21:51:50 2026: Image # 57, module Groups # 4: CPU_time = 0.00 secs, Wall_time = 0.00 secs
Thu Aug 20 21:51:50 2026: Image # 57, module MaskImage # 5: CPU_time = 0.08 secs, Wall_time = 0.08 secs
Thu Aug 20 21:51:51 2026: Image # 57, module MaskImage # 6: CPU_time = 0.08 secs, Wall_time = 0.08 secs
Thu Aug 20 21:51:51 2026: Image # 57, module MaskImage # 7: CPU_time = 0.16 secs, Wall_time = 0.08 secs
Thu Aug 20 21:51:51 2026: Image # 57, module MaskObjects # 8: CPU_time = 0.73 secs, Wall_time = 0.51 secs
Thu Aug 20 21:51:51 2026: Image # 57, module MeasureObjectIntensity # 9: CPU_time = 7.12 secs, Wall_time = 7.11 secs
Thu Aug 20 21:51:58 2026: Image # 57, module MeasureGranularity # 10: CPU_time = 31.84 secs, Wall_time = 31.81 secs
Thu Aug 20 21:52:30 2026: Image # 57, module MeasureObjectIntensityDistribution # 11: CPU_time = 9.22 secs, Wall_time = 9.21 secs
Thu Aug 20 21:52:39 2026: Image # 57, module MeasureObjectIntensityDistribution # 12: CPU_time = 6.33 secs, Wall_time = 6.32 secs
Thu Aug 20 21:52:46 2026: Image # 57, module RescaleIntensity # 13: CPU_time = 0.03 secs, Wall_time = 0.03 secs
Thu Aug 20 21:52:46 2026: Image # 57, module RescaleIntensity # 14: CPU_time = 0.04 secs, Wall_time = 0.03 secs
Thu Aug 20 21:52:46 2026: Image # 57, module MeasureTexture # 15: CPU_time = 6.95 secs, Wall_time = 6.95 secs
Thu Aug 20 21:52:53 2026: Image # 57, module MeasureColocalization # 16: CPU_time = 890.00 secs, Wall_time = 230.85 secs
Thu Aug 20 21:56:44 2026: Image # 57, module ExportToSpreadsheet # 17: CPU_time = 0.00 secs, Wall_time = 0.00 secs
Thu Aug 20 21:56:44 2026: Image # 58, module Images # 1: CPU_time = 0.00 secs, Wall_time = 0.00 secs
Thu Aug 20 21:56:44 2026: Image # 58, module Metadata # 2: CPU_time = 0.00 secs, Wall_time = 0.00 secs
Thu Aug 20 21:56:44 2026: Image # 58, module NamesAndTypes # 3: CPU_time = 3.83 secs, Wall_time = 5.11 secs
Thu Aug 20 21:56:49 2026: Image # 58, module Groups # 4: CPU_time = 0.00 secs, Wall_time = 0.00 secs
Thu Aug 20 21:56:49 2026: Image # 58, module MaskImage # 5: CPU_time = 0.08 secs, Wall_time = 0.08 secs
Thu Aug 20 21:56:49 2026: Image # 58, module MaskImage # 6: CPU_time = 0.08 secs, Wall_time = 0.08 secs
Thu Aug 20 21:56:49 2026: Image # 58, module MaskImage # 7: CPU_time = 0.16 secs, Wall_time = 0.08 secs
Thu Aug 20 21:56:49 2026: Image # 58, module MaskObjects # 8: CPU_time = 0.71 secs, Wall_time = 0.49 secs
Thu Aug 20 21:56:49 2026: Image # 58, module MeasureObjectIntensity # 9: CPU_time = 6.08 secs, Wall_time = 6.07 secs
Thu Aug 20 21:56:56 2026: Image # 58, module MeasureGranularity # 10: CPU_time = 29.61 secs, Wall_time = 29.58 secs
Thu Aug 20 21:57:25 2026: Image # 58, module MeasureObjectIntensityDistribution # 11: CPU_time = 7.56 secs, Wall_time = 7.55 secs
Thu Aug 20 21:57:33 2026: Image # 58, module MeasureObjectIntensityDistribution # 12: CPU_time = 5.47 secs, Wall_time = 5.47 secs
Thu Aug 20 21:57:38 2026: Image # 58, module RescaleIntensity # 13: CPU_time = 0.03 secs, Wall_time = 0.03 secs
Thu Aug 20 21:57:38 2026: Image # 58, module RescaleIntensity # 14: CPU_time = 0.03 secs, Wall_time = 0.03 secs
Thu Aug 20 21:57:38 2026: Image # 58, module MeasureTexture # 15: CPU_time = 6.06 secs, Wall_time = 6.06 secs
Thu Aug 20 21:57:44 2026: Image # 58, module MeasureColocalization # 16: CPU_time = 783.35 secs, Wall_time = 204.19 secs
Thu Aug 20 22:01:08 2026: Image # 58, module ExportToSpreadsheet # 17: CPU_time = 0.00 secs, Wall_time = 0.01 secs
Thu Aug 20 22:01:08 2026: Image # 59, module Images # 1: CPU_time = 0.00 secs, Wall_time = 0.00 secs
Thu Aug 20 22:01:08 2026: Image # 59, module Metadata # 2: CPU_time = 0.00 secs, Wall_time = 0.00 secs
Thu Aug 20 22:01:08 2026: Image # 59, module NamesAndTypes # 3: CPU_time = 4.01 secs, Wall_time = 5.89 secs
Thu Aug 20 22:01:14 2026: Image # 59, module Groups # 4: CPU_time = 0.00 secs, Wall_time = 0.00 secs
Thu Aug 20 22:01:14 2026: Image # 59, module MaskImage # 5: CPU_time = 0.08 secs, Wall_time = 0.08 secs
Thu Aug 20 22:01:14 2026: Image # 59, module MaskImage # 6: CPU_time = 0.08 secs, Wall_time = 0.08 secs
Thu Aug 20 22:01:15 2026: Image # 59, module MaskImage # 7: CPU_time = 0.21 secs, Wall_time = 0.11 secs
Thu Aug 20 22:01:15 2026: Image # 59, module MaskObjects # 8: CPU_time = 0.73 secs, Wall_time = 0.47 secs
Thu Aug 20 22:01:15 2026: Image # 59, module MeasureObjectIntensity # 9: CPU_time = 5.74 secs, Wall_time = 5.74 secs
Thu Aug 20 22:01:21 2026: Image # 59, module MeasureGranularity # 10: CPU_time = 28.18 secs, Wall_time = 28.15 secs
Thu Aug 20 22:01:49 2026: Image # 59, module MeasureObjectIntensityDistribution # 11: CPU_time = 6.12 secs, Wall_time = 6.12 secs
Thu Aug 20 22:01:55 2026: Image # 59, module MeasureObjectIntensityDistribution # 12: CPU_time = 5.42 secs, Wall_time = 5.41 secs
Thu Aug 20 22:02:01 2026: Image # 59, module RescaleIntensity # 13: CPU_time = 0.03 secs, Wall_time = 0.03 secs
Thu Aug 20 22:02:01 2026: Image # 59, module RescaleIntensity # 14: CPU_time = 0.03 secs, Wall_time = 0.03 secs
Thu Aug 20 22:02:01 2026: Image # 59, module MeasureTexture # 15: CPU_time = 4.23 secs, Wall_time = 4.22 secs
Thu Aug 20 22:02:05 2026: Image # 59, module MeasureColocalization # 16: CPU_time = 263.17 secs, Wall_time = 70.21 secs
Thu Aug 20 22:03:15 2026: Image # 59, module ExportToSpreadsheet # 17: CPU_time = 0.00 secs, Wall_time = 0.01 secs
Thu Aug 20 22:03:15 2026: Image # 60, module Images # 1: CPU_time = 0.00 secs, Wall_time = 0.00 secs
Thu Aug 20 22:03:15 2026: Image # 60, module Metadata # 2: CPU_time = 0.00 secs, Wall_time = 0.00 secs
Thu Aug 20 22:03:15 2026: Image # 60, module NamesAndTypes # 3: CPU_time = 4.04 secs, Wall_time = 7.43 secs
Thu Aug 20 22:03:22 2026: Image # 60, module Groups # 4: CPU_time = 0.00 secs, Wall_time = 0.00 secs
Thu Aug 20 22:03:22 2026: Image # 60, module MaskImage # 5: CPU_time = 0.08 secs, Wall_time = 0.08 secs
Thu Aug 20 22:03:23 2026: Image # 60, module MaskImage # 6: CPU_time = 0.08 secs, Wall_time = 0.08 secs
Thu Aug 20 22:03:23 2026: Image # 60, module MaskImage # 7: CPU_time = 0.15 secs, Wall_time = 0.08 secs
Thu Aug 20 22:03:23 2026: Image # 60, module MaskObjects # 8: CPU_time = 0.67 secs, Wall_time = 0.46 secs
Thu Aug 20 22:03:23 2026: Image # 60, module MeasureObjectIntensity # 9: CPU_time = 5.65 secs, Wall_time = 5.64 secs
Thu Aug 20 22:03:29 2026: Image # 60, module MeasureGranularity # 10: CPU_time = 28.07 secs, Wall_time = 28.04 secs
Thu Aug 20 22:03:57 2026: Image # 60, module MeasureObjectIntensityDistribution # 11: CPU_time = 6.00 secs, Wall_time = 6.00 secs
Thu Aug 20 22:04:03 2026: Image # 60, module MeasureObjectIntensityDistribution # 12: CPU_time = 5.82 secs, Wall_time = 5.83 secs
Thu Aug 20 22:04:09 2026: Image # 60, module RescaleIntensity # 13: CPU_time = 0.04 secs, Wall_time = 0.03 secs
Thu Aug 20 22:04:09 2026: Image # 60, module RescaleIntensity # 14: CPU_time = 0.03 secs, Wall_time = 0.03 secs
Thu Aug 20 22:04:09 2026: Image # 60, module MeasureTexture # 15: CPU_time = 4.40 secs, Wall_time = 4.40 secs
Thu Aug 20 22:04:13 2026: Image # 60, module MeasureColocalization # 16: CPU_time = 248.49 secs, Wall_time = 67.81 secs
Thu Aug 20 22:05:21 2026: Image # 60, module ExportToSpreadsheet # 17: CPU_time = 0.00 secs, Wall_time = 0.00 secs
Thu Aug 20 22:05:21 2026: Image # 61, module Images # 1: CPU_time = 0.00 secs, Wall_time = 0.00 secs
Thu Aug 20 22:05:21 2026: Image # 61, module Metadata # 2: CPU_time = 0.00 secs, Wall_time = 0.00 secs
Thu Aug 20 22:05:21 2026: Image # 61, module NamesAndTypes # 3: CPU_time = 4.10 secs, Wall_time = 5.96 secs
Thu Aug 20 22:05:27 2026: Image # 61, module Groups # 4: CPU_time = 0.00 secs, Wall_time = 0.00 secs
Thu Aug 20 22:05:27 2026: Image # 61, module MaskImage # 5: CPU_time = 0.08 secs, Wall_time = 0.08 secs
Thu Aug 20 22:05:27 2026: Image # 61, module MaskImage # 6: CPU_time = 0.09 secs, Wall_time = 0.08 secs
Thu Aug 20 22:05:27 2026: Image # 61, module MaskImage # 7: CPU_time = 0.16 secs, Wall_time = 0.09 secs
Thu Aug 20 22:05:27 2026: Image # 61, module MaskObjects # 8: CPU_time = 0.70 secs, Wall_time = 0.47 secs
Thu Aug 20 22:05:28 2026: Image # 61, module MeasureObjectIntensity # 9: CPU_time = 6.31 secs, Wall_time = 6.30 secs
Thu Aug 20 22:05:34 2026: Image # 61, module MeasureGranularity # 10: CPU_time = 26.78 secs, Wall_time = 26.76 secs
Thu Aug 20 22:06:01 2026: Image # 61, module MeasureObjectIntensityDistribution # 11: CPU_time = 5.37 secs, Wall_time = 5.37 secs
Thu Aug 20 22:06:06 2026: Image # 61, module MeasureObjectIntensityDistribution # 12: CPU_time = 4.72 secs, Wall_time = 4.71 secs
Thu Aug 20 22:06:11 2026: Image # 61, module RescaleIntensity # 13: CPU_time = 0.03 secs, Wall_time = 0.03 secs
Thu Aug 20 22:06:11 2026: Image # 61, module RescaleIntensity # 14: CPU_time = 0.03 secs, Wall_time = 0.03 secs
Thu Aug 20 22:06:11 2026: Image # 61, module MeasureTexture # 15: CPU_time = 4.19 secs, Wall_time = 4.20 secs
Thu Aug 20 22:06:15 2026: Image # 61, module MeasureColocalization # 16: CPU_time = 294.91 secs, Wall_time = 78.75 secs
Thu Aug 20 22:07:34 2026: Image # 61, module ExportToSpreadsheet # 17: CPU_time = 0.00 secs, Wall_time = 0.02 secs
Thu Aug 20 22:07:34 2026: Image # 62, module Images # 1: CPU_time = 0.00 secs, Wall_time = 0.00 secs
Thu Aug 20 22:07:34 2026: Image # 62, module Metadata # 2: CPU_time = 0.00 secs, Wall_time = 0.00 secs
Thu Aug 20 22:07:34 2026: Image # 62, module NamesAndTypes # 3: CPU_time = 3.83 secs, Wall_time = 4.34 secs
Thu Aug 20 22:07:38 2026: Image # 62, module Groups # 4: CPU_time = 0.00 secs, Wall_time = 0.00 secs
Thu Aug 20 22:07:38 2026: Image # 62, module MaskImage # 5: CPU_time = 0.08 secs, Wall_time = 0.07 secs
Thu Aug 20 22:07:38 2026: Image # 62, module MaskImage # 6: CPU_time = 0.08 secs, Wall_time = 0.08 secs
Thu Aug 20 22:07:38 2026: Image # 62, module MaskImage # 7: CPU_time = 0.16 secs, Wall_time = 0.08 secs
Thu Aug 20 22:07:39 2026: Image # 62, module MaskObjects # 8: CPU_time = 0.72 secs, Wall_time = 0.49 secs
Thu Aug 20 22:07:39 2026: Image # 62, module MeasureObjectIntensity # 9: CPU_time = 9.98 secs, Wall_time = 9.98 secs
Thu Aug 20 22:07:49 2026: Image # 62, module MeasureGranularity # 10: CPU_time = 29.61 secs, Wall_time = 29.58 secs
Thu Aug 20 22:08:19 2026: Image # 62, module MeasureObjectIntensityDistribution # 11: CPU_time = 9.12 secs, Wall_time = 9.12 secs
Thu Aug 20 22:08:28 2026: Image # 62, module MeasureObjectIntensityDistribution # 12: CPU_time = 7.98 secs, Wall_time = 7.96 secs
Thu Aug 20 22:08:36 2026: Image # 62, module RescaleIntensity # 13: CPU_time = 0.02 secs, Wall_time = 0.03 secs
Thu Aug 20 22:08:36 2026: Image # 62, module RescaleIntensity # 14: CPU_time = 0.03 secs, Wall_time = 0.03 secs
Thu Aug 20 22:08:36 2026: Image # 62, module MeasureTexture # 15: CPU_time = 5.25 secs, Wall_time = 5.25 secs
Thu Aug 20 22:08:41 2026: Image # 62, module MeasureColocalization # 16: CPU_time = 391.98 secs, Wall_time = 108.76 secs
Thu Aug 20 22:10:30 2026: Image # 62, module ExportToSpreadsheet # 17: CPU_time = 0.00 secs, Wall_time = 0.00 secs
Thu Aug 20 22:10:30 2026: Image # 63, module Images # 1: CPU_time = 0.00 secs, Wall_time = 0.00 secs
Thu Aug 20 22:10:30 2026: Image # 63, module Metadata # 2: CPU_time = 0.00 secs, Wall_time = 0.00 secs
Thu Aug 20 22:10:30 2026: Image # 63, module NamesAndTypes # 3: CPU_time = 3.78 secs, Wall_time = 4.26 secs
Thu Aug 20 22:10:34 2026: Image # 63, module Groups # 4: CPU_time = 0.00 secs, Wall_time = 0.00 secs
Thu Aug 20 22:10:34 2026: Image # 63, module MaskImage # 5: CPU_time = 0.08 secs, Wall_time = 0.07 secs
Thu Aug 20 22:10:34 2026: Image # 63, module MaskImage # 6: CPU_time = 0.07 secs, Wall_time = 0.07 secs
Thu Aug 20 22:10:34 2026: Image # 63, module MaskImage # 7: CPU_time = 0.15 secs, Wall_time = 0.08 secs
Thu Aug 20 22:10:34 2026: Image # 63, module MaskObjects # 8: CPU_time = 0.77 secs, Wall_time = 0.52 secs
Thu Aug 20 22:10:35 2026: Image # 63, module MeasureObjectIntensity # 9: CPU_time = 10.10 secs, Wall_time = 10.08 secs
Thu Aug 20 22:10:45 2026: Image # 63, module MeasureGranularity # 10: CPU_time = 30.48 secs, Wall_time = 30.45 secs
Thu Aug 20 22:11:15 2026: Image # 63, module MeasureObjectIntensityDistribution # 11: CPU_time = 9.63 secs, Wall_time = 9.61 secs
Thu Aug 20 22:11:25 2026: Image # 63, module MeasureObjectIntensityDistribution # 12: CPU_time = 8.20 secs, Wall_time = 8.20 secs
Thu Aug 20 22:11:33 2026: Image # 63, module RescaleIntensity # 13: CPU_time = 0.03 secs, Wall_time = 0.03 secs
Thu Aug 20 22:11:33 2026: Image # 63, module RescaleIntensity # 14: CPU_time = 0.02 secs, Wall_time = 0.03 secs
Thu Aug 20 22:11:33 2026: Image # 63, module MeasureTexture # 15: CPU_time = 5.53 secs, Wall_time = 5.53 secs
Thu Aug 20 22:11:39 2026: Image # 63, module MeasureColocalization # 16: CPU_time = 555.95 secs, Wall_time = 156.14 secs
Thu Aug 20 22:14:15 2026: Image # 63, module ExportToSpreadsheet # 17: CPU_time = 0.00 secs, Wall_time = 0.00 secs
Thu Aug 20 22:14:15 2026: Image # 64, module Images # 1: CPU_time = 0.00 secs, Wall_time = 0.00 secs
Thu Aug 20 22:14:15 2026: Image # 64, module Metadata # 2: CPU_time = 0.00 secs, Wall_time = 0.00 secs
Thu Aug 20 22:14:15 2026: Image # 64, module NamesAndTypes # 3: CPU_time = 3.78 secs, Wall_time = 3.64 secs
Thu Aug 20 22:14:19 2026: Image # 64, module Groups # 4: CPU_time = 0.00 secs, Wall_time = 0.00 secs
Thu Aug 20 22:14:19 2026: Image # 64, module MaskImage # 5: CPU_time = 0.07 secs, Wall_time = 0.07 secs
Thu Aug 20 22:14:19 2026: Image # 64, module MaskImage # 6: CPU_time = 0.07 secs, Wall_time = 0.07 secs
Thu Aug 20 22:14:19 2026: Image # 64, module MaskImage # 7: CPU_time = 0.22 secs, Wall_time = 0.11 secs
Thu Aug 20 22:14:19 2026: Image # 64, module MaskObjects # 8: CPU_time = 0.65 secs, Wall_time = 0.44 secs
Thu Aug 20 22:14:19 2026: Image # 64, module MeasureObjectIntensity # 9: CPU_time = 6.61 secs, Wall_time = 6.61 secs
Thu Aug 20 22:14:26 2026: Image # 64, module MeasureGranularity # 10: CPU_time = 27.07 secs, Wall_time = 27.05 secs
Thu Aug 20 22:14:53 2026: Image # 64, module MeasureObjectIntensityDistribution # 11: CPU_time = 6.72 secs, Wall_time = 6.72 secs
Thu Aug 20 22:15:00 2026: Image # 64, module MeasureObjectIntensityDistribution # 12: CPU_time = 5.92 secs, Wall_time = 5.91 secs
Thu Aug 20 22:15:06 2026: Image # 64, module RescaleIntensity # 13: CPU_time = 0.04 secs, Wall_time = 0.03 secs
Thu Aug 20 22:15:06 2026: Image # 64, module RescaleIntensity # 14: CPU_time = 0.02 secs, Wall_time = 0.03 secs
Thu Aug 20 22:15:06 2026: Image # 64, module MeasureTexture # 15: CPU_time = 4.38 secs, Wall_time = 4.38 secs
Thu Aug 20 22:15:10 2026: Image # 64, module MeasureColocalization # 16: CPU_time = 237.47 secs, Wall_time = 66.02 secs
Thu Aug 20 22:16:16 2026: Image # 64, module ExportToSpreadsheet # 17: CPU_time = 0.00 secs, Wall_time = 0.00 secs
Thu Aug 20 22:16:16 2026: Image # 65, module Images # 1: CPU_time = 0.00 secs, Wall_time = 0.00 secs
Thu Aug 20 22:16:16 2026: Image # 65, module Metadata # 2: CPU_time = 0.00 secs, Wall_time = 0.00 secs
Thu Aug 20 22:16:16 2026: Image # 65, module NamesAndTypes # 3: CPU_time = 3.79 secs, Wall_time = 3.41 secs
Thu Aug 20 22:16:19 2026: Image # 65, module Groups # 4: CPU_time = 0.00 secs, Wall_time = 0.00 secs
Thu Aug 20 22:16:19 2026: Image # 65, module MaskImage # 5: CPU_time = 0.08 secs, Wall_time = 0.07 secs
Thu Aug 20 22:16:20 2026: Image # 65, module MaskImage # 6: CPU_time = 0.07 secs, Wall_time = 0.07 secs
Thu Aug 20 22:16:20 2026: Image # 65, module MaskImage # 7: CPU_time = 0.17 secs, Wall_time = 0.09 secs
Thu Aug 20 22:16:20 2026: Image # 65, module MaskObjects # 8: CPU_time = 0.66 secs, Wall_time = 0.46 secs
Thu Aug 20 22:16:20 2026: Image # 65, module MeasureObjectIntensity # 9: CPU_time = 5.92 secs, Wall_time = 5.91 secs
Thu Aug 20 22:16:26 2026: Image # 65, module MeasureGranularity # 10: CPU_time = 27.05 secs, Wall_time = 27.02 secs
Thu Aug 20 22:16:53 2026: Image # 65, module MeasureObjectIntensityDistribution # 11: CPU_time = 7.11 secs, Wall_time = 7.10 secs
Thu Aug 20 22:17:00 2026: Image # 65, module MeasureObjectIntensityDistribution # 12: CPU_time = 5.55 secs, Wall_time = 5.54 secs
Thu Aug 20 22:17:06 2026: Image # 65, module RescaleIntensity # 13: CPU_time = 0.03 secs, Wall_time = 0.03 secs
Thu Aug 20 22:17:06 2026: Image # 65, module RescaleIntensity # 14: CPU_time = 0.03 secs, Wall_time = 0.03 secs
Thu Aug 20 22:17:06 2026: Image # 65, module MeasureTexture # 15: CPU_time = 5.31 secs, Wall_time = 5.31 secs
Thu Aug 20 22:17:11 2026: Image # 65, module MeasureColocalization # 16: CPU_time = 299.47 secs, Wall_time = 77.17 secs
Thu Aug 20 22:18:28 2026: Image # 65, module ExportToSpreadsheet # 17: CPU_time = 0.00 secs, Wall_time = 0.00 secs
Thu Aug 20 22:18:28 2026: Image # 66, module Images # 1: CPU_time = 0.00 secs, Wall_time = 0.00 secs
Thu Aug 20 22:18:28 2026: Image # 66, module Metadata # 2: CPU_time = 0.00 secs, Wall_time = 0.00 secs
Thu Aug 20 22:18:28 2026: Image # 66, module NamesAndTypes # 3: CPU_time = 3.66 secs, Wall_time = 3.45 secs
Thu Aug 20 22:18:32 2026: Image # 66, module Groups # 4: CPU_time = 0.00 secs, Wall_time = 0.00 secs
Thu Aug 20 22:18:32 2026: Image # 66, module MaskImage # 5: CPU_time = 0.07 secs, Wall_time = 0.07 secs
Thu Aug 20 22:18:32 2026: Image # 66, module MaskImage # 6: CPU_time = 0.06 secs, Wall_time = 0.07 secs
Thu Aug 20 22:18:32 2026: Image # 66, module MaskImage # 7: CPU_time = 0.16 secs, Wall_time = 0.09 secs
Thu Aug 20 22:18:32 2026: Image # 66, module MaskObjects # 8: CPU_time = 0.70 secs, Wall_time = 0.49 secs
Thu Aug 20 22:18:33 2026: Image # 66, module MeasureObjectIntensity # 9: CPU_time = 10.83 secs, Wall_time = 10.81 secs
Thu Aug 20 22:18:43 2026: Image # 66, module MeasureGranularity # 10: CPU_time = 33.01 secs, Wall_time = 32.99 secs
Thu Aug 20 22:19:16 2026: Image # 66, module MeasureObjectIntensityDistribution # 11: CPU_time = 11.47 secs, Wall_time = 11.46 secs
Thu Aug 20 22:19:28 2026: Image # 66, module MeasureObjectIntensityDistribution # 12: CPU_time = 8.20 secs, Wall_time = 8.20 secs
Thu Aug 20 22:19:36 2026: Image # 66, module RescaleIntensity # 13: CPU_time = 0.04 secs, Wall_time = 0.03 secs
Thu Aug 20 22:19:36 2026: Image # 66, module RescaleIntensity # 14: CPU_time = 0.03 secs, Wall_time = 0.03 secs
Thu Aug 20 22:19:36 2026: Image # 66, module MeasureTexture # 15: CPU_time = 7.62 secs, Wall_time = 7.62 secs
Thu Aug 20 22:19:44 2026: Image # 66, module MeasureColocalization # 16: CPU_time = 786.55 secs, Wall_time = 248.71 secs
Thu Aug 20 22:23:52 2026: Image # 66, module ExportToSpreadsheet # 17: CPU_time = 0.00 secs, Wall_time = 0.02 secs
Thu Aug 20 22:23:52 2026: Image # 67, module Images # 1: CPU_time = 0.00 secs, Wall_time = 0.00 secs
Thu Aug 20 22:23:52 2026: Image # 67, module Metadata # 2: CPU_time = 0.00 secs, Wall_time = 0.00 secs
Thu Aug 20 22:23:52 2026: Image # 67, module NamesAndTypes # 3: CPU_time = 3.64 secs, Wall_time = 4.45 secs
Thu Aug 20 22:23:57 2026: Image # 67, module Groups # 4: CPU_time = 0.00 secs, Wall_time = 0.00 secs
Thu Aug 20 22:23:57 2026: Image # 67, module MaskImage # 5: CPU_time = 0.08 secs, Wall_time = 0.07 secs
Thu Aug 20 22:23:57 2026: Image # 67, module MaskImage # 6: CPU_time = 0.08 secs, Wall_time = 0.07 secs
Thu Aug 20 22:23:57 2026: Image # 67, module MaskImage # 7: CPU_time = 0.16 secs, Wall_time = 0.09 secs
Thu Aug 20 22:23:57 2026: Image # 67, module MaskObjects # 8: CPU_time = 0.68 secs, Wall_time = 0.49 secs
Thu Aug 20 22:23:58 2026: Image # 67, module MeasureObjectIntensity # 9: CPU_time = 9.66 secs, Wall_time = 9.64 secs
Thu Aug 20 22:24:07 2026: Image # 67, module MeasureGranularity # 10: CPU_time = 32.68 secs, Wall_time = 32.66 secs
Thu Aug 20 22:24:40 2026: Image # 67, module MeasureObjectIntensityDistribution # 11: CPU_time = 10.63 secs, Wall_time = 10.62 secs
Thu Aug 20 22:24:51 2026: Image # 67, module MeasureObjectIntensityDistribution # 12: CPU_time = 7.75 secs, Wall_time = 7.74 secs
Thu Aug 20 22:24:58 2026: Image # 67, module RescaleIntensity # 13: CPU_time = 0.04 secs, Wall_time = 0.03 secs
Thu Aug 20 22:24:58 2026: Image # 67, module RescaleIntensity # 14: CPU_time = 0.02 secs, Wall_time = 0.03 secs
Thu Aug 20 22:24:58 2026: Image # 67, module MeasureTexture # 15: CPU_time = 7.21 secs, Wall_time = 7.20 secs
Thu Aug 20 22:25:06 2026: Image # 67, module MeasureColocalization # 16: CPU_time = 908.13 secs, Wall_time = 266.60 secs
Thu Aug 20 22:29:32 2026: Image # 67, module ExportToSpreadsheet # 17: CPU_time = 0.00 secs, Wall_time = 0.00 secs
Thu Aug 20 22:29:32 2026: Image # 68, module Images # 1: CPU_time = 0.00 secs, Wall_time = 0.00 secs
Thu Aug 20 22:29:32 2026: Image # 68, module Metadata # 2: CPU_time = 0.00 secs, Wall_time = 0.00 secs
Thu Aug 20 22:29:32 2026: Image # 68, module NamesAndTypes # 3: CPU_time = 3.78 secs, Wall_time = 3.64 secs
Thu Aug 20 22:29:36 2026: Image # 68, module Groups # 4: CPU_time = 0.00 secs, Wall_time = 0.00 secs
Thu Aug 20 22:29:36 2026: Image # 68, module MaskImage # 5: CPU_time = 0.08 secs, Wall_time = 0.07 secs
Thu Aug 20 22:29:36 2026: Image # 68, module MaskImage # 6: CPU_time = 0.08 secs, Wall_time = 0.08 secs
Thu Aug 20 22:29:36 2026: Image # 68, module MaskImage # 7: CPU_time = 0.17 secs, Wall_time = 0.09 secs
Thu Aug 20 22:29:36 2026: Image # 68, module MaskObjects # 8: CPU_time = 0.67 secs, Wall_time = 0.48 secs
Thu Aug 20 22:29:37 2026: Image # 68, module MeasureObjectIntensity # 9: CPU_time = 9.15 secs, Wall_time = 9.14 secs
Thu Aug 20 22:29:46 2026: Image # 68, module MeasureGranularity # 10: CPU_time = 31.58 secs, Wall_time = 31.54 secs
Thu Aug 20 22:30:17 2026: Image # 68, module MeasureObjectIntensityDistribution # 11: CPU_time = 9.76 secs, Wall_time = 9.75 secs
Thu Aug 20 22:30:27 2026: Image # 68, module MeasureObjectIntensityDistribution # 12: CPU_time = 7.38 secs, Wall_time = 7.38 secs
Thu Aug 20 22:30:34 2026: Image # 68, module RescaleIntensity # 13: CPU_time = 0.02 secs, Wall_time = 0.03 secs
Thu Aug 20 22:30:34 2026: Image # 68, module RescaleIntensity # 14: CPU_time = 0.03 secs, Wall_time = 0.03 secs
Thu Aug 20 22:30:34 2026: Image # 68, module MeasureTexture # 15: CPU_time = 6.61 secs, Wall_time = 6.61 secs
Thu Aug 20 22:30:41 2026: Image # 68, module MeasureColocalization # 16: CPU_time = 516.83 secs, Wall_time = 148.54 secs
Thu Aug 20 22:33:10 2026: Image # 68, module ExportToSpreadsheet # 17: CPU_time = 0.00 secs, Wall_time = 0.00 secs
Thu Aug 20 22:33:10 2026: Image # 69, module Images # 1: CPU_time = 0.00 secs, Wall_time = 0.00 secs
Thu Aug 20 22:33:10 2026: Image # 69, module Metadata # 2: CPU_time = 0.00 secs, Wall_time = 0.00 secs
Thu Aug 20 22:33:10 2026: Image # 69, module NamesAndTypes # 3: CPU_time = 3.69 secs, Wall_time = 3.50 secs
Thu Aug 20 22:33:13 2026: Image # 69, module Groups # 4: CPU_time = 0.00 secs, Wall_time = 0.00 secs
Thu Aug 20 22:33:13 2026: Image # 69, module MaskImage # 5: CPU_time = 0.08 secs, Wall_time = 0.07 secs
Thu Aug 20 22:33:13 2026: Image # 69, module MaskImage # 6: CPU_time = 0.08 secs, Wall_time = 0.07 secs
Thu Aug 20 22:33:13 2026: Image # 69, module MaskImage # 7: CPU_time = 0.16 secs, Wall_time = 0.09 secs
Thu Aug 20 22:33:13 2026: Image # 69, module MaskObjects # 8: CPU_time = 0.70 secs, Wall_time = 0.48 secs
Thu Aug 20 22:33:14 2026: Image # 69, module MeasureObjectIntensity # 9: CPU_time = 9.70 secs, Wall_time = 9.69 secs
Thu Aug 20 22:33:24 2026: Image # 69, module MeasureGranularity # 10: CPU_time = 32.75 secs, Wall_time = 32.71 secs
Thu Aug 20 22:33:56 2026: Image # 69, module MeasureObjectIntensityDistribution # 11: CPU_time = 11.25 secs, Wall_time = 11.24 secs
Thu Aug 20 22:34:08 2026: Image # 69, module MeasureObjectIntensityDistribution # 12: CPU_time = 8.65 secs, Wall_time = 8.63 secs
Thu Aug 20 22:34:16 2026: Image # 69, module RescaleIntensity # 13: CPU_time = 0.03 secs, Wall_time = 0.03 secs
Thu Aug 20 22:34:16 2026: Image # 69, module RescaleIntensity # 14: CPU_time = 0.04 secs, Wall_time = 0.04 secs
Thu Aug 20 22:34:16 2026: Image # 69, module MeasureTexture # 15: CPU_time = 6.98 secs, Wall_time = 6.97 secs
Thu Aug 20 22:34:23 2026: Image # 69, module MeasureColocalization # 16: CPU_time = 634.99 secs, Wall_time = 190.73 secs
Thu Aug 20 22:37:34 2026: Image # 69, module ExportToSpreadsheet # 17: CPU_time = 0.00 secs, Wall_time = 0.00 secs
Thu Aug 20 22:37:34 2026: Image # 70, module Images # 1: CPU_time = 0.00 secs, Wall_time = 0.00 secs
Thu Aug 20 22:37:34 2026: Image # 70, module Metadata # 2: CPU_time = 0.00 secs, Wall_time = 0.00 secs
Thu Aug 20 22:37:34 2026: Image # 70, module NamesAndTypes # 3: CPU_time = 3.69 secs, Wall_time = 3.56 secs
Thu Aug 20 22:37:37 2026: Image # 70, module Groups # 4: CPU_time = 0.00 secs, Wall_time = 0.00 secs
Thu Aug 20 22:37:37 2026: Image # 70, module MaskImage # 5: CPU_time = 0.07 secs, Wall_time = 0.07 secs
Thu Aug 20 22:37:38 2026: Image # 70, module MaskImage # 6: CPU_time = 0.08 secs, Wall_time = 0.07 secs
Thu Aug 20 22:37:38 2026: Image # 70, module MaskImage # 7: CPU_time = 0.21 secs, Wall_time = 0.11 secs
Thu Aug 20 22:37:38 2026: Image # 70, module MaskObjects # 8: CPU_time = 0.79 secs, Wall_time = 0.55 secs
Thu Aug 20 22:37:38 2026: Image # 70, module MeasureObjectIntensity # 9: CPU_time = 10.60 secs, Wall_time = 10.59 secs
Thu Aug 20 22:37:49 2026: Image # 70, module MeasureGranularity # 10: CPU_time = 35.67 secs, Wall_time = 35.65 secs
Thu Aug 20 22:38:25 2026: Image # 70, module MeasureObjectIntensityDistribution # 11: CPU_time = 12.93 secs, Wall_time = 12.91 secs
Thu Aug 20 22:38:37 2026: Image # 70, module MeasureObjectIntensityDistribution # 12: CPU_time = 9.75 secs, Wall_time = 9.74 secs
Thu Aug 20 22:38:47 2026: Image # 70, module RescaleIntensity # 13: CPU_time = 0.04 secs, Wall_time = 0.04 secs
Thu Aug 20 22:38:47 2026: Image # 70, module RescaleIntensity # 14: CPU_time = 0.03 secs, Wall_time = 0.04 secs
Thu Aug 20 22:38:47 2026: Image # 70, module MeasureTexture # 15: CPU_time = 7.42 secs, Wall_time = 7.42 secs
Thu Aug 20 22:38:55 2026: Image # 70, module MeasureColocalization # 16: CPU_time = 664.07 secs, Wall_time = 201.31 secs
Thu Aug 20 22:42:16 2026: Image # 70, module ExportToSpreadsheet # 17: CPU_time = 0.00 secs, Wall_time = 0.00 secs
